transaction_id,timestamp,customer_id,amount,currency,merchant_category,payment_method,country,device_type,is_international,is_fraud
1,2026-01-01 00:00:00,90,11.04,USD,online_services,pix,BR,mobile,1,1
2,2026-01-01 00:05:00,774,19.27,USD,restaurants,card,CO,mobile,1,0
3,2026-01-01 00:10:00,655,43.47,USD,travel,card,BR,desktop,0,0
4,2026-01-01 00:15:00,439,17.67,USD,transport,card,US,mobile,1,0
5,2026-01-01 00:20:00,434,25.07,USD,utilities,pix,BR,mobile,1,0
6,2026-01-01 00:25:00,859,51.49,USD,restaurants,bank_transfer,BR,tablet,0,0
7,2026-01-01 00:30:00,86,23.36,USD,transport,card,BR,desktop,1,0
8,2026-01-01 00:35:00,698,41.52,USD,restaurants,pix,CO,mobile,1,0
9,2026-01-01 00:40:00,202,162.83,USD,online_services,pix,BR,desktop,0,0
10,2026-01-01 00:45:00,95,27.89,USD,travel,card,BR,desktop,0,0
11,2026-01-01 00:50:00,527,107.7,USD,restaurants,pix,BR,mobile,1,0
12,2026-01-01 00:55:00,976,57.94,USD,utilities,card,BR,mobile,1,0
13,2026-01-01 01:00:00,736,7.64,USD,transport,card,US,mobile,1,0
14,2026-01-01 01:05:00,762,11.0,USD,restaurants,card,AR,mobile,1,1
15,2026-01-01 01:10:00,718,14.39,USD,electronics,card,BR,mobile,1,0
16,2026-01-01 01:15:00,787,14.09,USD,utilities,pix,BR,tablet,0,0
17,2026-01-01 01:20:00,514,30.26,USD,utilities,bank_transfer,BR,mobile,0,0
18,2026-01-01 01:25:00,129,61.23,USD,groceries,card,BR,desktop,1,0
19,2026-01-01 01:30:00,840,116.18,USD,online_services,digital_wallet,BR,mobile,0,0
20,2026-01-01 01:35:00,451,45.07,USD,online_services,card,BR,mobile,1,1
21,2026-01-01 01:40:00,501,21.21,USD,transport,card,BR,mobile,1,0
22,2026-01-01 01:45:00,371,4.13,USD,travel,pix,BR,mobile,0,0
23,2026-01-01 01:50:00,183,35.54,USD,electronics,pix,CO,mobile,1,0
24,2026-01-01 01:55:00,927,33.98,USD,electronics,digital_wallet,BR,mobile,0,0
25,2026-01-01 02:00:00,782,39.76,USD,entertainment,card,CL,desktop,1,0
26,2026-01-01 02:05:00,644,272.12,USD,entertainment,card,CL,mobile,1,0
27,2026-01-01 02:10:00,403,114.5,USD,electronics,pix,US,mobile,1,0
28,2026-01-01 02:15:00,823,72.61,USD,electronics,pix,BR,mobile,1,0
29,2026-01-01 02:20:00,546,12.65,USD,electronics,bank_transfer,MX,tablet,0,0
30,2026-01-01 02:25:00,444,19.83,USD,electronics,bank_transfer,US,mobile,1,0
31,2026-01-01 02:30:00,451,30.12,USD,groceries,card,PT,mobile,1,0
32,2026-01-01 02:35:00,228,15.25,USD,transport,bank_transfer,MX,tablet,1,0
33,2026-01-01 02:40:00,93,54.62,USD,entertainment,pix,BR,tablet,0,0
34,2026-01-01 02:45:00,555,47.32,USD,online_services,pix,US,mobile,1,0
35,2026-01-01 02:50:00,888,11.15,USD,utilities,card,MX,desktop,1,0
36,2026-01-01 02:55:00,64,109.6,USD,utilities,digital_wallet,BR,desktop,0,0
37,2026-01-01 03:00:00,859,36.68,USD,utilities,pix,BR,mobile,0,0
38,2026-01-01 03:05:00,828,5.88,USD,travel,card,US,desktop,1,0
39,2026-01-01 03:10:00,277,31.46,USD,entertainment,card,BR,mobile,0,0
40,2026-01-01 03:15:00,632,43.87,USD,utilities,pix,CO,desktop,1,0
41,2026-01-01 03:20:00,166,87.6,USD,restaurants,digital_wallet,BR,mobile,1,0
42,2026-01-01 03:25:00,759,23.63,USD,restaurants,pix,CO,mobile,1,0
43,2026-01-01 03:30:00,701,75.79,USD,transport,bank_transfer,BR,desktop,0,0
44,2026-01-01 03:35:00,355,39.93,USD,travel,card,CO,mobile,1,0
45,2026-01-01 03:40:00,68,8.89,USD,utilities,card,AR,desktop,1,0
46,2026-01-01 03:45:00,971,8.04,USD,electronics,pix,US,mobile,1,0
47,2026-01-01 03:50:00,446,101.75,USD,online_services,card,BR,mobile,0,0
48,2026-01-01 03:55:00,894,109.51,USD,transport,card,BR,desktop,0,0
49,2026-01-01 04:00:00,678,45.74,USD,electronics,pix,BR,desktop,1,0
50,2026-01-01 04:05:00,779,147.78,USD,online_services,card,BR,mobile,0,0
51,2026-01-01 04:10:00,760,95.26,USD,restaurants,card,PT,desktop,1,0
52,2026-01-01 04:15:00,195,65.6,USD,utilities,card,BR,mobile,0,0
53,2026-01-01 04:20:00,364,13.31,USD,restaurants,card,BR,mobile,1,0
54,2026-01-01 04:25:00,467,187.06,USD,online_services,card,MX,desktop,1,0
55,2026-01-01 04:30:00,498,56.62,USD,transport,card,BR,desktop,1,0
56,2026-01-01 04:35:00,44,22.51,USD,entertainment,digital_wallet,BR,mobile,0,0
57,2026-01-01 04:40:00,547,16.97,USD,entertainment,pix,CL,mobile,0,0
58,2026-01-01 04:45:00,155,42.81,USD,electronics,pix,BR,mobile,1,0
59,2026-01-01 04:50:00,744,6.23,USD,travel,card,MX,mobile,1,0
60,2026-01-01 04:55:00,684,66.66,USD,utilities,card,CL,desktop,1,0
61,2026-01-01 05:00:00,923,12.76,USD,online_services,bank_transfer,BR,mobile,1,0
62,2026-01-01 05:05:00,745,47.97,USD,groceries,pix,AR,mobile,1,0
63,2026-01-01 05:10:00,367,19.66,USD,electronics,bank_transfer,US,mobile,1,0
64,2026-01-01 05:15:00,968,25.42,USD,utilities,card,BR,mobile,0,0
65,2026-01-01 05:20:00,411,15.53,USD,travel,pix,CO,tablet,1,0
66,2026-01-01 05:25:00,326,28.18,USD,groceries,pix,BR,mobile,0,0
67,2026-01-01 05:30:00,906,219.07,USD,restaurants,card,AR,tablet,0,0
68,2026-01-01 05:35:00,371,132.3,USD,utilities,bank_transfer,CO,mobile,1,1
69,2026-01-01 05:40:00,77,47.2,USD,electronics,card,BR,mobile,1,0
70,2026-01-01 05:45:00,470,32.29,USD,entertainment,pix,AR,desktop,1,0
71,2026-01-01 05:50:00,796,77.03,USD,online_services,card,BR,mobile,0,0
72,2026-01-01 05:55:00,190,102.51,USD,groceries,pix,CO,mobile,1,0
73,2026-01-01 06:00:00,463,14.44,USD,electronics,bank_transfer,CL,mobile,1,1
74,2026-01-01 06:05:00,130,30.65,USD,restaurants,card,BR,mobile,0,0
75,2026-01-01 06:10:00,687,5.36,USD,utilities,digital_wallet,BR,desktop,0,0
76,2026-01-01 06:15:00,476,101.81,USD,electronics,card,US,mobile,1,0
77,2026-01-01 06:20:00,331,261.13,USD,online_services,bank_transfer,BR,mobile,1,0
78,2026-01-01 06:25:00,227,35.88,USD,transport,pix,BR,mobile,0,0
79,2026-01-01 06:30:00,565,3.96,USD,restaurants,digital_wallet,BR,mobile,1,0
80,2026-01-01 06:35:00,670,60.88,USD,utilities,pix,AR,mobile,1,0
81,2026-01-01 06:40:00,941,13.41,USD,travel,pix,BR,mobile,1,0
82,2026-01-01 06:45:00,438,17.06,USD,restaurants,card,MX,desktop,0,0
83,2026-01-01 06:50:00,161,61.97,USD,entertainment,bank_transfer,CL,mobile,1,0
84,2026-01-01 06:55:00,833,42.72,USD,electronics,bank_transfer,BR,mobile,1,0
85,2026-01-01 07:00:00,630,20.33,USD,groceries,pix,AR,mobile,0,0
86,2026-01-01 07:05:00,701,17.29,USD,transport,pix,BR,mobile,0,0
87,2026-01-01 07:10:00,98,37.56,USD,utilities,pix,BR,mobile,0,0
88,2026-01-01 07:15:00,313,21.99,USD,restaurants,card,CL,mobile,1,0
89,2026-01-01 07:20:00,768,10.92,USD,transport,card,BR,mobile,0,0
90,2026-01-01 07:25:00,833,23.75,USD,transport,pix,US,mobile,1,0
91,2026-01-01 07:30:00,436,46.51,USD,entertainment,pix,AR,desktop,1,0
92,2026-01-01 07:35:00,805,27.71,USD,utilities,pix,BR,mobile,0,0
93,2026-01-01 07:40:00,842,8.06,USD,utilities,pix,PT,mobile,1,0
94,2026-01-01 07:45:00,388,89.04,USD,entertainment,card,AR,mobile,0,0
95,2026-01-01 07:50:00,899,2.14,USD,groceries,card,BR,desktop,0,0
96,2026-01-01 07:55:00,289,21.19,USD,online_services,card,AR,mobile,1,0
97,2026-01-01 08:00:00,240,17.81,USD,restaurants,card,PT,mobile,1,0
98,2026-01-01 08:05:00,683,38.4,USD,electronics,pix,BR,mobile,0,0
99,2026-01-01 08:10:00,637,58.07,USD,utilities,bank_transfer,BR,mobile,0,0
100,2026-01-01 08:15:00,140,102.18,USD,restaurants,digital_wallet,AR,mobile,0,0
101,2026-01-01 08:20:00,833,16.24,USD,restaurants,card,BR,desktop,1,0
102,2026-01-01 08:25:00,200,59.54,USD,groceries,bank_transfer,BR,mobile,0,0
103,2026-01-01 08:30:00,805,40.28,USD,transport,pix,AR,desktop,1,0
104,2026-01-01 08:35:00,8,5.98,USD,electronics,card,US,desktop,1,0
105,2026-01-01 08:40:00,797,221.53,USD,electronics,pix,CO,desktop,1,0
106,2026-01-01 08:45:00,787,7.86,USD,groceries,digital_wallet,BR,mobile,0,0
107,2026-01-01 08:50:00,781,50.38,USD,restaurants,card,BR,mobile,0,0
108,2026-01-01 08:55:00,665,48.91,USD,groceries,pix,BR,desktop,1,0
109,2026-01-01 09:00:00,472,43.63,USD,restaurants,card,BR,mobile,0,0
110,2026-01-01 09:05:00,706,20.19,USD,travel,card,CL,desktop,1,0
111,2026-01-01 09:10:00,278,75.74,USD,groceries,card,BR,mobile,1,1
112,2026-01-01 09:15:00,781,6.96,USD,restaurants,card,MX,desktop,1,0
113,2026-01-01 09:20:00,556,31.01,USD,travel,pix,AR,mobile,0,0
114,2026-01-01 09:25:00,459,18.84,USD,travel,card,CL,mobile,1,0
115,2026-01-01 09:30:00,506,16.82,USD,online_services,pix,US,mobile,1,0
116,2026-01-01 09:35:00,569,50.84,USD,travel,bank_transfer,CL,mobile,0,0
117,2026-01-01 09:40:00,38,97.27,USD,online_services,bank_transfer,US,mobile,1,0
118,2026-01-01 09:45:00,140,23.49,USD,entertainment,card,MX,mobile,1,0
119,2026-01-01 09:50:00,246,72.29,USD,travel,card,AR,mobile,1,0
120,2026-01-01 09:55:00,115,34.8,USD,electronics,card,BR,desktop,0,0
121,2026-01-01 10:00:00,440,13.56,USD,groceries,card,BR,desktop,0,0
122,2026-01-01 10:05:00,669,25.59,USD,entertainment,card,US,desktop,1,0
123,2026-01-01 10:10:00,655,24.55,USD,online_services,pix,BR,desktop,0,0
124,2026-01-01 10:15:00,472,16.5,USD,transport,pix,US,mobile,1,0
125,2026-01-01 10:20:00,856,50.83,USD,transport,card,BR,desktop,0,0
126,2026-01-01 10:25:00,566,41.87,USD,groceries,card,CO,mobile,1,0
127,2026-01-01 10:30:00,80,6.75,USD,travel,bank_transfer,BR,mobile,0,0
128,2026-01-01 10:35:00,765,6.35,USD,transport,digital_wallet,PT,mobile,1,0
129,2026-01-01 10:40:00,575,50.64,USD,groceries,pix,BR,mobile,1,0
130,2026-01-01 10:45:00,635,14.65,USD,groceries,pix,BR,mobile,1,0
131,2026-01-01 10:50:00,566,44.79,USD,transport,pix,US,mobile,1,0
132,2026-01-01 10:55:00,554,72.31,USD,electronics,card,BR,tablet,1,0
133,2026-01-01 11:00:00,91,9.29,USD,electronics,bank_transfer,BR,mobile,0,0
134,2026-01-01 11:05:00,560,8.07,USD,entertainment,card,US,desktop,1,0
135,2026-01-01 11:10:00,795,176.7,USD,travel,pix,MX,desktop,0,0
136,2026-01-01 11:15:00,304,47.07,USD,utilities,card,BR,desktop,1,0
137,2026-01-01 11:20:00,603,21.77,USD,transport,pix,AR,desktop,1,0
138,2026-01-01 11:25:00,31,13.01,USD,restaurants,bank_transfer,BR,tablet,1,0
139,2026-01-01 11:30:00,348,19.88,USD,travel,pix,BR,mobile,1,0
140,2026-01-01 11:35:00,437,10.07,USD,groceries,card,CL,mobile,1,0
141,2026-01-01 11:40:00,983,80.11,USD,utilities,pix,BR,mobile,0,0
142,2026-01-01 11:45:00,215,15.23,USD,restaurants,pix,AR,mobile,1,0
143,2026-01-01 11:50:00,277,98.84,USD,online_services,pix,BR,mobile,0,0
144,2026-01-01 11:55:00,409,22.18,USD,online_services,pix,US,mobile,1,0
145,2026-01-01 12:00:00,993,11.67,USD,travel,pix,AR,tablet,1,0
146,2026-01-01 12:05:00,854,21.62,USD,transport,pix,BR,mobile,0,0
147,2026-01-01 12:10:00,35,2.4,USD,transport,card,US,desktop,1,0
148,2026-01-01 12:15:00,234,29.35,USD,electronics,pix,MX,mobile,1,0
149,2026-01-01 12:20:00,822,27.94,USD,electronics,card,BR,mobile,1,0
150,2026-01-01 12:25:00,59,75.55,USD,groceries,pix,PT,mobile,1,0
151,2026-01-01 12:30:00,856,5.02,USD,restaurants,card,BR,tablet,0,0
152,2026-01-01 12:35:00,282,105.83,USD,utilities,bank_transfer,BR,mobile,0,0
153,2026-01-01 12:40:00,918,75.23,USD,groceries,card,BR,mobile,1,0
154,2026-01-01 12:45:00,294,115.82,USD,electronics,pix,BR,desktop,0,0
155,2026-01-01 12:50:00,435,31.41,USD,online_services,card,CL,mobile,1,0
156,2026-01-01 12:55:00,662,91.28,USD,groceries,bank_transfer,AR,desktop,1,0
157,2026-01-01 13:00:00,127,7.6,USD,online_services,card,US,mobile,1,0
158,2026-01-01 13:05:00,558,67.56,USD,electronics,pix,BR,mobile,1,0
159,2026-01-01 13:10:00,506,15.32,USD,electronics,card,BR,mobile,1,0
160,2026-01-01 13:15:00,784,6.35,USD,entertainment,bank_transfer,BR,mobile,1,0
161,2026-01-01 13:20:00,997,10.76,USD,utilities,card,BR,desktop,0,0
162,2026-01-01 13:25:00,665,33.3,USD,electronics,pix,US,mobile,1,0
163,2026-01-01 13:30:00,410,14.52,USD,groceries,card,CO,mobile,1,0
164,2026-01-01 13:35:00,407,48.23,USD,online_services,card,MX,mobile,1,0
165,2026-01-01 13:40:00,418,5.43,USD,groceries,card,CO,mobile,1,0
166,2026-01-01 13:45:00,815,3.95,USD,utilities,pix,BR,mobile,0,0
167,2026-01-01 13:50:00,322,130.63,USD,electronics,card,BR,mobile,1,0
168,2026-01-01 13:55:00,167,81.76,USD,travel,digital_wallet,BR,mobile,1,0
169,2026-01-01 14:00:00,335,11.6,USD,utilities,card,MX,mobile,1,0
170,2026-01-01 14:05:00,23,33.02,USD,online_services,pix,BR,mobile,0,0
171,2026-01-01 14:10:00,107,91.79,USD,restaurants,card,BR,mobile,1,0
172,2026-01-01 14:15:00,91,50.36,USD,utilities,card,CL,desktop,1,0
173,2026-01-01 14:20:00,772,38.41,USD,entertainment,bank_transfer,BR,desktop,1,0
174,2026-01-01 14:25:00,723,99.0,USD,transport,bank_transfer,AR,desktop,1,0
175,2026-01-01 14:30:00,697,15.95,USD,electronics,pix,BR,desktop,0,0
176,2026-01-01 14:35:00,462,34.16,USD,utilities,bank_transfer,AR,mobile,1,0
177,2026-01-01 14:40:00,718,32.53,USD,restaurants,card,BR,tablet,1,0
178,2026-01-01 14:45:00,162,25.21,USD,travel,digital_wallet,US,mobile,1,0
179,2026-01-01 14:50:00,901,22.43,USD,entertainment,pix,CO,mobile,1,0
180,2026-01-01 14:55:00,502,35.62,USD,travel,bank_transfer,BR,desktop,0,0
181,2026-01-01 15:00:00,939,34.27,USD,electronics,pix,MX,desktop,1,0
182,2026-01-01 15:05:00,153,11.61,USD,travel,card,MX,mobile,0,0
183,2026-01-01 15:10:00,498,73.83,USD,travel,pix,CL,desktop,1,0
184,2026-01-01 15:15:00,697,12.47,USD,utilities,digital_wallet,US,mobile,1,0
185,2026-01-01 15:20:00,496,26.62,USD,utilities,card,MX,mobile,1,0
186,2026-01-01 15:25:00,447,24.65,USD,online_services,card,BR,desktop,0,0
187,2026-01-01 15:30:00,167,47.38,USD,groceries,pix,BR,mobile,1,0
188,2026-01-01 15:35:00,382,3.98,USD,transport,card,BR,desktop,0,0
189,2026-01-01 15:40:00,239,80.71,USD,online_services,card,AR,desktop,1,0
190,2026-01-01 15:45:00,302,16.83,USD,entertainment,pix,PT,mobile,1,0
191,2026-01-01 15:50:00,684,112.16,USD,electronics,digital_wallet,CL,desktop,1,0
192,2026-01-01 15:55:00,631,20.53,USD,entertainment,pix,BR,mobile,1,0
193,2026-01-01 16:00:00,608,31.54,USD,electronics,digital_wallet,US,desktop,1,0
194,2026-01-01 16:05:00,362,224.48,USD,online_services,card,CO,desktop,1,0
195,2026-01-01 16:10:00,960,25.09,USD,travel,card,BR,mobile,0,0
196,2026-01-01 16:15:00,88,114.3,USD,electronics,card,US,desktop,1,0
197,2026-01-01 16:20:00,343,34.43,USD,travel,card,BR,mobile,1,0
198,2026-01-01 16:25:00,119,50.17,USD,restaurants,pix,AR,mobile,1,0
199,2026-01-01 16:30:00,339,35.52,USD,utilities,card,AR,mobile,1,0
200,2026-01-01 16:35:00,962,77.31,USD,restaurants,card,US,mobile,1,0
201,2026-01-01 16:40:00,367,16.68,USD,groceries,pix,BR,mobile,1,0
202,2026-01-01 16:45:00,909,12.38,USD,groceries,pix,BR,mobile,1,1
203,2026-01-01 16:50:00,496,17.49,USD,groceries,pix,CL,mobile,1,0
204,2026-01-01 16:55:00,700,36.59,USD,groceries,pix,US,desktop,1,0
205,2026-01-01 17:00:00,458,26.55,USD,groceries,digital_wallet,BR,mobile,0,0
206,2026-01-01 17:05:00,266,67.38,USD,transport,pix,BR,desktop,0,0
207,2026-01-01 17:10:00,765,122.09,USD,online_services,digital_wallet,US,mobile,1,0
208,2026-01-01 17:15:00,970,12.48,USD,groceries,digital_wallet,CO,desktop,1,0
209,2026-01-01 17:20:00,264,15.9,USD,entertainment,bank_transfer,BR,desktop,1,0
210,2026-01-01 17:25:00,779,7.88,USD,utilities,card,BR,mobile,0,0
211,2026-01-01 17:30:00,262,252.24,USD,utilities,pix,AR,mobile,1,0
212,2026-01-01 17:35:00,717,44.91,USD,transport,card,CL,tablet,1,0
213,2026-01-01 17:40:00,790,53.51,USD,groceries,card,AR,tablet,1,0
214,2026-01-01 17:45:00,450,8.67,USD,transport,pix,CO,mobile,1,0
215,2026-01-01 17:50:00,737,33.08,USD,travel,card,BR,desktop,1,1
216,2026-01-01 17:55:00,273,55.11,USD,utilities,pix,MX,desktop,1,0
217,2026-01-01 18:00:00,80,25.72,USD,restaurants,bank_transfer,BR,mobile,0,0
218,2026-01-01 18:05:00,97,97.1,USD,transport,card,US,mobile,1,0
219,2026-01-01 18:10:00,448,334.23,USD,travel,digital_wallet,BR,desktop,1,1
220,2026-01-01 18:15:00,903,12.84,USD,entertainment,bank_transfer,BR,mobile,0,0
221,2026-01-01 18:20:00,128,11.92,USD,transport,bank_transfer,BR,desktop,0,0
222,2026-01-01 18:25:00,456,13.77,USD,utilities,card,BR,mobile,0,0
223,2026-01-01 18:30:00,705,165.04,USD,utilities,digital_wallet,BR,mobile,0,0
224,2026-01-01 18:35:00,203,93.91,USD,transport,card,CL,mobile,1,0
225,2026-01-01 18:40:00,722,28.92,USD,travel,bank_transfer,US,mobile,1,0
226,2026-01-01 18:45:00,306,34.35,USD,electronics,card,AR,mobile,1,0
227,2026-01-01 18:50:00,809,14.64,USD,entertainment,card,AR,mobile,1,0
228,2026-01-01 18:55:00,580,80.64,USD,transport,card,BR,mobile,1,0
229,2026-01-01 19:00:00,547,22.65,USD,transport,pix,MX,mobile,1,0
230,2026-01-01 19:05:00,177,25.53,USD,electronics,bank_transfer,BR,desktop,0,0
231,2026-01-01 19:10:00,464,60.87,USD,restaurants,pix,BR,mobile,0,0
232,2026-01-01 19:15:00,857,27.44,USD,travel,pix,BR,mobile,1,0
233,2026-01-01 19:20:00,20,26.18,USD,online_services,card,BR,mobile,1,0
234,2026-01-01 19:25:00,759,33.47,USD,transport,digital_wallet,AR,mobile,1,0
235,2026-01-01 19:30:00,493,73.36,USD,utilities,card,BR,mobile,0,0
236,2026-01-01 19:35:00,720,171.83,USD,electronics,digital_wallet,BR,mobile,0,0
237,2026-01-01 19:40:00,664,59.47,USD,restaurants,bank_transfer,MX,mobile,1,0
238,2026-01-01 19:45:00,433,73.94,USD,electronics,card,BR,mobile,0,0
239,2026-01-01 19:50:00,309,27.12,USD,electronics,card,CL,mobile,0,0
240,2026-01-01 19:55:00,628,16.32,USD,groceries,pix,BR,mobile,1,0
241,2026-01-01 20:00:00,141,63.69,USD,electronics,digital_wallet,US,desktop,1,0
242,2026-01-01 20:05:00,585,39.3,USD,restaurants,pix,CO,mobile,1,0
243,2026-01-01 20:10:00,95,7.98,USD,utilities,bank_transfer,BR,mobile,0,0
244,2026-01-01 20:15:00,650,23.85,USD,travel,digital_wallet,US,tablet,1,0
245,2026-01-01 20:20:00,629,30.48,USD,transport,card,BR,mobile,0,0
246,2026-01-01 20:25:00,85,19.88,USD,groceries,pix,BR,mobile,0,0
247,2026-01-01 20:30:00,758,145.73,USD,travel,pix,CL,desktop,1,0
248,2026-01-01 20:35:00,416,53.51,USD,entertainment,card,CO,desktop,1,0
249,2026-01-01 20:40:00,787,130.74,USD,electronics,bank_transfer,BR,mobile,0,0
250,2026-01-01 20:45:00,42,43.1,USD,online_services,card,BR,mobile,1,0
251,2026-01-01 20:50:00,180,35.92,USD,restaurants,pix,BR,mobile,0,0
252,2026-01-01 20:55:00,494,12.98,USD,utilities,pix,AR,mobile,1,0
253,2026-01-01 21:00:00,189,33.51,USD,electronics,bank_transfer,PT,mobile,1,0
254,2026-01-01 21:05:00,330,33.55,USD,transport,pix,BR,mobile,1,0
255,2026-01-01 21:10:00,661,8.44,USD,transport,pix,PT,desktop,1,0
256,2026-01-01 21:15:00,145,19.31,USD,electronics,card,BR,mobile,0,0
257,2026-01-01 21:20:00,678,23.97,USD,groceries,bank_transfer,MX,mobile,1,0
258,2026-01-01 21:25:00,104,50.07,USD,entertainment,card,US,mobile,1,0
259,2026-01-01 21:30:00,176,52.53,USD,electronics,pix,CL,mobile,1,0
260,2026-01-01 21:35:00,588,18.52,USD,entertainment,bank_transfer,BR,mobile,1,0
261,2026-01-01 21:40:00,794,52.92,USD,travel,pix,BR,mobile,1,0
262,2026-01-01 21:45:00,171,27.6,USD,online_services,card,BR,mobile,1,0
263,2026-01-01 21:50:00,300,1.88,USD,groceries,card,CL,mobile,1,0
264,2026-01-01 21:55:00,926,20.4,USD,electronics,pix,PT,desktop,1,0
265,2026-01-01 22:00:00,990,97.42,USD,travel,card,BR,desktop,0,0
266,2026-01-01 22:05:00,582,6.16,USD,restaurants,card,BR,mobile,1,0
267,2026-01-01 22:10:00,448,37.07,USD,entertainment,card,BR,mobile,1,0
268,2026-01-01 22:15:00,347,161.62,USD,transport,card,AR,mobile,1,0
269,2026-01-01 22:20:00,613,15.48,USD,utilities,pix,AR,mobile,1,0
270,2026-01-01 22:25:00,591,33.19,USD,online_services,pix,BR,mobile,0,0
271,2026-01-01 22:30:00,295,8.99,USD,utilities,pix,CO,mobile,1,0
272,2026-01-01 22:35:00,23,168.55,USD,entertainment,pix,BR,desktop,0,0
273,2026-01-01 22:40:00,152,30.47,USD,entertainment,card,CL,tablet,1,0
274,2026-01-01 22:45:00,959,34.7,USD,utilities,digital_wallet,BR,mobile,1,0
275,2026-01-01 22:50:00,419,128.29,USD,online_services,pix,BR,mobile,1,0
276,2026-01-01 22:55:00,483,64.17,USD,entertainment,bank_transfer,CL,mobile,0,0
277,2026-01-01 23:00:00,468,13.8,USD,online_services,pix,CL,mobile,1,0
278,2026-01-01 23:05:00,783,17.33,USD,online_services,card,BR,desktop,0,0
279,2026-01-01 23:10:00,65,54.32,USD,restaurants,pix,MX,mobile,1,0
280,2026-01-01 23:15:00,83,17.74,USD,travel,card,AR,desktop,0,0
281,2026-01-01 23:20:00,276,3.99,USD,transport,digital_wallet,BR,mobile,0,1
282,2026-01-01 23:25:00,487,31.4,USD,online_services,pix,PT,mobile,1,0
283,2026-01-01 23:30:00,672,7.54,USD,entertainment,card,US,mobile,1,0
284,2026-01-01 23:35:00,491,166.71,USD,online_services,card,BR,mobile,0,0
285,2026-01-01 23:40:00,442,39.52,USD,transport,pix,US,mobile,1,0
286,2026-01-01 23:45:00,938,13.39,USD,utilities,card,CO,desktop,1,0
287,2026-01-01 23:50:00,162,16.47,USD,groceries,card,BR,mobile,0,0
288,2026-01-01 23:55:00,572,5.01,USD,online_services,digital_wallet,AR,mobile,1,0
289,2026-01-02 00:00:00,543,11.03,USD,restaurants,card,BR,mobile,1,0
290,2026-01-02 00:05:00,474,91.5,USD,travel,card,AR,tablet,0,0
291,2026-01-02 00:10:00,808,308.52,USD,entertainment,card,US,tablet,1,0
292,2026-01-02 00:15:00,267,68.47,USD,entertainment,pix,BR,mobile,0,0
293,2026-01-02 00:20:00,954,30.2,USD,restaurants,pix,AR,desktop,0,0
294,2026-01-02 00:25:00,332,21.5,USD,travel,pix,BR,desktop,1,0
295,2026-01-02 00:30:00,546,12.72,USD,travel,digital_wallet,AR,desktop,1,0
296,2026-01-02 00:35:00,521,259.76,USD,utilities,card,MX,mobile,1,0
297,2026-01-02 00:40:00,850,27.42,USD,transport,card,BR,tablet,1,0
298,2026-01-02 00:45:00,439,274.69,USD,utilities,card,AR,desktop,1,0
299,2026-01-02 00:50:00,285,133.42,USD,travel,card,BR,mobile,1,1
300,2026-01-02 00:55:00,22,5.81,USD,utilities,card,CO,mobile,1,0
301,2026-01-02 01:00:00,364,17.01,USD,online_services,card,CO,mobile,0,0
302,2026-01-02 01:05:00,827,16.96,USD,electronics,bank_transfer,CL,mobile,1,0
303,2026-01-02 01:10:00,10,30.57,USD,electronics,card,BR,desktop,1,0
304,2026-01-02 01:15:00,897,31.18,USD,utilities,digital_wallet,AR,desktop,1,0
305,2026-01-02 01:20:00,543,662.64,USD,utilities,digital_wallet,CL,desktop,0,0
306,2026-01-02 01:25:00,141,11.28,USD,online_services,pix,CL,mobile,1,0
307,2026-01-02 01:30:00,303,41.64,USD,travel,bank_transfer,AR,desktop,1,0
308,2026-01-02 01:35:00,555,61.34,USD,entertainment,pix,US,desktop,1,0
309,2026-01-02 01:40:00,316,33.06,USD,groceries,card,BR,mobile,0,0
310,2026-01-02 01:45:00,109,36.97,USD,electronics,pix,BR,mobile,0,0
311,2026-01-02 01:50:00,666,11.65,USD,restaurants,card,PT,desktop,1,0
312,2026-01-02 01:55:00,673,36.84,USD,utilities,pix,BR,mobile,0,0
313,2026-01-02 02:00:00,119,55.22,USD,groceries,bank_transfer,US,mobile,1,0
314,2026-01-02 02:05:00,282,45.95,USD,utilities,pix,CL,desktop,1,0
315,2026-01-02 02:10:00,244,58.57,USD,utilities,card,US,mobile,1,0
316,2026-01-02 02:15:00,660,135.99,USD,electronics,pix,AR,mobile,1,0
317,2026-01-02 02:20:00,731,84.52,USD,entertainment,digital_wallet,MX,desktop,0,0
318,2026-01-02 02:25:00,727,35.56,USD,travel,card,CO,mobile,1,0
319,2026-01-02 02:30:00,939,10.26,USD,entertainment,card,AR,mobile,1,0
320,2026-01-02 02:35:00,769,18.17,USD,entertainment,card,BR,mobile,0,0
321,2026-01-02 02:40:00,321,26.59,USD,transport,digital_wallet,BR,mobile,0,0
322,2026-01-02 02:45:00,108,42.62,USD,entertainment,pix,BR,mobile,0,0
323,2026-01-02 02:50:00,615,20.53,USD,online_services,card,PT,mobile,1,0
324,2026-01-02 02:55:00,917,12.99,USD,transport,pix,BR,mobile,1,0
325,2026-01-02 03:00:00,976,10.09,USD,transport,pix,CO,desktop,1,0
326,2026-01-02 03:05:00,231,6.35,USD,transport,card,AR,mobile,0,0
327,2026-01-02 03:10:00,237,26.18,USD,online_services,bank_transfer,BR,mobile,0,0
328,2026-01-02 03:15:00,38,7.62,USD,online_services,pix,PT,mobile,1,0
329,2026-01-02 03:20:00,142,12.18,USD,transport,card,BR,mobile,1,0
330,2026-01-02 03:25:00,555,22.33,USD,online_services,digital_wallet,AR,mobile,1,0
331,2026-01-02 03:30:00,547,8.71,USD,utilities,card,AR,mobile,1,0
332,2026-01-02 03:35:00,371,48.41,USD,electronics,card,BR,desktop,0,0
333,2026-01-02 03:40:00,310,69.42,USD,utilities,card,BR,desktop,0,0
334,2026-01-02 03:45:00,830,19.12,USD,online_services,card,CL,mobile,1,0
335,2026-01-02 03:50:00,461,21.39,USD,utilities,pix,BR,desktop,1,0
336,2026-01-02 03:55:00,809,56.68,USD,electronics,card,MX,mobile,1,0
337,2026-01-02 04:00:00,964,16.22,USD,restaurants,card,CL,mobile,0,0
338,2026-01-02 04:05:00,318,15.14,USD,restaurants,digital_wallet,BR,desktop,0,0
339,2026-01-02 04:10:00,203,109.56,USD,utilities,card,BR,mobile,0,0
340,2026-01-02 04:15:00,953,80.17,USD,entertainment,card,BR,mobile,0,0
341,2026-01-02 04:20:00,635,60.43,USD,entertainment,card,MX,mobile,1,0
342,2026-01-02 04:25:00,291,83.57,USD,groceries,bank_transfer,AR,desktop,1,0
343,2026-01-02 04:30:00,622,4.58,USD,online_services,card,BR,mobile,1,0
344,2026-01-02 04:35:00,516,128.23,USD,groceries,card,AR,mobile,1,0
345,2026-01-02 04:40:00,906,49.01,USD,travel,bank_transfer,AR,mobile,0,0
346,2026-01-02 04:45:00,256,90.99,USD,online_services,card,CL,mobile,1,0
347,2026-01-02 04:50:00,992,48.77,USD,restaurants,bank_transfer,BR,mobile,0,0
348,2026-01-02 04:55:00,937,34.78,USD,travel,pix,BR,desktop,0,0
349,2026-01-02 05:00:00,181,25.15,USD,utilities,bank_transfer,BR,mobile,0,0
350,2026-01-02 05:05:00,165,47.81,USD,transport,card,CL,mobile,0,0
351,2026-01-02 05:10:00,534,24.25,USD,groceries,digital_wallet,CL,mobile,1,0
352,2026-01-02 05:15:00,45,78.88,USD,electronics,card,BR,mobile,1,0
353,2026-01-02 05:20:00,299,6.78,USD,utilities,card,BR,mobile,1,0
354,2026-01-02 05:25:00,436,19.27,USD,travel,bank_transfer,CL,mobile,1,0
355,2026-01-02 05:30:00,970,255.91,USD,electronics,card,BR,mobile,1,0
356,2026-01-02 05:35:00,993,17.71,USD,entertainment,card,AR,tablet,1,0
357,2026-01-02 05:40:00,152,26.08,USD,groceries,pix,BR,mobile,0,0
358,2026-01-02 05:45:00,892,13.7,USD,transport,card,BR,mobile,0,0
359,2026-01-02 05:50:00,91,46.33,USD,online_services,card,AR,desktop,1,0
360,2026-01-02 05:55:00,749,15.86,USD,electronics,pix,BR,mobile,0,0
361,2026-01-02 06:00:00,846,27.51,USD,online_services,card,AR,desktop,1,0
362,2026-01-02 06:05:00,891,77.39,USD,travel,pix,BR,mobile,1,0
363,2026-01-02 06:10:00,224,16.46,USD,online_services,pix,BR,mobile,0,0
364,2026-01-02 06:15:00,894,72.87,USD,entertainment,card,AR,tablet,1,0
365,2026-01-02 06:20:00,116,75.36,USD,electronics,card,BR,mobile,0,0
366,2026-01-02 06:25:00,519,95.1,USD,online_services,card,CL,desktop,1,0
367,2026-01-02 06:30:00,470,38.11,USD,transport,card,CO,mobile,1,1
368,2026-01-02 06:35:00,316,846.63,USD,electronics,card,PT,mobile,1,0
369,2026-01-02 06:40:00,23,95.06,USD,entertainment,pix,BR,mobile,0,0
370,2026-01-02 06:45:00,773,45.83,USD,utilities,card,BR,mobile,0,0
371,2026-01-02 06:50:00,336,13.79,USD,restaurants,pix,BR,desktop,1,0
372,2026-01-02 06:55:00,662,30.05,USD,online_services,card,US,mobile,1,0
373,2026-01-02 07:00:00,411,137.87,USD,electronics,card,BR,mobile,1,0
374,2026-01-02 07:05:00,374,183.01,USD,transport,card,BR,mobile,0,0
375,2026-01-02 07:10:00,887,145.23,USD,restaurants,card,CO,mobile,1,0
376,2026-01-02 07:15:00,95,72.62,USD,groceries,pix,BR,mobile,0,0
377,2026-01-02 07:20:00,737,9.43,USD,travel,pix,AR,mobile,1,0
378,2026-01-02 07:25:00,747,53.9,USD,travel,digital_wallet,AR,mobile,1,0
379,2026-01-02 07:30:00,380,9.57,USD,groceries,card,CL,mobile,1,0
380,2026-01-02 07:35:00,263,7.48,USD,online_services,card,CO,desktop,1,0
381,2026-01-02 07:40:00,6,42.06,USD,travel,bank_transfer,BR,mobile,0,0
382,2026-01-02 07:45:00,937,55.88,USD,groceries,pix,CL,mobile,1,0
383,2026-01-02 07:50:00,948,81.73,USD,utilities,card,AR,mobile,1,0
384,2026-01-02 07:55:00,241,54.44,USD,restaurants,card,BR,mobile,1,0
385,2026-01-02 08:00:00,32,56.35,USD,entertainment,pix,US,mobile,1,0
386,2026-01-02 08:05:00,123,12.37,USD,entertainment,card,CO,mobile,1,0
387,2026-01-02 08:10:00,68,29.82,USD,utilities,pix,US,mobile,1,0
388,2026-01-02 08:15:00,832,7.34,USD,utilities,card,CO,mobile,1,0
389,2026-01-02 08:20:00,892,4.47,USD,online_services,digital_wallet,BR,mobile,0,0
390,2026-01-02 08:25:00,154,69.45,USD,groceries,pix,BR,desktop,0,0
391,2026-01-02 08:30:00,747,15.59,USD,transport,bank_transfer,BR,desktop,0,0
392,2026-01-02 08:35:00,180,79.24,USD,transport,card,BR,mobile,0,0
393,2026-01-02 08:40:00,368,100.32,USD,electronics,pix,BR,mobile,0,0
394,2026-01-02 08:45:00,600,17.83,USD,restaurants,bank_transfer,BR,mobile,1,0
395,2026-01-02 08:50:00,720,59.76,USD,restaurants,card,BR,mobile,0,0
396,2026-01-02 08:55:00,875,17.1,USD,online_services,pix,MX,mobile,1,0
397,2026-01-02 09:00:00,45,5.23,USD,online_services,card,BR,desktop,1,0
398,2026-01-02 09:05:00,197,37.46,USD,entertainment,pix,AR,mobile,0,0
399,2026-01-02 09:10:00,281,20.68,USD,travel,bank_transfer,MX,mobile,1,1
400,2026-01-02 09:15:00,311,21.33,USD,electronics,pix,CL,mobile,1,0
401,2026-01-02 09:20:00,999,238.73,USD,entertainment,bank_transfer,BR,mobile,1,0
402,2026-01-02 09:25:00,778,7.2,USD,utilities,card,CL,mobile,1,0
403,2026-01-02 09:30:00,321,48.56,USD,electronics,bank_transfer,CO,mobile,1,0
404,2026-01-02 09:35:00,972,12.25,USD,travel,pix,US,mobile,1,0
405,2026-01-02 09:40:00,500,82.13,USD,online_services,card,BR,mobile,0,0
406,2026-01-02 09:45:00,501,44.63,USD,online_services,bank_transfer,BR,desktop,1,0
407,2026-01-02 09:50:00,434,48.39,USD,restaurants,card,CL,desktop,1,0
408,2026-01-02 09:55:00,144,12.87,USD,restaurants,card,BR,mobile,0,0
409,2026-01-02 10:00:00,935,15.4,USD,restaurants,bank_transfer,MX,mobile,1,0
410,2026-01-02 10:05:00,14,83.7,USD,groceries,card,CL,mobile,1,0
411,2026-01-02 10:10:00,175,194.57,USD,entertainment,card,CO,mobile,1,0
412,2026-01-02 10:15:00,230,53.53,USD,electronics,card,PT,mobile,1,0
413,2026-01-02 10:20:00,280,13.5,USD,groceries,bank_transfer,AR,mobile,1,0
414,2026-01-02 10:25:00,132,46.48,USD,restaurants,card,US,desktop,1,0
415,2026-01-02 10:30:00,18,375.2,USD,travel,card,CL,mobile,1,0
416,2026-01-02 10:35:00,678,36.69,USD,utilities,card,BR,mobile,1,0
417,2026-01-02 10:40:00,970,142.86,USD,entertainment,card,MX,desktop,0,0
418,2026-01-02 10:45:00,122,15.79,USD,travel,card,CL,mobile,0,0
419,2026-01-02 10:50:00,297,31.75,USD,restaurants,bank_transfer,PT,mobile,1,0
420,2026-01-02 10:55:00,507,61.53,USD,transport,bank_transfer,BR,tablet,1,0
421,2026-01-02 11:00:00,928,49.27,USD,utilities,bank_transfer,BR,mobile,1,0
422,2026-01-02 11:05:00,695,15.39,USD,utilities,pix,MX,mobile,1,0
423,2026-01-02 11:10:00,767,14.74,USD,utilities,card,BR,mobile,1,0
424,2026-01-02 11:15:00,582,88.97,USD,travel,card,CL,mobile,1,0
425,2026-01-02 11:20:00,418,109.02,USD,transport,pix,AR,desktop,0,0
426,2026-01-02 11:25:00,200,150.23,USD,travel,card,BR,mobile,0,0
427,2026-01-02 11:30:00,865,201.13,USD,online_services,pix,BR,mobile,1,1
428,2026-01-02 11:35:00,805,37.89,USD,restaurants,card,MX,desktop,1,0
429,2026-01-02 11:40:00,26,24.26,USD,utilities,pix,BR,mobile,0,0
430,2026-01-02 11:45:00,716,127.87,USD,online_services,card,CO,desktop,1,0
431,2026-01-02 11:50:00,85,67.56,USD,utilities,pix,CO,mobile,1,0
432,2026-01-02 11:55:00,739,12.4,USD,entertainment,digital_wallet,CL,mobile,1,0
433,2026-01-02 12:00:00,826,11.78,USD,electronics,card,BR,desktop,1,0
434,2026-01-02 12:05:00,132,54.16,USD,utilities,card,BR,mobile,1,0
435,2026-01-02 12:10:00,434,27.74,USD,restaurants,card,MX,mobile,1,0
436,2026-01-02 12:15:00,124,32.25,USD,utilities,card,BR,mobile,0,0
437,2026-01-02 12:20:00,568,96.79,USD,electronics,pix,BR,mobile,0,0
438,2026-01-02 12:25:00,928,70.74,USD,travel,digital_wallet,US,mobile,1,0
439,2026-01-02 12:30:00,81,125.2,USD,electronics,bank_transfer,BR,mobile,1,0
440,2026-01-02 12:35:00,398,4.8,USD,groceries,pix,BR,mobile,1,0
441,2026-01-02 12:40:00,974,42.67,USD,online_services,pix,PT,mobile,1,0
442,2026-01-02 12:45:00,301,66.33,USD,entertainment,card,BR,mobile,1,0
443,2026-01-02 12:50:00,133,7.2,USD,travel,digital_wallet,BR,mobile,1,0
444,2026-01-02 12:55:00,489,17.2,USD,groceries,pix,BR,mobile,0,0
445,2026-01-02 13:00:00,509,14.29,USD,utilities,card,MX,mobile,0,0
446,2026-01-02 13:05:00,663,33.84,USD,online_services,digital_wallet,US,mobile,1,0
447,2026-01-02 13:10:00,314,168.65,USD,utilities,pix,CO,tablet,1,0
448,2026-01-02 13:15:00,956,250.28,USD,restaurants,card,PT,desktop,1,0
449,2026-01-02 13:20:00,522,14.67,USD,restaurants,pix,BR,desktop,1,0
450,2026-01-02 13:25:00,287,56.07,USD,transport,card,CL,desktop,1,0
451,2026-01-02 13:30:00,961,57.9,USD,groceries,card,BR,mobile,1,0
452,2026-01-02 13:35:00,925,48.79,USD,travel,card,US,mobile,1,0
453,2026-01-02 13:40:00,500,49.35,USD,electronics,pix,US,desktop,1,0
454,2026-01-02 13:45:00,25,44.87,USD,travel,card,BR,desktop,0,0
455,2026-01-02 13:50:00,597,179.03,USD,online_services,card,MX,mobile,1,0
456,2026-01-02 13:55:00,556,99.73,USD,entertainment,card,CL,mobile,1,0
457,2026-01-02 14:00:00,149,11.47,USD,electronics,card,BR,mobile,1,0
458,2026-01-02 14:05:00,634,73.39,USD,utilities,pix,CL,mobile,1,0
459,2026-01-02 14:10:00,841,80.83,USD,transport,pix,PT,tablet,1,0
460,2026-01-02 14:15:00,106,45.38,USD,utilities,card,BR,mobile,0,0
461,2026-01-02 14:20:00,724,102.66,USD,online_services,card,BR,mobile,0,0
462,2026-01-02 14:25:00,141,39.97,USD,online_services,card,PT,mobile,1,0
463,2026-01-02 14:30:00,749,40.47,USD,travel,pix,BR,mobile,0,1
464,2026-01-02 14:35:00,420,37.38,USD,electronics,bank_transfer,BR,mobile,1,0
465,2026-01-02 14:40:00,7,4.4,USD,electronics,card,CO,mobile,1,0
466,2026-01-02 14:45:00,967,30.56,USD,travel,card,CL,mobile,1,0
467,2026-01-02 14:50:00,166,16.98,USD,online_services,card,BR,desktop,1,0
468,2026-01-02 14:55:00,597,10.11,USD,utilities,pix,BR,mobile,0,0
469,2026-01-02 15:00:00,182,138.94,USD,travel,card,MX,mobile,1,0
470,2026-01-02 15:05:00,934,54.83,USD,transport,pix,AR,mobile,0,0
471,2026-01-02 15:10:00,739,32.14,USD,electronics,pix,CL,mobile,1,0
472,2026-01-02 15:15:00,805,18.83,USD,restaurants,card,US,mobile,1,0
473,2026-01-02 15:20:00,433,44.53,USD,restaurants,card,BR,mobile,0,0
474,2026-01-02 15:25:00,468,89.25,USD,groceries,digital_wallet,US,mobile,1,0
475,2026-01-02 15:30:00,635,14.48,USD,utilities,card,CO,desktop,0,0
476,2026-01-02 15:35:00,785,32.96,USD,entertainment,pix,US,mobile,1,1
477,2026-01-02 15:40:00,847,78.89,USD,restaurants,pix,BR,mobile,1,0
478,2026-01-02 15:45:00,18,4.78,USD,entertainment,card,BR,mobile,1,0
479,2026-01-02 15:50:00,664,31.26,USD,restaurants,bank_transfer,CL,mobile,1,0
480,2026-01-02 15:55:00,110,21.56,USD,transport,card,US,tablet,1,0
481,2026-01-02 16:00:00,288,28.97,USD,transport,card,PT,mobile,1,0
482,2026-01-02 16:05:00,830,20.05,USD,restaurants,pix,BR,mobile,0,0
483,2026-01-02 16:10:00,251,38.0,USD,entertainment,digital_wallet,AR,tablet,1,0
484,2026-01-02 16:15:00,797,226.7,USD,groceries,card,BR,mobile,1,0
485,2026-01-02 16:20:00,464,23.95,USD,electronics,pix,CL,mobile,1,0
486,2026-01-02 16:25:00,233,44.33,USD,electronics,card,MX,mobile,1,1
487,2026-01-02 16:30:00,335,243.41,USD,travel,pix,MX,mobile,1,0
488,2026-01-02 16:35:00,531,19.11,USD,restaurants,card,BR,tablet,1,0
489,2026-01-02 16:40:00,766,203.3,USD,electronics,card,PT,tablet,1,0
490,2026-01-02 16:45:00,607,33.29,USD,utilities,digital_wallet,BR,tablet,0,0
491,2026-01-02 16:50:00,934,196.74,USD,transport,pix,AR,desktop,0,0
492,2026-01-02 16:55:00,868,70.12,USD,online_services,card,AR,mobile,1,0
493,2026-01-02 17:00:00,754,45.02,USD,electronics,digital_wallet,AR,mobile,1,0
494,2026-01-02 17:05:00,604,31.01,USD,utilities,card,CO,mobile,1,0
495,2026-01-02 17:10:00,290,17.74,USD,groceries,pix,CL,desktop,1,0
496,2026-01-02 17:15:00,413,35.72,USD,utilities,pix,BR,mobile,1,0
497,2026-01-02 17:20:00,119,81.24,USD,electronics,bank_transfer,BR,mobile,1,0
498,2026-01-02 17:25:00,375,32.68,USD,online_services,card,AR,mobile,1,0
499,2026-01-02 17:30:00,927,24.13,USD,entertainment,pix,CL,mobile,1,0
500,2026-01-02 17:35:00,426,25.77,USD,entertainment,pix,AR,desktop,1,0
501,2026-01-02 17:40:00,114,89.34,USD,restaurants,card,BR,tablet,0,0
502,2026-01-02 17:45:00,652,112.75,USD,travel,digital_wallet,BR,mobile,1,0
503,2026-01-02 17:50:00,963,16.99,USD,entertainment,card,MX,mobile,1,0
504,2026-01-02 17:55:00,868,16.97,USD,utilities,card,AR,desktop,1,0
505,2026-01-02 18:00:00,275,48.39,USD,electronics,pix,AR,mobile,0,0
506,2026-01-02 18:05:00,454,152.56,USD,travel,card,AR,mobile,1,0
507,2026-01-02 18:10:00,532,104.17,USD,restaurants,bank_transfer,BR,desktop,1,0
508,2026-01-02 18:15:00,248,9.47,USD,electronics,card,BR,mobile,0,0
509,2026-01-02 18:20:00,269,25.43,USD,electronics,card,BR,mobile,1,0
510,2026-01-02 18:25:00,237,13.06,USD,groceries,pix,CO,mobile,1,0
511,2026-01-02 18:30:00,995,25.34,USD,online_services,bank_transfer,BR,mobile,1,0
512,2026-01-02 18:35:00,747,164.75,USD,entertainment,pix,BR,mobile,0,0
513,2026-01-02 18:40:00,841,7.98,USD,restaurants,card,PT,mobile,1,0
514,2026-01-02 18:45:00,817,6.56,USD,online_services,card,BR,mobile,0,0
515,2026-01-02 18:50:00,960,14.46,USD,entertainment,bank_transfer,AR,mobile,1,0
516,2026-01-02 18:55:00,106,44.14,USD,entertainment,digital_wallet,BR,desktop,0,1
517,2026-01-02 19:00:00,882,61.61,USD,online_services,pix,BR,mobile,0,0
518,2026-01-02 19:05:00,67,51.29,USD,electronics,pix,BR,mobile,0,0
519,2026-01-02 19:10:00,476,107.31,USD,transport,card,US,mobile,1,0
520,2026-01-02 19:15:00,595,5.68,USD,travel,pix,AR,mobile,1,0
521,2026-01-02 19:20:00,358,108.67,USD,online_services,card,CO,mobile,1,0
522,2026-01-02 19:25:00,147,24.24,USD,utilities,card,PT,desktop,1,1
523,2026-01-02 19:30:00,193,68.82,USD,utilities,card,BR,mobile,0,0
524,2026-01-02 19:35:00,825,8.82,USD,utilities,pix,CL,mobile,1,0
525,2026-01-02 19:40:00,319,33.28,USD,groceries,pix,BR,desktop,0,0
526,2026-01-02 19:45:00,311,41.94,USD,electronics,card,AR,mobile,1,0
527,2026-01-02 19:50:00,924,105.19,USD,transport,bank_transfer,MX,desktop,0,0
528,2026-01-02 19:55:00,144,6.79,USD,transport,card,BR,desktop,0,0
529,2026-01-02 20:00:00,916,34.15,USD,utilities,pix,PT,mobile,1,0
530,2026-01-02 20:05:00,921,11.19,USD,electronics,bank_transfer,AR,mobile,1,0
531,2026-01-02 20:10:00,599,54.9,USD,utilities,bank_transfer,BR,mobile,1,0
532,2026-01-02 20:15:00,166,72.04,USD,online_services,bank_transfer,BR,mobile,1,0
533,2026-01-02 20:20:00,156,119.96,USD,electronics,bank_transfer,AR,mobile,0,0
534,2026-01-02 20:25:00,285,19.39,USD,restaurants,pix,AR,mobile,1,0
535,2026-01-02 20:30:00,578,83.7,USD,entertainment,pix,BR,desktop,0,0
536,2026-01-02 20:35:00,154,129.14,USD,utilities,bank_transfer,AR,mobile,1,0
537,2026-01-02 20:40:00,456,6.4,USD,electronics,card,BR,mobile,0,0
538,2026-01-02 20:45:00,116,61.09,USD,restaurants,pix,PT,desktop,1,1
539,2026-01-02 20:50:00,541,86.36,USD,travel,card,BR,mobile,1,0
540,2026-01-02 20:55:00,22,25.57,USD,online_services,pix,AR,mobile,1,0
541,2026-01-02 21:00:00,710,9.87,USD,travel,card,MX,mobile,1,0
542,2026-01-02 21:05:00,56,85.03,USD,electronics,pix,CO,desktop,1,0
543,2026-01-02 21:10:00,195,9.98,USD,electronics,card,US,mobile,1,0
544,2026-01-02 21:15:00,175,27.71,USD,entertainment,card,US,mobile,1,0
545,2026-01-02 21:20:00,831,31.81,USD,transport,card,BR,mobile,0,0
546,2026-01-02 21:25:00,54,67.73,USD,entertainment,pix,BR,mobile,1,0
547,2026-01-02 21:30:00,430,17.7,USD,online_services,digital_wallet,CL,mobile,1,0
548,2026-01-02 21:35:00,592,16.7,USD,utilities,card,BR,mobile,1,0
549,2026-01-02 21:40:00,516,36.56,USD,online_services,card,CO,mobile,1,0
550,2026-01-02 21:45:00,681,90.59,USD,utilities,pix,BR,mobile,1,0
551,2026-01-02 21:50:00,804,326.18,USD,utilities,pix,US,mobile,1,0
552,2026-01-02 21:55:00,394,7.33,USD,groceries,card,CO,mobile,1,0
553,2026-01-02 22:00:00,829,45.39,USD,transport,pix,AR,desktop,1,0
554,2026-01-02 22:05:00,318,11.17,USD,transport,bank_transfer,BR,mobile,0,0
555,2026-01-02 22:10:00,985,91.73,USD,utilities,card,PT,mobile,1,0
556,2026-01-02 22:15:00,505,12.95,USD,restaurants,pix,CO,mobile,1,0
557,2026-01-02 22:20:00,737,16.87,USD,online_services,card,MX,mobile,0,0
558,2026-01-02 22:25:00,876,18.37,USD,entertainment,digital_wallet,MX,mobile,1,0
559,2026-01-02 22:30:00,793,30.69,USD,groceries,bank_transfer,BR,desktop,0,0
560,2026-01-02 22:35:00,852,45.75,USD,entertainment,pix,BR,mobile,0,0
561,2026-01-02 22:40:00,537,53.72,USD,transport,digital_wallet,BR,mobile,1,0
562,2026-01-02 22:45:00,44,32.93,USD,transport,card,CL,mobile,1,0
563,2026-01-02 22:50:00,494,8.76,USD,online_services,pix,CL,desktop,1,0
564,2026-01-02 22:55:00,182,68.57,USD,utilities,bank_transfer,BR,mobile,0,0
565,2026-01-02 23:00:00,890,31.41,USD,utilities,bank_transfer,PT,mobile,1,0
566,2026-01-02 23:05:00,237,105.82,USD,transport,pix,BR,mobile,0,0
567,2026-01-02 23:10:00,229,16.32,USD,entertainment,card,CO,mobile,1,0
568,2026-01-02 23:15:00,250,6.67,USD,transport,card,AR,mobile,0,0
569,2026-01-02 23:20:00,643,32.01,USD,travel,card,BR,mobile,0,0
570,2026-01-02 23:25:00,572,121.02,USD,electronics,bank_transfer,BR,desktop,1,0
571,2026-01-02 23:30:00,949,38.9,USD,travel,card,CO,desktop,1,0
572,2026-01-02 23:35:00,417,27.12,USD,entertainment,pix,CO,mobile,1,0
573,2026-01-02 23:40:00,283,13.87,USD,transport,card,BR,mobile,0,0
574,2026-01-02 23:45:00,50,192.05,USD,groceries,pix,AR,mobile,1,0
575,2026-01-02 23:50:00,8,11.83,USD,groceries,card,CL,desktop,1,0
576,2026-01-02 23:55:00,374,16.03,USD,online_services,pix,BR,mobile,0,0
577,2026-01-03 00:00:00,926,58.56,USD,online_services,card,CL,mobile,0,0
578,2026-01-03 00:05:00,524,5.18,USD,entertainment,card,BR,mobile,0,0
579,2026-01-03 00:10:00,894,118.46,USD,groceries,card,US,mobile,1,0
580,2026-01-03 00:15:00,102,61.82,USD,travel,digital_wallet,CO,mobile,1,0
581,2026-01-03 00:20:00,94,81.39,USD,electronics,pix,BR,tablet,0,0
582,2026-01-03 00:25:00,834,57.87,USD,restaurants,pix,MX,mobile,1,0
583,2026-01-03 00:30:00,107,28.19,USD,electronics,digital_wallet,BR,mobile,1,1
584,2026-01-03 00:35:00,52,11.44,USD,utilities,pix,US,mobile,1,0
585,2026-01-03 00:40:00,405,28.79,USD,online_services,pix,CL,mobile,1,0
586,2026-01-03 00:45:00,925,12.49,USD,utilities,pix,BR,mobile,1,0
587,2026-01-03 00:50:00,690,53.85,USD,restaurants,card,CO,mobile,0,0
588,2026-01-03 00:55:00,100,74.2,USD,travel,card,BR,mobile,0,0
589,2026-01-03 01:00:00,838,145.01,USD,travel,bank_transfer,US,desktop,1,0
590,2026-01-03 01:05:00,844,48.03,USD,transport,card,US,mobile,1,0
591,2026-01-03 01:10:00,801,83.48,USD,electronics,card,CL,mobile,1,0
592,2026-01-03 01:15:00,903,24.6,USD,electronics,bank_transfer,AR,desktop,1,0
593,2026-01-03 01:20:00,240,20.53,USD,groceries,card,CL,mobile,1,0
594,2026-01-03 01:25:00,980,53.18,USD,electronics,pix,BR,mobile,0,0
595,2026-01-03 01:30:00,321,22.5,USD,transport,pix,BR,mobile,0,0
596,2026-01-03 01:35:00,803,43.34,USD,transport,card,US,mobile,1,0
597,2026-01-03 01:40:00,580,11.46,USD,travel,card,BR,tablet,1,0
598,2026-01-03 01:45:00,780,13.71,USD,entertainment,card,BR,mobile,0,0
599,2026-01-03 01:50:00,628,62.52,USD,groceries,bank_transfer,BR,desktop,1,0
600,2026-01-03 01:55:00,643,80.37,USD,transport,bank_transfer,PT,mobile,1,0
601,2026-01-03 02:00:00,617,12.36,USD,groceries,bank_transfer,US,desktop,1,0
602,2026-01-03 02:05:00,779,64.76,USD,utilities,card,BR,mobile,0,0
603,2026-01-03 02:10:00,740,19.44,USD,online_services,card,BR,mobile,0,0
604,2026-01-03 02:15:00,135,33.67,USD,electronics,pix,MX,mobile,1,0
605,2026-01-03 02:20:00,827,136.58,USD,online_services,pix,BR,desktop,0,0
606,2026-01-03 02:25:00,537,74.25,USD,entertainment,card,PT,mobile,1,0
607,2026-01-03 02:30:00,324,73.4,USD,utilities,card,US,mobile,1,0
608,2026-01-03 02:35:00,515,223.36,USD,online_services,card,CO,mobile,1,0
609,2026-01-03 02:40:00,967,16.38,USD,travel,card,BR,mobile,0,0
610,2026-01-03 02:45:00,858,12.36,USD,electronics,pix,CO,mobile,1,0
611,2026-01-03 02:50:00,834,16.08,USD,entertainment,digital_wallet,PT,mobile,1,0
612,2026-01-03 02:55:00,463,25.67,USD,restaurants,card,BR,mobile,0,0
613,2026-01-03 03:00:00,785,3.14,USD,transport,pix,US,mobile,1,0
614,2026-01-03 03:05:00,386,26.91,USD,travel,card,BR,mobile,1,0
615,2026-01-03 03:10:00,687,19.21,USD,restaurants,card,PT,mobile,1,0
616,2026-01-03 03:15:00,640,72.51,USD,electronics,card,CL,mobile,1,0
617,2026-01-03 03:20:00,250,47.11,USD,utilities,card,BR,mobile,1,0
618,2026-01-03 03:25:00,267,18.16,USD,utilities,card,AR,desktop,1,0
619,2026-01-03 03:30:00,62,59.74,USD,online_services,pix,BR,mobile,1,0
620,2026-01-03 03:35:00,140,68.26,USD,utilities,pix,BR,mobile,1,0
621,2026-01-03 03:40:00,434,15.36,USD,transport,pix,US,mobile,1,0
622,2026-01-03 03:45:00,478,20.23,USD,entertainment,pix,BR,mobile,0,0
623,2026-01-03 03:50:00,166,3.58,USD,transport,card,PT,desktop,1,0
624,2026-01-03 03:55:00,417,11.13,USD,online_services,card,BR,desktop,0,0
625,2026-01-03 04:00:00,605,15.76,USD,restaurants,card,CL,mobile,1,1
626,2026-01-03 04:05:00,233,35.66,USD,transport,card,PT,mobile,1,0
627,2026-01-03 04:10:00,339,12.87,USD,online_services,card,CL,mobile,1,0
628,2026-01-03 04:15:00,368,19.82,USD,restaurants,digital_wallet,US,mobile,1,0
629,2026-01-03 04:20:00,506,9.72,USD,travel,digital_wallet,PT,mobile,1,0
630,2026-01-03 04:25:00,367,39.3,USD,transport,bank_transfer,CL,mobile,1,0
631,2026-01-03 04:30:00,737,50.69,USD,transport,pix,MX,desktop,0,0
632,2026-01-03 04:35:00,328,49.52,USD,entertainment,pix,BR,tablet,1,0
633,2026-01-03 04:40:00,434,33.53,USD,utilities,pix,BR,mobile,1,0
634,2026-01-03 04:45:00,380,7.09,USD,restaurants,pix,BR,mobile,0,0
635,2026-01-03 04:50:00,183,17.82,USD,online_services,card,MX,desktop,1,0
636,2026-01-03 04:55:00,686,22.04,USD,groceries,digital_wallet,CL,mobile,1,1
637,2026-01-03 05:00:00,236,22.12,USD,groceries,bank_transfer,CL,tablet,1,0
638,2026-01-03 05:05:00,297,35.69,USD,online_services,card,US,mobile,1,0
639,2026-01-03 05:10:00,793,137.76,USD,groceries,pix,BR,mobile,0,0
640,2026-01-03 05:15:00,949,74.6,USD,transport,bank_transfer,PT,mobile,1,0
641,2026-01-03 05:20:00,671,12.34,USD,groceries,digital_wallet,BR,mobile,0,1
642,2026-01-03 05:25:00,917,65.26,USD,restaurants,card,BR,mobile,1,0
643,2026-01-03 05:30:00,855,62.82,USD,groceries,pix,CL,mobile,1,0
644,2026-01-03 05:35:00,481,14.79,USD,transport,card,BR,mobile,1,0
645,2026-01-03 05:40:00,771,77.39,USD,transport,card,CL,mobile,1,0
646,2026-01-03 05:45:00,329,28.21,USD,restaurants,card,CO,mobile,1,0
647,2026-01-03 05:50:00,461,8.09,USD,entertainment,card,MX,desktop,1,0
648,2026-01-03 05:55:00,536,52.21,USD,groceries,card,BR,mobile,1,0
649,2026-01-03 06:00:00,961,41.14,USD,electronics,pix,BR,mobile,1,0
650,2026-01-03 06:05:00,849,26.37,USD,transport,bank_transfer,BR,mobile,0,0
651,2026-01-03 06:10:00,490,31.9,USD,entertainment,pix,AR,mobile,1,0
652,2026-01-03 06:15:00,653,16.13,USD,transport,card,BR,tablet,0,0
653,2026-01-03 06:20:00,203,60.95,USD,electronics,pix,BR,mobile,0,0
654,2026-01-03 06:25:00,805,31.71,USD,utilities,bank_transfer,MX,tablet,1,0
655,2026-01-03 06:30:00,554,39.11,USD,restaurants,pix,US,mobile,1,0
656,2026-01-03 06:35:00,533,47.33,USD,electronics,pix,MX,mobile,1,0
657,2026-01-03 06:40:00,767,10.44,USD,travel,card,BR,mobile,1,0
658,2026-01-03 06:45:00,633,13.54,USD,entertainment,card,AR,tablet,1,0
659,2026-01-03 06:50:00,73,3.63,USD,travel,digital_wallet,BR,desktop,1,0
660,2026-01-03 06:55:00,289,58.25,USD,entertainment,card,BR,mobile,0,0
661,2026-01-03 07:00:00,177,9.85,USD,utilities,card,BR,mobile,0,0
662,2026-01-03 07:05:00,735,37.81,USD,utilities,card,US,mobile,1,0
663,2026-01-03 07:10:00,36,47.99,USD,travel,pix,CL,mobile,1,0
664,2026-01-03 07:15:00,203,60.48,USD,online_services,pix,BR,mobile,0,1
665,2026-01-03 07:20:00,598,9.93,USD,groceries,pix,CL,tablet,1,0
666,2026-01-03 07:25:00,695,31.03,USD,electronics,bank_transfer,PT,desktop,1,0
667,2026-01-03 07:30:00,504,175.96,USD,utilities,card,BR,mobile,1,0
668,2026-01-03 07:35:00,861,183.89,USD,groceries,card,MX,mobile,1,0
669,2026-01-03 07:40:00,919,88.88,USD,utilities,digital_wallet,BR,mobile,1,0
670,2026-01-03 07:45:00,133,46.41,USD,groceries,pix,BR,desktop,1,0
671,2026-01-03 07:50:00,953,12.12,USD,utilities,bank_transfer,US,desktop,1,0
672,2026-01-03 07:55:00,615,67.94,USD,restaurants,pix,BR,desktop,0,0
673,2026-01-03 08:00:00,637,28.28,USD,entertainment,card,CO,desktop,1,0
674,2026-01-03 08:05:00,96,58.0,USD,utilities,digital_wallet,BR,mobile,0,0
675,2026-01-03 08:10:00,622,17.59,USD,utilities,card,CL,mobile,1,0
676,2026-01-03 08:15:00,726,27.86,USD,travel,pix,CL,desktop,1,0
677,2026-01-03 08:20:00,581,39.02,USD,online_services,card,US,mobile,1,0
678,2026-01-03 08:25:00,85,42.36,USD,restaurants,pix,MX,desktop,1,0
679,2026-01-03 08:30:00,524,54.26,USD,restaurants,pix,CL,mobile,1,0
680,2026-01-03 08:35:00,936,18.56,USD,restaurants,card,BR,mobile,0,0
681,2026-01-03 08:40:00,724,8.64,USD,entertainment,digital_wallet,BR,mobile,0,0
682,2026-01-03 08:45:00,138,168.14,USD,online_services,card,CL,desktop,1,0
683,2026-01-03 08:50:00,960,399.12,USD,online_services,card,AR,mobile,1,0
684,2026-01-03 08:55:00,959,51.8,USD,travel,card,BR,mobile,1,0
685,2026-01-03 09:00:00,170,8.81,USD,restaurants,pix,PT,mobile,1,0
686,2026-01-03 09:05:00,801,15.28,USD,restaurants,pix,BR,mobile,0,0
687,2026-01-03 09:10:00,407,55.1,USD,entertainment,pix,BR,mobile,1,0
688,2026-01-03 09:15:00,594,126.61,USD,online_services,pix,US,mobile,1,0
689,2026-01-03 09:20:00,446,9.85,USD,online_services,bank_transfer,AR,mobile,1,0
690,2026-01-03 09:25:00,783,29.24,USD,entertainment,digital_wallet,CO,tablet,1,0
691,2026-01-03 09:30:00,997,40.28,USD,online_services,bank_transfer,BR,mobile,0,0
692,2026-01-03 09:35:00,796,78.62,USD,electronics,card,BR,tablet,0,0
693,2026-01-03 09:40:00,932,23.49,USD,restaurants,pix,CL,desktop,1,0
694,2026-01-03 09:45:00,947,6.93,USD,electronics,card,BR,desktop,0,0
695,2026-01-03 09:50:00,91,61.63,USD,groceries,card,CO,desktop,1,0
696,2026-01-03 09:55:00,254,101.98,USD,entertainment,pix,BR,mobile,0,0
697,2026-01-03 10:00:00,722,30.49,USD,transport,pix,BR,mobile,0,0
698,2026-01-03 10:05:00,591,49.66,USD,transport,pix,BR,mobile,0,0
699,2026-01-03 10:10:00,51,20.6,USD,groceries,pix,BR,mobile,0,0
700,2026-01-03 10:15:00,96,14.21,USD,online_services,pix,BR,mobile,0,0
701,2026-01-03 10:20:00,521,92.43,USD,electronics,digital_wallet,CO,mobile,1,0
702,2026-01-03 10:25:00,617,48.79,USD,utilities,card,AR,desktop,1,0
703,2026-01-03 10:30:00,168,54.07,USD,travel,card,BR,desktop,1,0
704,2026-01-03 10:35:00,172,148.73,USD,entertainment,card,AR,mobile,1,0
705,2026-01-03 10:40:00,130,11.53,USD,electronics,card,BR,mobile,0,0
706,2026-01-03 10:45:00,565,19.07,USD,entertainment,digital_wallet,BR,desktop,1,0
707,2026-01-03 10:50:00,8,38.78,USD,restaurants,card,US,tablet,1,0
708,2026-01-03 10:55:00,573,18.83,USD,online_services,card,CO,mobile,1,0
709,2026-01-03 11:00:00,476,72.47,USD,electronics,card,CL,mobile,0,0
710,2026-01-03 11:05:00,466,27.46,USD,groceries,card,BR,desktop,1,0
711,2026-01-03 11:10:00,680,12.27,USD,online_services,pix,BR,mobile,0,0
712,2026-01-03 11:15:00,523,35.37,USD,groceries,digital_wallet,CO,mobile,0,0
713,2026-01-03 11:20:00,728,39.27,USD,electronics,pix,AR,mobile,1,0
714,2026-01-03 11:25:00,764,84.33,USD,utilities,card,CL,mobile,1,0
715,2026-01-03 11:30:00,921,49.06,USD,transport,pix,PT,mobile,1,0
716,2026-01-03 11:35:00,800,52.52,USD,restaurants,bank_transfer,BR,mobile,1,0
717,2026-01-03 11:40:00,518,45.62,USD,restaurants,card,MX,mobile,1,0
718,2026-01-03 11:45:00,493,27.43,USD,entertainment,pix,AR,desktop,1,0
719,2026-01-03 11:50:00,236,16.18,USD,travel,pix,BR,mobile,0,0
720,2026-01-03 11:55:00,600,44.21,USD,travel,pix,BR,desktop,1,0
721,2026-01-03 12:00:00,140,23.73,USD,travel,card,CL,mobile,1,0
722,2026-01-03 12:05:00,932,179.44,USD,transport,pix,BR,mobile,1,0
723,2026-01-03 12:10:00,846,126.75,USD,online_services,bank_transfer,CL,desktop,0,0
724,2026-01-03 12:15:00,120,62.35,USD,restaurants,pix,CO,mobile,1,0
725,2026-01-03 12:20:00,786,48.35,USD,utilities,card,AR,mobile,1,0
726,2026-01-03 12:25:00,118,30.33,USD,utilities,card,AR,mobile,1,0
727,2026-01-03 12:30:00,722,9.38,USD,groceries,pix,CL,mobile,1,0
728,2026-01-03 12:35:00,88,26.68,USD,restaurants,pix,AR,desktop,1,0
729,2026-01-03 12:40:00,489,36.65,USD,travel,digital_wallet,US,desktop,1,1
730,2026-01-03 12:45:00,658,41.66,USD,restaurants,pix,BR,mobile,0,0
731,2026-01-03 12:50:00,729,52.96,USD,utilities,card,PT,mobile,1,0
732,2026-01-03 12:55:00,419,83.21,USD,electronics,bank_transfer,BR,mobile,1,0
733,2026-01-03 13:00:00,922,16.57,USD,utilities,pix,BR,tablet,0,0
734,2026-01-03 13:05:00,775,16.73,USD,groceries,pix,CO,mobile,1,0
735,2026-01-03 13:10:00,209,141.3,USD,groceries,pix,BR,mobile,0,0
736,2026-01-03 13:15:00,672,71.59,USD,entertainment,card,BR,mobile,1,0
737,2026-01-03 13:20:00,731,22.4,USD,utilities,card,BR,mobile,1,0
738,2026-01-03 13:25:00,334,29.75,USD,online_services,card,CO,mobile,1,0
739,2026-01-03 13:30:00,739,29.88,USD,utilities,card,AR,mobile,1,0
740,2026-01-03 13:35:00,899,34.18,USD,entertainment,pix,BR,mobile,0,0
741,2026-01-03 13:40:00,818,53.13,USD,groceries,card,AR,mobile,1,0
742,2026-01-03 13:45:00,763,417.8,USD,travel,bank_transfer,BR,mobile,0,0
743,2026-01-03 13:50:00,635,40.04,USD,entertainment,card,PT,mobile,1,0
744,2026-01-03 13:55:00,271,64.24,USD,electronics,pix,BR,mobile,0,0
745,2026-01-03 14:00:00,796,6.13,USD,online_services,pix,AR,mobile,1,0
746,2026-01-03 14:05:00,365,20.39,USD,online_services,card,AR,mobile,0,0
747,2026-01-03 14:10:00,533,113.16,USD,utilities,pix,AR,desktop,1,0
748,2026-01-03 14:15:00,315,49.52,USD,online_services,digital_wallet,PT,mobile,1,0
749,2026-01-03 14:20:00,314,0.41,USD,travel,digital_wallet,BR,mobile,0,0
750,2026-01-03 14:25:00,158,64.98,USD,utilities,card,CO,mobile,0,0
751,2026-01-03 14:30:00,962,225.46,USD,groceries,pix,BR,mobile,1,0
752,2026-01-03 14:35:00,148,4.5,USD,restaurants,card,CL,mobile,1,0
753,2026-01-03 14:40:00,87,151.32,USD,entertainment,pix,BR,mobile,1,0
754,2026-01-03 14:45:00,937,2.07,USD,groceries,card,BR,mobile,0,0
755,2026-01-03 14:50:00,556,84.61,USD,utilities,digital_wallet,BR,mobile,1,0
756,2026-01-03 14:55:00,438,32.83,USD,restaurants,pix,BR,mobile,1,0
757,2026-01-03 15:00:00,738,3.16,USD,transport,card,PT,mobile,1,0
758,2026-01-03 15:05:00,384,51.74,USD,transport,digital_wallet,MX,tablet,1,0
759,2026-01-03 15:10:00,128,104.67,USD,travel,pix,BR,desktop,0,0
760,2026-01-03 15:15:00,730,47.65,USD,groceries,card,AR,mobile,1,0
761,2026-01-03 15:20:00,176,59.43,USD,utilities,bank_transfer,CO,mobile,1,0
762,2026-01-03 15:25:00,553,21.94,USD,online_services,pix,BR,mobile,1,0
763,2026-01-03 15:30:00,950,5.15,USD,entertainment,card,BR,tablet,1,0
764,2026-01-03 15:35:00,937,66.15,USD,restaurants,card,CO,mobile,1,0
765,2026-01-03 15:40:00,361,190.52,USD,transport,card,BR,mobile,0,0
766,2026-01-03 15:45:00,781,102.47,USD,restaurants,card,AR,tablet,1,0
767,2026-01-03 15:50:00,613,4.54,USD,travel,bank_transfer,BR,mobile,1,0
768,2026-01-03 15:55:00,480,7.28,USD,online_services,card,BR,desktop,1,0
769,2026-01-03 16:00:00,140,14.21,USD,online_services,pix,CL,mobile,1,0
770,2026-01-03 16:05:00,377,6.73,USD,online_services,digital_wallet,CO,mobile,1,0
771,2026-01-03 16:10:00,652,34.61,USD,entertainment,digital_wallet,PT,mobile,1,0
772,2026-01-03 16:15:00,987,49.08,USD,restaurants,bank_transfer,BR,desktop,0,0
773,2026-01-03 16:20:00,5,7.92,USD,electronics,bank_transfer,CO,mobile,1,0
774,2026-01-03 16:25:00,718,72.03,USD,transport,digital_wallet,US,mobile,1,0
775,2026-01-03 16:30:00,847,60.41,USD,groceries,bank_transfer,CL,desktop,1,0
776,2026-01-03 16:35:00,952,19.14,USD,utilities,pix,PT,mobile,1,0
777,2026-01-03 16:40:00,424,27.87,USD,travel,card,PT,mobile,1,0
778,2026-01-03 16:45:00,119,4.71,USD,online_services,card,MX,mobile,1,1
779,2026-01-03 16:50:00,271,23.75,USD,utilities,card,PT,mobile,1,0
780,2026-01-03 16:55:00,851,33.36,USD,entertainment,card,CL,mobile,1,0
781,2026-01-03 17:00:00,878,39.2,USD,groceries,card,AR,desktop,0,0
782,2026-01-03 17:05:00,638,48.37,USD,electronics,card,US,mobile,1,1
783,2026-01-03 17:10:00,123,42.28,USD,electronics,pix,MX,mobile,1,0
784,2026-01-03 17:15:00,122,25.42,USD,entertainment,card,BR,mobile,1,0
785,2026-01-03 17:20:00,479,44.09,USD,travel,card,BR,mobile,1,0
786,2026-01-03 17:25:00,589,90.2,USD,utilities,pix,BR,mobile,1,0
787,2026-01-03 17:30:00,33,30.1,USD,groceries,card,US,mobile,1,0
788,2026-01-03 17:35:00,687,45.49,USD,groceries,pix,BR,desktop,0,0
789,2026-01-03 17:40:00,545,27.49,USD,online_services,card,BR,desktop,0,0
790,2026-01-03 17:45:00,13,17.34,USD,electronics,pix,AR,mobile,1,0
791,2026-01-03 17:50:00,96,55.86,USD,utilities,bank_transfer,BR,mobile,0,0
792,2026-01-03 17:55:00,455,19.01,USD,utilities,card,PT,mobile,1,0
793,2026-01-03 18:00:00,723,48.72,USD,groceries,bank_transfer,AR,mobile,1,0
794,2026-01-03 18:05:00,826,34.06,USD,entertainment,bank_transfer,BR,mobile,1,0
795,2026-01-03 18:10:00,432,24.44,USD,restaurants,digital_wallet,BR,desktop,0,0
796,2026-01-03 18:15:00,296,23.85,USD,restaurants,bank_transfer,MX,desktop,1,0
797,2026-01-03 18:20:00,969,19.92,USD,restaurants,pix,CL,mobile,1,0
798,2026-01-03 18:25:00,459,6.39,USD,utilities,card,AR,mobile,1,0
799,2026-01-03 18:30:00,316,48.56,USD,groceries,card,BR,mobile,0,0
800,2026-01-03 18:35:00,443,41.74,USD,entertainment,card,US,mobile,1,0
801,2026-01-03 18:40:00,13,77.45,USD,electronics,card,CO,mobile,1,0
802,2026-01-03 18:45:00,302,19.46,USD,transport,digital_wallet,CO,desktop,1,0
803,2026-01-03 18:50:00,516,220.39,USD,restaurants,card,BR,tablet,1,0
804,2026-01-03 18:55:00,919,22.65,USD,transport,pix,PT,tablet,1,0
805,2026-01-03 19:00:00,739,13.8,USD,transport,digital_wallet,CO,mobile,1,0
806,2026-01-03 19:05:00,782,12.26,USD,transport,card,BR,mobile,1,0
807,2026-01-03 19:10:00,545,5.85,USD,travel,card,PT,mobile,1,0
808,2026-01-03 19:15:00,111,153.34,USD,online_services,card,US,desktop,1,0
809,2026-01-03 19:20:00,391,130.46,USD,electronics,card,CO,mobile,1,0
810,2026-01-03 19:25:00,998,60.39,USD,restaurants,pix,CO,mobile,1,0
811,2026-01-03 19:30:00,45,13.52,USD,travel,card,BR,mobile,1,0
812,2026-01-03 19:35:00,880,202.61,USD,utilities,pix,AR,desktop,1,0
813,2026-01-03 19:40:00,685,23.3,USD,travel,card,BR,mobile,0,0
814,2026-01-03 19:45:00,284,25.3,USD,travel,pix,AR,desktop,1,0
815,2026-01-03 19:50:00,778,139.39,USD,entertainment,card,BR,mobile,1,0
816,2026-01-03 19:55:00,837,64.0,USD,online_services,pix,BR,mobile,0,0
817,2026-01-03 20:00:00,44,299.2,USD,groceries,card,US,desktop,1,0
818,2026-01-03 20:05:00,107,42.47,USD,online_services,bank_transfer,BR,desktop,1,0
819,2026-01-03 20:10:00,666,22.26,USD,online_services,pix,MX,mobile,1,0
820,2026-01-03 20:15:00,1000,17.96,USD,online_services,card,BR,mobile,0,0
821,2026-01-03 20:20:00,24,5.22,USD,electronics,pix,BR,mobile,1,0
822,2026-01-03 20:25:00,666,25.06,USD,utilities,card,BR,mobile,0,0
823,2026-01-03 20:30:00,137,104.02,USD,groceries,bank_transfer,BR,mobile,0,0
824,2026-01-03 20:35:00,651,60.27,USD,electronics,digital_wallet,AR,desktop,1,0
825,2026-01-03 20:40:00,624,33.79,USD,online_services,card,BR,mobile,0,0
826,2026-01-03 20:45:00,91,12.24,USD,transport,pix,CL,mobile,1,0
827,2026-01-03 20:50:00,681,41.55,USD,utilities,card,AR,mobile,0,0
828,2026-01-03 20:55:00,898,91.18,USD,transport,pix,BR,mobile,0,0
829,2026-01-03 21:00:00,864,50.94,USD,travel,card,BR,mobile,1,0
830,2026-01-03 21:05:00,29,39.12,USD,entertainment,pix,BR,mobile,1,0
831,2026-01-03 21:10:00,246,14.93,USD,online_services,bank_transfer,BR,desktop,0,0
832,2026-01-03 21:15:00,241,78.82,USD,transport,card,BR,desktop,1,0
833,2026-01-03 21:20:00,454,1.44,USD,utilities,bank_transfer,CO,mobile,1,0
834,2026-01-03 21:25:00,144,48.56,USD,electronics,card,CL,desktop,1,0
835,2026-01-03 21:30:00,855,432.82,USD,electronics,digital_wallet,US,mobile,1,0
836,2026-01-03 21:35:00,777,7.33,USD,groceries,bank_transfer,CO,mobile,1,0
837,2026-01-03 21:40:00,809,26.01,USD,groceries,card,AR,desktop,1,0
838,2026-01-03 21:45:00,199,32.85,USD,utilities,card,BR,mobile,0,0
839,2026-01-03 21:50:00,15,20.85,USD,groceries,pix,BR,tablet,1,0
840,2026-01-03 21:55:00,911,93.35,USD,groceries,pix,CL,mobile,1,0
841,2026-01-03 22:00:00,289,53.11,USD,restaurants,card,BR,tablet,0,0
842,2026-01-03 22:05:00,657,38.56,USD,transport,digital_wallet,BR,mobile,1,0
843,2026-01-03 22:10:00,910,73.5,USD,restaurants,bank_transfer,PT,mobile,1,0
844,2026-01-03 22:15:00,37,33.67,USD,travel,digital_wallet,BR,mobile,1,0
845,2026-01-03 22:20:00,6,796.21,USD,utilities,card,BR,desktop,0,0
846,2026-01-03 22:25:00,6,38.53,USD,travel,card,US,mobile,1,0
847,2026-01-03 22:30:00,157,40.26,USD,entertainment,card,BR,mobile,0,0
848,2026-01-03 22:35:00,52,5.99,USD,online_services,card,BR,tablet,1,0
849,2026-01-03 22:40:00,820,19.23,USD,online_services,card,BR,mobile,0,0
850,2026-01-03 22:45:00,606,104.31,USD,entertainment,card,BR,mobile,1,0
851,2026-01-03 22:50:00,981,8.71,USD,groceries,pix,PT,mobile,1,0
852,2026-01-03 22:55:00,802,3.83,USD,utilities,card,CL,desktop,1,0
853,2026-01-03 23:00:00,964,34.2,USD,utilities,card,AR,desktop,1,0
854,2026-01-03 23:05:00,239,130.42,USD,transport,pix,BR,mobile,0,0
855,2026-01-03 23:10:00,288,34.55,USD,restaurants,pix,BR,mobile,1,0
856,2026-01-03 23:15:00,850,23.66,USD,restaurants,bank_transfer,CL,mobile,1,0
857,2026-01-03 23:20:00,245,5.16,USD,transport,pix,BR,mobile,0,0
858,2026-01-03 23:25:00,58,52.05,USD,entertainment,card,BR,desktop,1,0
859,2026-01-03 23:30:00,670,64.15,USD,online_services,pix,CL,desktop,1,0
860,2026-01-03 23:35:00,801,5.57,USD,restaurants,pix,US,desktop,1,0
861,2026-01-03 23:40:00,969,102.98,USD,electronics,card,US,mobile,1,0
862,2026-01-03 23:45:00,928,71.21,USD,utilities,card,MX,mobile,1,0
863,2026-01-03 23:50:00,121,102.75,USD,groceries,digital_wallet,AR,desktop,1,0
864,2026-01-03 23:55:00,773,59.35,USD,online_services,card,MX,mobile,1,0
865,2026-01-04 00:00:00,847,63.67,USD,groceries,card,US,mobile,1,0
866,2026-01-04 00:05:00,699,55.74,USD,transport,card,BR,desktop,1,0
867,2026-01-04 00:10:00,820,78.92,USD,groceries,bank_transfer,BR,mobile,0,0
868,2026-01-04 00:15:00,838,5.37,USD,utilities,pix,BR,mobile,0,0
869,2026-01-04 00:20:00,447,7.38,USD,electronics,digital_wallet,PT,mobile,1,0
870,2026-01-04 00:25:00,41,15.86,USD,electronics,bank_transfer,US,mobile,1,0
871,2026-01-04 00:30:00,457,29.08,USD,travel,bank_transfer,MX,desktop,0,0
872,2026-01-04 00:35:00,202,48.82,USD,transport,card,BR,mobile,0,0
873,2026-01-04 00:40:00,114,45.82,USD,utilities,card,PT,mobile,1,0
874,2026-01-04 00:45:00,125,101.2,USD,electronics,bank_transfer,BR,tablet,0,0
875,2026-01-04 00:50:00,698,104.43,USD,utilities,digital_wallet,BR,desktop,0,0
876,2026-01-04 00:55:00,505,13.84,USD,entertainment,bank_transfer,CL,mobile,1,0
877,2026-01-04 01:00:00,540,42.04,USD,entertainment,digital_wallet,MX,mobile,1,0
878,2026-01-04 01:05:00,746,14.18,USD,online_services,pix,US,mobile,1,0
879,2026-01-04 01:10:00,549,27.43,USD,travel,pix,BR,desktop,1,0
880,2026-01-04 01:15:00,631,45.69,USD,transport,pix,BR,mobile,1,0
881,2026-01-04 01:20:00,87,1.1,USD,entertainment,pix,AR,mobile,1,0
882,2026-01-04 01:25:00,852,369.17,USD,entertainment,card,BR,mobile,0,0
883,2026-01-04 01:30:00,449,58.35,USD,electronics,card,US,desktop,1,0
884,2026-01-04 01:35:00,156,18.25,USD,transport,card,BR,desktop,1,0
885,2026-01-04 01:40:00,814,227.55,USD,online_services,card,BR,mobile,1,0
886,2026-01-04 01:45:00,735,23.4,USD,transport,card,BR,mobile,1,0
887,2026-01-04 01:50:00,54,37.81,USD,groceries,pix,CO,mobile,1,0
888,2026-01-04 01:55:00,194,20.35,USD,entertainment,pix,US,mobile,1,0
889,2026-01-04 02:00:00,16,172.78,USD,groceries,pix,BR,mobile,0,0
890,2026-01-04 02:05:00,271,29.82,USD,utilities,pix,BR,desktop,0,0
891,2026-01-04 02:10:00,100,38.45,USD,utilities,card,US,mobile,1,0
892,2026-01-04 02:15:00,710,110.36,USD,entertainment,card,AR,mobile,1,0
893,2026-01-04 02:20:00,523,59.45,USD,restaurants,pix,BR,desktop,1,0
894,2026-01-04 02:25:00,981,31.36,USD,online_services,card,BR,mobile,1,0
895,2026-01-04 02:30:00,750,100.52,USD,groceries,pix,PT,mobile,1,0
896,2026-01-04 02:35:00,612,419.26,USD,groceries,bank_transfer,CO,tablet,1,0
897,2026-01-04 02:40:00,510,45.49,USD,transport,card,BR,desktop,0,0
898,2026-01-04 02:45:00,55,37.22,USD,travel,bank_transfer,BR,mobile,0,0
899,2026-01-04 02:50:00,71,39.28,USD,entertainment,card,BR,mobile,0,0
900,2026-01-04 02:55:00,617,122.78,USD,transport,pix,BR,desktop,1,0
901,2026-01-04 03:00:00,5,18.19,USD,online_services,bank_transfer,BR,mobile,0,0
902,2026-01-04 03:05:00,43,25.07,USD,utilities,pix,BR,mobile,1,0
903,2026-01-04 03:10:00,220,7.12,USD,restaurants,pix,BR,mobile,0,0
904,2026-01-04 03:15:00,885,10.14,USD,groceries,pix,BR,desktop,1,0
905,2026-01-04 03:20:00,459,19.73,USD,entertainment,card,AR,mobile,1,0
906,2026-01-04 03:25:00,710,31.31,USD,restaurants,pix,AR,mobile,1,0
907,2026-01-04 03:30:00,412,194.24,USD,transport,pix,MX,desktop,1,0
908,2026-01-04 03:35:00,174,56.6,USD,utilities,card,BR,mobile,1,0
909,2026-01-04 03:40:00,372,13.3,USD,restaurants,card,US,mobile,1,0
910,2026-01-04 03:45:00,92,15.99,USD,transport,digital_wallet,US,tablet,1,0
911,2026-01-04 03:50:00,771,130.94,USD,online_services,card,PT,mobile,1,0
912,2026-01-04 03:55:00,184,102.17,USD,entertainment,bank_transfer,BR,mobile,0,0
913,2026-01-04 04:00:00,377,34.06,USD,travel,card,BR,desktop,0,0
914,2026-01-04 04:05:00,981,21.27,USD,online_services,card,CL,mobile,1,0
915,2026-01-04 04:10:00,592,102.0,USD,utilities,pix,BR,mobile,1,0
916,2026-01-04 04:15:00,459,12.26,USD,electronics,pix,BR,mobile,0,0
917,2026-01-04 04:20:00,544,49.01,USD,entertainment,pix,BR,mobile,0,0
918,2026-01-04 04:25:00,785,321.39,USD,travel,card,CL,mobile,1,0
919,2026-01-04 04:30:00,255,40.66,USD,transport,pix,MX,mobile,1,0
920,2026-01-04 04:35:00,637,15.25,USD,online_services,pix,BR,mobile,0,0
921,2026-01-04 04:40:00,873,49.92,USD,travel,card,US,mobile,1,0
922,2026-01-04 04:45:00,573,20.7,USD,entertainment,pix,MX,desktop,1,0
923,2026-01-04 04:50:00,447,8.21,USD,electronics,card,BR,mobile,0,0
924,2026-01-04 04:55:00,146,66.76,USD,restaurants,card,BR,mobile,0,0
925,2026-01-04 05:00:00,249,101.27,USD,groceries,card,BR,mobile,1,0
926,2026-01-04 05:05:00,947,24.27,USD,utilities,card,US,desktop,1,0
927,2026-01-04 05:10:00,542,22.71,USD,travel,bank_transfer,CO,mobile,0,0
928,2026-01-04 05:15:00,302,12.66,USD,travel,digital_wallet,CL,mobile,1,0
929,2026-01-04 05:20:00,419,28.5,USD,groceries,card,CL,mobile,0,0
930,2026-01-04 05:25:00,579,18.87,USD,utilities,card,BR,tablet,1,0
931,2026-01-04 05:30:00,538,12.05,USD,transport,digital_wallet,US,mobile,1,0
932,2026-01-04 05:35:00,700,219.68,USD,travel,card,US,mobile,1,0
933,2026-01-04 05:40:00,258,52.8,USD,transport,card,CO,mobile,1,0
934,2026-01-04 05:45:00,650,58.7,USD,restaurants,pix,AR,mobile,1,0
935,2026-01-04 05:50:00,443,80.11,USD,restaurants,card,BR,mobile,0,0
936,2026-01-04 05:55:00,941,71.6,USD,utilities,pix,BR,mobile,1,0
937,2026-01-04 06:00:00,158,21.91,USD,groceries,digital_wallet,BR,mobile,1,0
938,2026-01-04 06:05:00,149,43.49,USD,groceries,pix,AR,mobile,0,0
939,2026-01-04 06:10:00,462,25.3,USD,transport,pix,MX,desktop,0,0
940,2026-01-04 06:15:00,509,51.34,USD,online_services,card,US,mobile,1,0
941,2026-01-04 06:20:00,691,46.6,USD,entertainment,card,BR,mobile,0,0
942,2026-01-04 06:25:00,405,22.59,USD,utilities,bank_transfer,BR,mobile,0,0
943,2026-01-04 06:30:00,914,8.76,USD,restaurants,digital_wallet,BR,desktop,0,0
944,2026-01-04 06:35:00,475,38.33,USD,online_services,bank_transfer,PT,desktop,1,0
945,2026-01-04 06:40:00,130,27.0,USD,groceries,card,MX,desktop,1,0
946,2026-01-04 06:45:00,120,5.0,USD,groceries,bank_transfer,AR,desktop,1,0
947,2026-01-04 06:50:00,974,55.02,USD,electronics,card,AR,mobile,1,0
948,2026-01-04 06:55:00,135,86.95,USD,electronics,pix,AR,mobile,1,1
949,2026-01-04 07:00:00,948,415.03,USD,transport,pix,BR,mobile,1,0
950,2026-01-04 07:05:00,279,22.39,USD,restaurants,card,BR,mobile,1,0
951,2026-01-04 07:10:00,94,19.32,USD,transport,pix,BR,desktop,0,0
952,2026-01-04 07:15:00,305,10.92,USD,transport,pix,BR,mobile,0,0
953,2026-01-04 07:20:00,615,40.8,USD,travel,bank_transfer,AR,mobile,1,0
954,2026-01-04 07:25:00,428,40.54,USD,transport,card,BR,mobile,1,1
955,2026-01-04 07:30:00,786,14.71,USD,restaurants,card,CO,desktop,1,0
956,2026-01-04 07:35:00,611,27.8,USD,travel,pix,AR,desktop,0,0
957,2026-01-04 07:40:00,401,4.58,USD,travel,card,AR,desktop,1,1
958,2026-01-04 07:45:00,635,83.63,USD,electronics,card,PT,mobile,1,0
959,2026-01-04 07:50:00,972,15.32,USD,groceries,card,BR,desktop,1,0
960,2026-01-04 07:55:00,412,31.99,USD,online_services,card,CL,desktop,1,0
961,2026-01-04 08:00:00,154,7.95,USD,travel,pix,BR,mobile,0,0
962,2026-01-04 08:05:00,409,18.5,USD,transport,digital_wallet,CO,mobile,1,0
963,2026-01-04 08:10:00,841,25.04,USD,entertainment,bank_transfer,AR,mobile,0,0
964,2026-01-04 08:15:00,218,32.74,USD,electronics,pix,BR,mobile,1,0
965,2026-01-04 08:20:00,950,53.5,USD,restaurants,card,BR,desktop,1,0
966,2026-01-04 08:25:00,589,139.64,USD,entertainment,pix,CO,mobile,1,0
967,2026-01-04 08:30:00,602,68.9,USD,groceries,pix,CL,mobile,1,0
968,2026-01-04 08:35:00,318,86.67,USD,transport,bank_transfer,CL,mobile,1,0
969,2026-01-04 08:40:00,921,140.63,USD,entertainment,pix,BR,tablet,1,0
970,2026-01-04 08:45:00,37,58.54,USD,entertainment,pix,CL,mobile,1,0
971,2026-01-04 08:50:00,299,31.92,USD,online_services,card,AR,tablet,1,0
972,2026-01-04 08:55:00,419,90.84,USD,entertainment,bank_transfer,BR,mobile,1,0
973,2026-01-04 09:00:00,478,96.84,USD,restaurants,bank_transfer,AR,mobile,1,0
974,2026-01-04 09:05:00,475,63.34,USD,entertainment,card,AR,mobile,0,0
975,2026-01-04 09:10:00,148,7.73,USD,utilities,digital_wallet,MX,mobile,1,0
976,2026-01-04 09:15:00,226,14.28,USD,entertainment,card,BR,mobile,1,0
977,2026-01-04 09:20:00,96,25.16,USD,entertainment,card,BR,mobile,0,0
978,2026-01-04 09:25:00,573,72.21,USD,utilities,bank_transfer,PT,mobile,1,0
979,2026-01-04 09:30:00,351,32.42,USD,travel,pix,US,mobile,1,0
980,2026-01-04 09:35:00,566,103.22,USD,online_services,card,BR,mobile,0,0
981,2026-01-04 09:40:00,590,123.38,USD,entertainment,card,US,desktop,1,0
982,2026-01-04 09:45:00,703,109.86,USD,groceries,card,BR,mobile,1,0
983,2026-01-04 09:50:00,548,110.56,USD,restaurants,card,US,desktop,1,0
984,2026-01-04 09:55:00,648,11.74,USD,electronics,pix,BR,mobile,0,0
985,2026-01-04 10:00:00,588,53.66,USD,electronics,card,BR,mobile,1,0
986,2026-01-04 10:05:00,653,18.04,USD,utilities,pix,PT,mobile,1,0
987,2026-01-04 10:10:00,617,6.37,USD,entertainment,pix,BR,mobile,1,0
988,2026-01-04 10:15:00,317,24.84,USD,groceries,pix,MX,mobile,1,0
989,2026-01-04 10:20:00,247,124.55,USD,electronics,digital_wallet,AR,desktop,1,0
990,2026-01-04 10:25:00,788,52.5,USD,travel,card,BR,mobile,0,0
991,2026-01-04 10:30:00,343,249.09,USD,online_services,card,PT,mobile,1,1
992,2026-01-04 10:35:00,550,39.54,USD,entertainment,card,AR,desktop,1,0
993,2026-01-04 10:40:00,197,382.91,USD,restaurants,card,US,desktop,1,0
994,2026-01-04 10:45:00,432,39.55,USD,restaurants,pix,US,mobile,1,0
995,2026-01-04 10:50:00,530,33.87,USD,transport,card,BR,mobile,1,0
996,2026-01-04 10:55:00,627,9.21,USD,electronics,pix,BR,mobile,0,0
997,2026-01-04 11:00:00,527,100.54,USD,groceries,digital_wallet,BR,desktop,1,0
998,2026-01-04 11:05:00,361,20.04,USD,utilities,card,AR,mobile,1,0
999,2026-01-04 11:10:00,962,17.34,USD,groceries,card,BR,mobile,1,0
1000,2026-01-04 11:15:00,513,119.25,USD,groceries,bank_transfer,BR,mobile,0,0
1001,2026-01-04 11:20:00,809,105.45,USD,restaurants,bank_transfer,MX,mobile,1,0
1002,2026-01-04 11:25:00,737,102.72,USD,restaurants,card,BR,mobile,1,0
1003,2026-01-04 11:30:00,559,23.05,USD,travel,pix,CO,mobile,1,0
1004,2026-01-04 11:35:00,887,31.47,USD,utilities,card,AR,desktop,1,0
1005,2026-01-04 11:40:00,129,31.19,USD,online_services,pix,BR,desktop,1,0
1006,2026-01-04 11:45:00,922,72.42,USD,utilities,pix,BR,mobile,0,0
1007,2026-01-04 11:50:00,851,156.58,USD,entertainment,card,BR,desktop,0,0
1008,2026-01-04 11:55:00,504,47.85,USD,travel,card,CL,mobile,1,0
1009,2026-01-04 12:00:00,734,238.62,USD,transport,pix,BR,mobile,1,0
1010,2026-01-04 12:05:00,521,81.22,USD,electronics,pix,MX,mobile,1,0
1011,2026-01-04 12:10:00,269,26.19,USD,utilities,bank_transfer,MX,tablet,0,0
1012,2026-01-04 12:15:00,800,75.85,USD,groceries,pix,BR,mobile,1,0
1013,2026-01-04 12:20:00,246,182.35,USD,utilities,bank_transfer,US,mobile,1,0
1014,2026-01-04 12:25:00,315,244.27,USD,utilities,pix,PT,mobile,1,0
1015,2026-01-04 12:30:00,520,108.52,USD,groceries,pix,BR,desktop,1,0
1016,2026-01-04 12:35:00,838,33.98,USD,restaurants,card,PT,mobile,1,0
1017,2026-01-04 12:40:00,384,26.66,USD,transport,card,BR,mobile,0,0
1018,2026-01-04 12:45:00,495,58.91,USD,online_services,pix,CL,desktop,1,0
1019,2026-01-04 12:50:00,42,176.62,USD,electronics,card,BR,desktop,1,0
1020,2026-01-04 12:55:00,116,51.1,USD,utilities,card,MX,desktop,1,0
1021,2026-01-04 13:00:00,56,52.17,USD,travel,card,MX,mobile,1,0
1022,2026-01-04 13:05:00,73,34.86,USD,groceries,digital_wallet,PT,desktop,1,0
1023,2026-01-04 13:10:00,869,23.86,USD,entertainment,pix,PT,mobile,1,0
1024,2026-01-04 13:15:00,842,28.16,USD,entertainment,bank_transfer,BR,mobile,0,0
1025,2026-01-04 13:20:00,822,37.92,USD,utilities,digital_wallet,CL,mobile,1,0
1026,2026-01-04 13:25:00,56,184.58,USD,online_services,pix,BR,mobile,0,0
1027,2026-01-04 13:30:00,78,26.06,USD,travel,pix,BR,mobile,0,0
1028,2026-01-04 13:35:00,281,34.9,USD,online_services,pix,BR,mobile,0,0
1029,2026-01-04 13:40:00,566,13.94,USD,restaurants,pix,US,mobile,1,0
1030,2026-01-04 13:45:00,335,67.8,USD,travel,bank_transfer,CL,mobile,1,0
1031,2026-01-04 13:50:00,488,129.89,USD,travel,bank_transfer,BR,mobile,1,0
1032,2026-01-04 13:55:00,173,168.09,USD,restaurants,pix,PT,mobile,1,0
1033,2026-01-04 14:00:00,731,40.58,USD,travel,bank_transfer,MX,mobile,0,0
1034,2026-01-04 14:05:00,314,58.81,USD,entertainment,pix,BR,mobile,0,0
1035,2026-01-04 14:10:00,67,28.4,USD,electronics,card,AR,desktop,1,0
1036,2026-01-04 14:15:00,743,56.15,USD,entertainment,card,CO,mobile,1,0
1037,2026-01-04 14:20:00,903,45.33,USD,entertainment,card,CL,desktop,1,0
1038,2026-01-04 14:25:00,15,35.1,USD,travel,card,AR,mobile,1,0
1039,2026-01-04 14:30:00,437,38.01,USD,electronics,pix,AR,desktop,1,0
1040,2026-01-04 14:35:00,828,52.04,USD,transport,card,BR,desktop,0,0
1041,2026-01-04 14:40:00,707,24.68,USD,entertainment,digital_wallet,AR,mobile,1,0
1042,2026-01-04 14:45:00,857,25.98,USD,online_services,card,BR,tablet,1,0
1043,2026-01-04 14:50:00,416,182.61,USD,electronics,card,BR,mobile,1,0
1044,2026-01-04 14:55:00,373,497.97,USD,travel,pix,BR,desktop,1,0
1045,2026-01-04 15:00:00,710,9.93,USD,online_services,card,CL,mobile,1,0
1046,2026-01-04 15:05:00,154,9.4,USD,transport,card,BR,mobile,0,0
1047,2026-01-04 15:10:00,240,12.72,USD,utilities,card,BR,mobile,0,0
1048,2026-01-04 15:15:00,601,29.87,USD,transport,pix,BR,mobile,1,0
1049,2026-01-04 15:20:00,669,81.11,USD,transport,card,PT,desktop,1,0
1050,2026-01-04 15:25:00,120,59.81,USD,transport,pix,BR,desktop,0,0
1051,2026-01-04 15:30:00,509,39.33,USD,groceries,card,BR,mobile,1,0
1052,2026-01-04 15:35:00,365,56.2,USD,electronics,card,BR,mobile,1,0
1053,2026-01-04 15:40:00,502,16.58,USD,transport,card,CO,tablet,1,0
1054,2026-01-04 15:45:00,959,25.94,USD,restaurants,card,BR,desktop,1,0
1055,2026-01-04 15:50:00,77,32.46,USD,utilities,bank_transfer,BR,mobile,1,0
1056,2026-01-04 15:55:00,996,6.79,USD,travel,card,US,mobile,1,0
1057,2026-01-04 16:00:00,450,10.37,USD,restaurants,pix,CO,mobile,1,0
1058,2026-01-04 16:05:00,773,10.79,USD,restaurants,bank_transfer,AR,mobile,1,0
1059,2026-01-04 16:10:00,425,71.1,USD,utilities,card,AR,desktop,1,0
1060,2026-01-04 16:15:00,311,42.32,USD,transport,bank_transfer,PT,mobile,1,0
1061,2026-01-04 16:20:00,771,61.01,USD,electronics,pix,PT,mobile,1,0
1062,2026-01-04 16:25:00,688,5.26,USD,groceries,pix,CO,mobile,1,0
1063,2026-01-04 16:30:00,145,7.51,USD,utilities,bank_transfer,CO,mobile,1,0
1064,2026-01-04 16:35:00,706,64.28,USD,transport,card,US,mobile,1,0
1065,2026-01-04 16:40:00,754,2.06,USD,entertainment,pix,PT,desktop,1,0
1066,2026-01-04 16:45:00,388,112.69,USD,electronics,pix,BR,desktop,1,0
1067,2026-01-04 16:50:00,926,5.35,USD,utilities,pix,PT,mobile,1,0
1068,2026-01-04 16:55:00,641,76.96,USD,electronics,card,CO,mobile,0,0
1069,2026-01-04 17:00:00,334,13.62,USD,online_services,card,AR,mobile,1,0
1070,2026-01-04 17:05:00,11,94.53,USD,entertainment,digital_wallet,BR,desktop,0,0
1071,2026-01-04 17:10:00,675,819.06,USD,electronics,pix,BR,desktop,1,0
1072,2026-01-04 17:15:00,210,3.41,USD,electronics,card,MX,mobile,1,0
1073,2026-01-04 17:20:00,757,66.38,USD,travel,card,CL,mobile,1,0
1074,2026-01-04 17:25:00,526,5.43,USD,entertainment,pix,BR,desktop,1,0
1075,2026-01-04 17:30:00,467,50.74,USD,entertainment,card,CL,mobile,1,0
1076,2026-01-04 17:35:00,164,26.93,USD,groceries,card,BR,mobile,1,0
1077,2026-01-04 17:40:00,712,37.7,USD,transport,digital_wallet,AR,mobile,1,0
1078,2026-01-04 17:45:00,166,13.31,USD,electronics,card,AR,mobile,1,0
1079,2026-01-04 17:50:00,418,72.28,USD,travel,card,CL,mobile,1,0
1080,2026-01-04 17:55:00,837,7.78,USD,groceries,pix,BR,mobile,0,0
1081,2026-01-04 18:00:00,921,114.62,USD,restaurants,card,BR,mobile,1,0
1082,2026-01-04 18:05:00,990,21.99,USD,electronics,card,BR,mobile,0,0
1083,2026-01-04 18:10:00,959,8.14,USD,electronics,pix,CL,mobile,1,0
1084,2026-01-04 18:15:00,556,163.19,USD,travel,pix,US,mobile,1,0
1085,2026-01-04 18:20:00,201,30.96,USD,groceries,card,CO,mobile,1,0
1086,2026-01-04 18:25:00,840,223.1,USD,utilities,bank_transfer,CO,mobile,1,0
1087,2026-01-04 18:30:00,802,112.32,USD,transport,bank_transfer,BR,mobile,0,0
1088,2026-01-04 18:35:00,991,14.91,USD,travel,pix,BR,tablet,1,0
1089,2026-01-04 18:40:00,651,30.42,USD,online_services,pix,US,mobile,1,0
1090,2026-01-04 18:45:00,142,37.38,USD,electronics,bank_transfer,AR,mobile,1,0
1091,2026-01-04 18:50:00,503,152.37,USD,transport,card,BR,desktop,0,0
1092,2026-01-04 18:55:00,449,51.29,USD,transport,pix,AR,mobile,1,0
1093,2026-01-04 19:00:00,843,39.5,USD,entertainment,card,CL,mobile,1,0
1094,2026-01-04 19:05:00,393,27.12,USD,online_services,card,BR,mobile,1,0
1095,2026-01-04 19:10:00,329,31.48,USD,travel,digital_wallet,BR,mobile,1,0
1096,2026-01-04 19:15:00,81,122.07,USD,restaurants,card,CL,mobile,0,0
1097,2026-01-04 19:20:00,836,33.24,USD,online_services,card,BR,mobile,1,0
1098,2026-01-04 19:25:00,756,22.31,USD,groceries,card,BR,mobile,1,0
1099,2026-01-04 19:30:00,42,18.83,USD,electronics,pix,MX,mobile,1,0
1100,2026-01-04 19:35:00,434,19.03,USD,restaurants,bank_transfer,PT,desktop,1,0
1101,2026-01-04 19:40:00,480,8.15,USD,groceries,card,BR,mobile,1,0
1102,2026-01-04 19:45:00,470,15.64,USD,online_services,bank_transfer,BR,mobile,0,0
1103,2026-01-04 19:50:00,919,148.18,USD,groceries,card,AR,mobile,0,0
1104,2026-01-04 19:55:00,151,26.93,USD,online_services,digital_wallet,BR,mobile,1,0
1105,2026-01-04 20:00:00,307,66.98,USD,travel,bank_transfer,US,mobile,1,1
1106,2026-01-04 20:05:00,181,2.78,USD,transport,card,CO,mobile,1,0
1107,2026-01-04 20:10:00,245,58.46,USD,utilities,bank_transfer,BR,mobile,0,0
1108,2026-01-04 20:15:00,908,28.18,USD,groceries,card,CO,mobile,1,0
1109,2026-01-04 20:20:00,941,20.46,USD,entertainment,pix,BR,desktop,1,0
1110,2026-01-04 20:25:00,45,39.68,USD,utilities,card,AR,mobile,0,0
1111,2026-01-04 20:30:00,633,20.17,USD,transport,card,US,mobile,1,0
1112,2026-01-04 20:35:00,233,3.96,USD,transport,digital_wallet,BR,mobile,0,0
1113,2026-01-04 20:40:00,193,83.28,USD,groceries,bank_transfer,BR,mobile,0,0
1114,2026-01-04 20:45:00,293,42.23,USD,groceries,pix,US,mobile,1,0
1115,2026-01-04 20:50:00,195,24.19,USD,groceries,digital_wallet,AR,mobile,1,0
1116,2026-01-04 20:55:00,491,12.6,USD,electronics,card,BR,mobile,0,0
1117,2026-01-04 21:00:00,996,7.62,USD,travel,card,BR,desktop,0,0
1118,2026-01-04 21:05:00,587,41.43,USD,electronics,bank_transfer,BR,desktop,1,0
1119,2026-01-04 21:10:00,724,166.24,USD,entertainment,card,AR,mobile,1,0
1120,2026-01-04 21:15:00,494,40.58,USD,transport,bank_transfer,BR,desktop,0,0
1121,2026-01-04 21:20:00,14,8.31,USD,utilities,card,BR,mobile,1,0
1122,2026-01-04 21:25:00,85,41.48,USD,entertainment,card,BR,desktop,0,0
1123,2026-01-04 21:30:00,269,31.4,USD,online_services,card,CL,mobile,1,0
1124,2026-01-04 21:35:00,244,78.57,USD,entertainment,card,US,mobile,1,0
1125,2026-01-04 21:40:00,841,60.75,USD,restaurants,card,CL,mobile,1,0
1126,2026-01-04 21:45:00,844,1.67,USD,travel,card,CL,mobile,1,0
1127,2026-01-04 21:50:00,855,57.13,USD,entertainment,card,MX,mobile,1,0
1128,2026-01-04 21:55:00,638,12.14,USD,groceries,bank_transfer,BR,mobile,0,0
1129,2026-01-04 22:00:00,557,7.99,USD,groceries,pix,BR,mobile,0,0
1130,2026-01-04 22:05:00,650,27.43,USD,groceries,card,BR,mobile,0,0
1131,2026-01-04 22:10:00,407,49.95,USD,restaurants,card,BR,mobile,1,0
1132,2026-01-04 22:15:00,671,6.42,USD,online_services,card,PT,mobile,1,0
1133,2026-01-04 22:20:00,795,66.99,USD,restaurants,card,BR,mobile,1,0
1134,2026-01-04 22:25:00,763,71.05,USD,restaurants,pix,US,mobile,1,0
1135,2026-01-04 22:30:00,614,34.71,USD,electronics,card,BR,mobile,1,0
1136,2026-01-04 22:35:00,59,13.91,USD,electronics,digital_wallet,AR,mobile,1,0
1137,2026-01-04 22:40:00,725,12.44,USD,online_services,card,BR,mobile,1,0
1138,2026-01-04 22:45:00,367,92.38,USD,groceries,card,BR,mobile,1,0
1139,2026-01-04 22:50:00,744,7.31,USD,utilities,pix,BR,tablet,0,0
1140,2026-01-04 22:55:00,540,96.01,USD,restaurants,card,CL,mobile,0,0
1141,2026-01-04 23:00:00,882,28.07,USD,transport,card,AR,desktop,1,0
1142,2026-01-04 23:05:00,339,30.09,USD,electronics,card,MX,mobile,1,0
1143,2026-01-04 23:10:00,932,6.0,USD,online_services,pix,US,mobile,1,0
1144,2026-01-04 23:15:00,845,28.6,USD,restaurants,bank_transfer,AR,mobile,1,0
1145,2026-01-04 23:20:00,332,61.17,USD,transport,card,PT,mobile,1,0
1146,2026-01-04 23:25:00,483,8.7,USD,entertainment,bank_transfer,BR,desktop,1,0
1147,2026-01-04 23:30:00,532,54.52,USD,entertainment,pix,BR,mobile,1,0
1148,2026-01-04 23:35:00,769,36.2,USD,transport,pix,BR,mobile,0,0
1149,2026-01-04 23:40:00,690,17.4,USD,restaurants,card,AR,mobile,1,0
1150,2026-01-04 23:45:00,853,77.84,USD,utilities,bank_transfer,AR,mobile,1,0
1151,2026-01-04 23:50:00,370,3.66,USD,online_services,card,AR,mobile,0,0
1152,2026-01-04 23:55:00,505,46.84,USD,travel,card,US,mobile,1,0
1153,2026-01-05 00:00:00,431,167.24,USD,utilities,pix,BR,desktop,0,0
1154,2026-01-05 00:05:00,910,139.76,USD,transport,digital_wallet,MX,mobile,1,0
1155,2026-01-05 00:10:00,305,48.9,USD,utilities,card,AR,mobile,1,0
1156,2026-01-05 00:15:00,588,24.49,USD,utilities,card,AR,desktop,0,0
1157,2026-01-05 00:20:00,121,17.53,USD,online_services,digital_wallet,BR,desktop,1,0
1158,2026-01-05 00:25:00,851,24.46,USD,online_services,bank_transfer,BR,tablet,0,0
1159,2026-01-05 00:30:00,385,57.04,USD,transport,pix,BR,mobile,1,0
1160,2026-01-05 00:35:00,341,14.77,USD,groceries,card,CO,desktop,1,0
1161,2026-01-05 00:40:00,583,70.63,USD,entertainment,card,AR,mobile,1,0
1162,2026-01-05 00:45:00,499,279.54,USD,entertainment,digital_wallet,BR,desktop,1,0
1163,2026-01-05 00:50:00,848,31.13,USD,entertainment,card,CO,desktop,0,0
1164,2026-01-05 00:55:00,532,8.63,USD,entertainment,bank_transfer,CL,mobile,0,0
1165,2026-01-05 01:00:00,517,8.63,USD,groceries,pix,US,mobile,1,0
1166,2026-01-05 01:05:00,105,71.99,USD,entertainment,digital_wallet,AR,desktop,1,0
1167,2026-01-05 01:10:00,22,31.19,USD,electronics,pix,CL,mobile,1,0
1168,2026-01-05 01:15:00,399,79.59,USD,groceries,card,AR,tablet,1,0
1169,2026-01-05 01:20:00,999,19.42,USD,utilities,bank_transfer,CL,desktop,1,0
1170,2026-01-05 01:25:00,918,75.99,USD,groceries,digital_wallet,BR,desktop,1,0
1171,2026-01-05 01:30:00,629,28.27,USD,restaurants,digital_wallet,BR,mobile,0,0
1172,2026-01-05 01:35:00,631,15.92,USD,transport,card,PT,mobile,1,0
1173,2026-01-05 01:40:00,392,22.18,USD,utilities,card,CO,desktop,1,0
1174,2026-01-05 01:45:00,178,10.0,USD,groceries,bank_transfer,CL,mobile,1,0
1175,2026-01-05 01:50:00,9,242.1,USD,electronics,pix,AR,mobile,1,0
1176,2026-01-05 01:55:00,339,30.07,USD,transport,card,CO,mobile,0,0
1177,2026-01-05 02:00:00,317,63.09,USD,electronics,card,BR,mobile,1,0
1178,2026-01-05 02:05:00,192,19.36,USD,utilities,card,BR,mobile,0,0
1179,2026-01-05 02:10:00,260,11.57,USD,transport,card,BR,mobile,1,0
1180,2026-01-05 02:15:00,25,26.21,USD,transport,card,BR,mobile,0,0
1181,2026-01-05 02:20:00,608,99.6,USD,electronics,digital_wallet,BR,mobile,1,0
1182,2026-01-05 02:25:00,928,19.67,USD,electronics,pix,CO,mobile,0,0
1183,2026-01-05 02:30:00,691,13.87,USD,online_services,card,BR,mobile,0,0
1184,2026-01-05 02:35:00,449,38.69,USD,transport,pix,MX,desktop,1,0
1185,2026-01-05 02:40:00,421,54.54,USD,groceries,card,US,mobile,1,0
1186,2026-01-05 02:45:00,308,171.2,USD,electronics,bank_transfer,BR,mobile,1,0
1187,2026-01-05 02:50:00,143,47.17,USD,groceries,bank_transfer,CO,mobile,1,0
1188,2026-01-05 02:55:00,599,63.05,USD,utilities,card,AR,mobile,1,1
1189,2026-01-05 03:00:00,567,67.98,USD,online_services,digital_wallet,US,mobile,1,0
1190,2026-01-05 03:05:00,8,10.45,USD,utilities,card,AR,desktop,1,0
1191,2026-01-05 03:10:00,416,12.64,USD,utilities,pix,BR,desktop,1,0
1192,2026-01-05 03:15:00,279,11.2,USD,electronics,digital_wallet,BR,mobile,1,0
1193,2026-01-05 03:20:00,171,8.74,USD,entertainment,bank_transfer,US,mobile,1,0
1194,2026-01-05 03:25:00,704,73.37,USD,electronics,card,BR,mobile,1,0
1195,2026-01-05 03:30:00,526,44.26,USD,utilities,card,MX,tablet,1,0
1196,2026-01-05 03:35:00,634,35.86,USD,restaurants,card,BR,tablet,0,0
1197,2026-01-05 03:40:00,714,2.48,USD,restaurants,card,CL,tablet,1,0
1198,2026-01-05 03:45:00,982,258.65,USD,online_services,card,AR,mobile,1,0
1199,2026-01-05 03:50:00,803,13.54,USD,transport,card,BR,desktop,0,0
1200,2026-01-05 03:55:00,621,257.7,USD,transport,pix,BR,mobile,1,0
1201,2026-01-05 04:00:00,880,7.77,USD,entertainment,card,BR,mobile,0,0
1202,2026-01-05 04:05:00,478,14.7,USD,transport,card,CO,mobile,1,0
1203,2026-01-05 04:10:00,985,3.66,USD,entertainment,pix,CO,mobile,1,0
1204,2026-01-05 04:15:00,762,47.57,USD,electronics,card,BR,mobile,1,0
1205,2026-01-05 04:20:00,651,11.01,USD,utilities,pix,AR,mobile,1,0
1206,2026-01-05 04:25:00,904,11.32,USD,groceries,bank_transfer,BR,mobile,0,0
1207,2026-01-05 04:30:00,516,8.39,USD,entertainment,pix,CO,mobile,1,0
1208,2026-01-05 04:35:00,721,72.05,USD,transport,pix,MX,mobile,0,0
1209,2026-01-05 04:40:00,285,67.46,USD,electronics,pix,US,mobile,1,0
1210,2026-01-05 04:45:00,964,202.76,USD,online_services,pix,US,mobile,1,0
1211,2026-01-05 04:50:00,624,16.68,USD,electronics,pix,BR,mobile,0,0
1212,2026-01-05 04:55:00,783,41.22,USD,groceries,bank_transfer,BR,mobile,0,0
1213,2026-01-05 05:00:00,461,9.12,USD,electronics,bank_transfer,US,desktop,1,0
1214,2026-01-05 05:05:00,867,23.69,USD,restaurants,card,BR,mobile,0,0
1215,2026-01-05 05:10:00,75,19.71,USD,electronics,card,BR,desktop,0,0
1216,2026-01-05 05:15:00,115,52.69,USD,restaurants,bank_transfer,BR,tablet,0,0
1217,2026-01-05 05:20:00,508,91.56,USD,entertainment,pix,CO,desktop,1,0
1218,2026-01-05 05:25:00,733,89.22,USD,restaurants,pix,CL,mobile,1,1
1219,2026-01-05 05:30:00,810,14.26,USD,electronics,card,PT,desktop,1,0
1220,2026-01-05 05:35:00,441,89.88,USD,online_services,card,BR,mobile,1,0
1221,2026-01-05 05:40:00,650,31.69,USD,entertainment,pix,BR,desktop,0,0
1222,2026-01-05 05:45:00,554,23.94,USD,entertainment,bank_transfer,BR,mobile,1,0
1223,2026-01-05 05:50:00,962,16.31,USD,utilities,card,MX,mobile,1,0
1224,2026-01-05 05:55:00,655,18.92,USD,online_services,digital_wallet,BR,mobile,0,0
1225,2026-01-05 06:00:00,417,189.11,USD,online_services,bank_transfer,US,desktop,1,0
1226,2026-01-05 06:05:00,970,45.03,USD,utilities,bank_transfer,AR,mobile,1,0
1227,2026-01-05 06:10:00,108,39.43,USD,transport,bank_transfer,MX,mobile,1,0
1228,2026-01-05 06:15:00,985,25.48,USD,travel,card,MX,mobile,0,0
1229,2026-01-05 06:20:00,155,382.21,USD,utilities,card,AR,desktop,1,0
1230,2026-01-05 06:25:00,289,122.12,USD,travel,card,CO,tablet,1,0
1231,2026-01-05 06:30:00,822,16.1,USD,restaurants,card,BR,mobile,1,0
1232,2026-01-05 06:35:00,734,25.19,USD,travel,card,MX,mobile,1,0
1233,2026-01-05 06:40:00,971,26.73,USD,restaurants,bank_transfer,MX,mobile,0,0
1234,2026-01-05 06:45:00,750,38.32,USD,entertainment,bank_transfer,AR,mobile,1,0
1235,2026-01-05 06:50:00,638,16.42,USD,utilities,card,BR,mobile,0,0
1236,2026-01-05 06:55:00,347,51.36,USD,entertainment,pix,PT,mobile,1,0
1237,2026-01-05 07:00:00,5,141.47,USD,travel,pix,US,mobile,1,0
1238,2026-01-05 07:05:00,124,8.9,USD,travel,pix,CL,desktop,1,0
1239,2026-01-05 07:10:00,298,10.72,USD,travel,digital_wallet,PT,mobile,1,0
1240,2026-01-05 07:15:00,41,20.43,USD,electronics,card,AR,mobile,1,0
1241,2026-01-05 07:20:00,509,21.4,USD,restaurants,card,BR,mobile,1,0
1242,2026-01-05 07:25:00,778,244.32,USD,entertainment,bank_transfer,AR,mobile,0,0
1243,2026-01-05 07:30:00,964,90.17,USD,transport,card,BR,mobile,1,0
1244,2026-01-05 07:35:00,490,85.14,USD,restaurants,bank_transfer,AR,mobile,1,0
1245,2026-01-05 07:40:00,876,25.42,USD,utilities,card,CL,mobile,0,0
1246,2026-01-05 07:45:00,986,24.87,USD,travel,pix,BR,mobile,0,0
1247,2026-01-05 07:50:00,860,7.75,USD,travel,pix,BR,mobile,1,0
1248,2026-01-05 07:55:00,465,72.37,USD,travel,bank_transfer,CO,mobile,1,0
1249,2026-01-05 08:00:00,326,54.11,USD,groceries,card,MX,mobile,1,0
1250,2026-01-05 08:05:00,978,119.82,USD,travel,bank_transfer,PT,mobile,1,0
1251,2026-01-05 08:10:00,242,26.82,USD,travel,bank_transfer,BR,mobile,1,0
1252,2026-01-05 08:15:00,412,28.74,USD,travel,bank_transfer,MX,mobile,1,0
1253,2026-01-05 08:20:00,75,39.25,USD,groceries,digital_wallet,BR,mobile,0,0
1254,2026-01-05 08:25:00,794,80.79,USD,utilities,bank_transfer,BR,mobile,1,0
1255,2026-01-05 08:30:00,650,7.61,USD,travel,bank_transfer,CO,mobile,1,0
1256,2026-01-05 08:35:00,85,69.13,USD,utilities,pix,BR,mobile,0,0
1257,2026-01-05 08:40:00,222,32.44,USD,travel,bank_transfer,MX,desktop,1,0
1258,2026-01-05 08:45:00,556,11.49,USD,transport,digital_wallet,BR,desktop,1,0
1259,2026-01-05 08:50:00,541,4.12,USD,utilities,pix,BR,mobile,1,0
1260,2026-01-05 08:55:00,803,28.89,USD,transport,card,AR,mobile,1,0
1261,2026-01-05 09:00:00,267,140.85,USD,electronics,card,BR,mobile,0,0
1262,2026-01-05 09:05:00,925,176.74,USD,groceries,bank_transfer,BR,mobile,1,0
1263,2026-01-05 09:10:00,445,47.25,USD,restaurants,digital_wallet,BR,mobile,1,0
1264,2026-01-05 09:15:00,823,235.57,USD,groceries,card,BR,desktop,1,0
1265,2026-01-05 09:20:00,239,31.72,USD,electronics,digital_wallet,CO,mobile,1,1
1266,2026-01-05 09:25:00,37,85.91,USD,transport,card,BR,desktop,1,0
1267,2026-01-05 09:30:00,56,21.09,USD,transport,card,CL,mobile,1,1
1268,2026-01-05 09:35:00,373,19.79,USD,utilities,digital_wallet,AR,mobile,0,0
1269,2026-01-05 09:40:00,954,16.82,USD,entertainment,digital_wallet,AR,mobile,0,0
1270,2026-01-05 09:45:00,49,4.22,USD,utilities,pix,AR,mobile,1,0
1271,2026-01-05 09:50:00,369,119.95,USD,utilities,digital_wallet,CL,mobile,1,0
1272,2026-01-05 09:55:00,110,17.43,USD,restaurants,bank_transfer,US,desktop,1,0
1273,2026-01-05 10:00:00,932,14.86,USD,travel,bank_transfer,BR,mobile,1,0
1274,2026-01-05 10:05:00,676,10.18,USD,utilities,bank_transfer,MX,desktop,1,0
1275,2026-01-05 10:10:00,763,26.99,USD,transport,card,BR,desktop,0,0
1276,2026-01-05 10:15:00,714,193.15,USD,electronics,card,AR,mobile,1,0
1277,2026-01-05 10:20:00,658,268.75,USD,travel,card,AR,desktop,1,0
1278,2026-01-05 10:25:00,774,6.29,USD,utilities,card,BR,mobile,0,0
1279,2026-01-05 10:30:00,9,23.23,USD,restaurants,card,BR,desktop,0,0
1280,2026-01-05 10:35:00,866,11.77,USD,electronics,card,BR,mobile,0,0
1281,2026-01-05 10:40:00,740,88.97,USD,restaurants,card,BR,mobile,0,0
1282,2026-01-05 10:45:00,740,44.11,USD,entertainment,pix,AR,mobile,1,0
1283,2026-01-05 10:50:00,394,17.52,USD,restaurants,card,BR,desktop,0,0
1284,2026-01-05 10:55:00,801,35.61,USD,transport,card,MX,desktop,1,0
1285,2026-01-05 11:00:00,382,20.54,USD,transport,card,US,mobile,1,0
1286,2026-01-05 11:05:00,49,166.38,USD,groceries,card,BR,mobile,0,0
1287,2026-01-05 11:10:00,908,57.22,USD,entertainment,pix,BR,mobile,1,0
1288,2026-01-05 11:15:00,235,64.7,USD,transport,bank_transfer,BR,desktop,0,0
1289,2026-01-05 11:20:00,102,2.3,USD,electronics,pix,US,mobile,1,0
1290,2026-01-05 11:25:00,622,30.98,USD,entertainment,pix,BR,mobile,1,0
1291,2026-01-05 11:30:00,234,265.92,USD,utilities,digital_wallet,BR,mobile,0,0
1292,2026-01-05 11:35:00,859,124.73,USD,online_services,pix,PT,desktop,1,0
1293,2026-01-05 11:40:00,444,5.22,USD,restaurants,card,AR,desktop,1,0
1294,2026-01-05 11:45:00,5,24.21,USD,entertainment,card,BR,mobile,0,0
1295,2026-01-05 11:50:00,952,9.96,USD,transport,pix,US,mobile,1,0
1296,2026-01-05 11:55:00,515,183.3,USD,utilities,pix,US,desktop,1,0
1297,2026-01-05 12:00:00,263,42.28,USD,electronics,bank_transfer,AR,mobile,1,0
1298,2026-01-05 12:05:00,678,15.37,USD,groceries,card,BR,mobile,1,0
1299,2026-01-05 12:10:00,531,34.27,USD,utilities,digital_wallet,AR,desktop,1,0
1300,2026-01-05 12:15:00,30,2.44,USD,utilities,pix,BR,mobile,1,0
1301,2026-01-05 12:20:00,760,11.19,USD,transport,digital_wallet,AR,desktop,0,0
1302,2026-01-05 12:25:00,402,34.34,USD,utilities,pix,BR,mobile,1,0
1303,2026-01-05 12:30:00,700,77.14,USD,electronics,card,CL,mobile,1,1
1304,2026-01-05 12:35:00,896,4.75,USD,electronics,card,CO,desktop,1,0
1305,2026-01-05 12:40:00,611,22.62,USD,transport,card,PT,mobile,1,0
1306,2026-01-05 12:45:00,672,90.89,USD,electronics,card,MX,desktop,1,0
1307,2026-01-05 12:50:00,255,7.76,USD,online_services,bank_transfer,BR,desktop,1,0
1308,2026-01-05 12:55:00,238,41.65,USD,groceries,card,BR,mobile,1,0
1309,2026-01-05 13:00:00,416,35.37,USD,travel,card,AR,mobile,1,0
1310,2026-01-05 13:05:00,853,183.9,USD,restaurants,card,BR,mobile,1,0
1311,2026-01-05 13:10:00,525,26.31,USD,groceries,pix,BR,desktop,0,0
1312,2026-01-05 13:15:00,349,27.89,USD,groceries,card,CO,desktop,0,0
1313,2026-01-05 13:20:00,780,77.86,USD,transport,card,BR,mobile,0,0
1314,2026-01-05 13:25:00,854,8.79,USD,entertainment,bank_transfer,BR,mobile,0,0
1315,2026-01-05 13:30:00,903,26.55,USD,entertainment,card,AR,mobile,1,0
1316,2026-01-05 13:35:00,299,20.99,USD,utilities,digital_wallet,PT,mobile,1,0
1317,2026-01-05 13:40:00,710,28.82,USD,restaurants,card,CL,mobile,1,0
1318,2026-01-05 13:45:00,591,77.36,USD,groceries,pix,BR,tablet,0,0
1319,2026-01-05 13:50:00,449,57.64,USD,online_services,pix,AR,mobile,1,0
1320,2026-01-05 13:55:00,397,15.66,USD,online_services,card,US,mobile,1,0
1321,2026-01-05 14:00:00,115,37.97,USD,entertainment,pix,BR,mobile,0,0
1322,2026-01-05 14:05:00,275,147.0,USD,utilities,card,CL,mobile,1,0
1323,2026-01-05 14:10:00,550,14.42,USD,utilities,card,CO,mobile,1,0
1324,2026-01-05 14:15:00,887,38.29,USD,travel,bank_transfer,CO,desktop,1,0
1325,2026-01-05 14:20:00,867,27.3,USD,electronics,digital_wallet,BR,mobile,0,0
1326,2026-01-05 14:25:00,188,31.09,USD,online_services,card,US,desktop,1,0
1327,2026-01-05 14:30:00,680,6.48,USD,entertainment,pix,BR,mobile,0,0
1328,2026-01-05 14:35:00,85,135.74,USD,online_services,card,BR,mobile,0,0
1329,2026-01-05 14:40:00,676,15.27,USD,restaurants,card,BR,mobile,0,0
1330,2026-01-05 14:45:00,342,92.39,USD,restaurants,card,AR,mobile,1,0
1331,2026-01-05 14:50:00,450,17.79,USD,entertainment,pix,BR,mobile,1,0
1332,2026-01-05 14:55:00,718,17.72,USD,online_services,pix,CO,mobile,0,0
1333,2026-01-05 15:00:00,425,111.4,USD,travel,pix,US,mobile,1,0
1334,2026-01-05 15:05:00,808,89.47,USD,electronics,digital_wallet,BR,mobile,1,0
1335,2026-01-05 15:10:00,534,40.8,USD,groceries,bank_transfer,MX,mobile,1,0
1336,2026-01-05 15:15:00,999,70.89,USD,restaurants,card,PT,mobile,1,0
1337,2026-01-05 15:20:00,639,24.81,USD,restaurants,card,BR,tablet,1,0
1338,2026-01-05 15:25:00,297,32.84,USD,restaurants,pix,CO,mobile,1,0
1339,2026-01-05 15:30:00,776,17.09,USD,entertainment,card,PT,desktop,1,0
1340,2026-01-05 15:35:00,408,81.78,USD,entertainment,card,MX,mobile,1,0
1341,2026-01-05 15:40:00,535,16.55,USD,electronics,card,AR,mobile,1,0
1342,2026-01-05 15:45:00,137,146.23,USD,online_services,card,US,mobile,1,0
1343,2026-01-05 15:50:00,120,24.15,USD,electronics,pix,CO,mobile,1,0
1344,2026-01-05 15:55:00,575,33.8,USD,electronics,pix,BR,mobile,1,0
1345,2026-01-05 16:00:00,187,70.72,USD,travel,bank_transfer,BR,mobile,1,0
1346,2026-01-05 16:05:00,998,33.92,USD,travel,digital_wallet,AR,mobile,1,0
1347,2026-01-05 16:10:00,856,24.58,USD,restaurants,bank_transfer,BR,mobile,0,0
1348,2026-01-05 16:15:00,701,32.14,USD,transport,card,BR,mobile,0,0
1349,2026-01-05 16:20:00,735,80.95,USD,entertainment,pix,BR,mobile,1,0
1350,2026-01-05 16:25:00,596,17.07,USD,utilities,card,MX,desktop,1,0
1351,2026-01-05 16:30:00,61,29.19,USD,electronics,digital_wallet,CO,mobile,1,0
1352,2026-01-05 16:35:00,393,33.46,USD,groceries,pix,BR,mobile,1,0
1353,2026-01-05 16:40:00,496,78.62,USD,utilities,card,BR,mobile,0,0
1354,2026-01-05 16:45:00,916,29.97,USD,travel,pix,BR,mobile,1,0
1355,2026-01-05 16:50:00,220,202.01,USD,electronics,pix,BR,mobile,0,0
1356,2026-01-05 16:55:00,497,28.32,USD,travel,digital_wallet,CL,mobile,0,0
1357,2026-01-05 17:00:00,345,26.11,USD,utilities,card,BR,desktop,0,0
1358,2026-01-05 17:05:00,135,27.91,USD,groceries,card,PT,desktop,1,0
1359,2026-01-05 17:10:00,104,8.88,USD,transport,digital_wallet,BR,mobile,1,0
1360,2026-01-05 17:15:00,366,11.74,USD,online_services,pix,BR,mobile,1,0
1361,2026-01-05 17:20:00,83,19.48,USD,transport,card,US,mobile,1,0
1362,2026-01-05 17:25:00,68,103.11,USD,online_services,pix,BR,mobile,0,0
1363,2026-01-05 17:30:00,351,32.04,USD,transport,pix,BR,tablet,1,0
1364,2026-01-05 17:35:00,202,20.4,USD,electronics,card,BR,mobile,0,0
1365,2026-01-05 17:40:00,555,112.9,USD,groceries,card,CL,mobile,1,0
1366,2026-01-05 17:45:00,18,156.21,USD,entertainment,card,BR,mobile,1,0
1367,2026-01-05 17:50:00,302,116.21,USD,restaurants,card,MX,desktop,1,0
1368,2026-01-05 17:55:00,454,14.11,USD,utilities,card,CL,mobile,0,0
1369,2026-01-05 18:00:00,964,20.18,USD,restaurants,card,US,mobile,1,0
1370,2026-01-05 18:05:00,635,203.11,USD,groceries,pix,CL,mobile,1,0
1371,2026-01-05 18:10:00,881,42.15,USD,electronics,pix,CO,mobile,1,0
1372,2026-01-05 18:15:00,344,25.34,USD,groceries,card,CL,mobile,1,0
1373,2026-01-05 18:20:00,450,67.92,USD,transport,card,AR,desktop,1,0
1374,2026-01-05 18:25:00,421,90.68,USD,entertainment,card,CL,mobile,1,0
1375,2026-01-05 18:30:00,888,18.7,USD,travel,card,CL,mobile,1,0
1376,2026-01-05 18:35:00,960,41.24,USD,travel,digital_wallet,BR,mobile,0,0
1377,2026-01-05 18:40:00,963,83.64,USD,groceries,card,CL,mobile,1,0
1378,2026-01-05 18:45:00,752,10.38,USD,entertainment,bank_transfer,BR,desktop,0,0
1379,2026-01-05 18:50:00,504,33.53,USD,groceries,pix,AR,mobile,0,0
1380,2026-01-05 18:55:00,541,10.87,USD,travel,bank_transfer,BR,mobile,1,0
1381,2026-01-05 19:00:00,981,12.38,USD,utilities,bank_transfer,BR,mobile,1,0
1382,2026-01-05 19:05:00,285,18.86,USD,entertainment,bank_transfer,BR,mobile,1,0
1383,2026-01-05 19:10:00,347,53.36,USD,transport,pix,BR,mobile,0,0
1384,2026-01-05 19:15:00,897,24.0,USD,restaurants,card,BR,desktop,0,0
1385,2026-01-05 19:20:00,387,17.32,USD,utilities,pix,BR,desktop,1,0
1386,2026-01-05 19:25:00,236,34.87,USD,restaurants,card,AR,mobile,1,0
1387,2026-01-05 19:30:00,561,10.52,USD,electronics,card,BR,mobile,1,0
1388,2026-01-05 19:35:00,326,50.85,USD,restaurants,bank_transfer,PT,mobile,1,0
1389,2026-01-05 19:40:00,891,102.66,USD,groceries,pix,MX,desktop,1,0
1390,2026-01-05 19:45:00,910,30.59,USD,electronics,card,BR,mobile,0,0
1391,2026-01-05 19:50:00,307,27.04,USD,travel,bank_transfer,BR,desktop,1,0
1392,2026-01-05 19:55:00,530,48.11,USD,utilities,card,BR,desktop,1,0
1393,2026-01-05 20:00:00,984,4.36,USD,entertainment,bank_transfer,BR,mobile,1,0
1394,2026-01-05 20:05:00,743,56.65,USD,utilities,bank_transfer,AR,mobile,0,0
1395,2026-01-05 20:10:00,216,736.48,USD,utilities,card,CL,mobile,1,0
1396,2026-01-05 20:15:00,591,29.29,USD,electronics,card,CL,desktop,1,0
1397,2026-01-05 20:20:00,620,29.4,USD,transport,digital_wallet,BR,mobile,0,0
1398,2026-01-05 20:25:00,654,69.66,USD,travel,card,CO,desktop,1,0
1399,2026-01-05 20:30:00,26,171.63,USD,electronics,digital_wallet,BR,mobile,0,0
1400,2026-01-05 20:35:00,300,87.79,USD,transport,card,MX,mobile,1,0
1401,2026-01-05 20:40:00,855,3.84,USD,groceries,card,PT,mobile,1,0
1402,2026-01-05 20:45:00,242,58.17,USD,electronics,pix,BR,mobile,1,0
1403,2026-01-05 20:50:00,300,433.52,USD,electronics,pix,MX,desktop,1,0
1404,2026-01-05 20:55:00,323,61.71,USD,online_services,card,MX,mobile,1,0
1405,2026-01-05 21:00:00,178,10.44,USD,utilities,pix,AR,tablet,0,0
1406,2026-01-05 21:05:00,156,43.9,USD,transport,card,BR,mobile,1,0
1407,2026-01-05 21:10:00,348,9.2,USD,groceries,card,MX,mobile,1,0
1408,2026-01-05 21:15:00,875,113.61,USD,utilities,bank_transfer,BR,mobile,0,0
1409,2026-01-05 21:20:00,2,12.73,USD,electronics,pix,BR,mobile,1,0
1410,2026-01-05 21:25:00,284,35.67,USD,groceries,pix,CL,mobile,1,0
1411,2026-01-05 21:30:00,61,14.04,USD,utilities,pix,BR,desktop,1,0
1412,2026-01-05 21:35:00,562,19.17,USD,transport,pix,BR,mobile,0,0
1413,2026-01-05 21:40:00,251,146.37,USD,restaurants,card,PT,mobile,1,0
1414,2026-01-05 21:45:00,792,36.72,USD,entertainment,digital_wallet,BR,mobile,0,0
1415,2026-01-05 21:50:00,586,18.93,USD,utilities,card,AR,desktop,0,0
1416,2026-01-05 21:55:00,784,10.54,USD,utilities,digital_wallet,CL,desktop,0,0
1417,2026-01-05 22:00:00,635,5.1,USD,transport,bank_transfer,BR,mobile,1,0
1418,2026-01-05 22:05:00,439,9.48,USD,travel,pix,CO,mobile,0,0
1419,2026-01-05 22:10:00,861,37.04,USD,electronics,pix,CL,mobile,1,0
1420,2026-01-05 22:15:00,477,88.26,USD,utilities,card,AR,tablet,1,0
1421,2026-01-05 22:20:00,950,18.91,USD,restaurants,card,AR,desktop,1,0
1422,2026-01-05 22:25:00,995,159.26,USD,utilities,pix,PT,mobile,1,0
1423,2026-01-05 22:30:00,590,16.16,USD,transport,card,US,mobile,1,0
1424,2026-01-05 22:35:00,675,26.1,USD,travel,card,BR,desktop,1,0
1425,2026-01-05 22:40:00,256,11.25,USD,travel,pix,BR,mobile,0,0
1426,2026-01-05 22:45:00,815,89.19,USD,transport,card,AR,mobile,1,0
1427,2026-01-05 22:50:00,672,269.75,USD,restaurants,card,US,mobile,1,0
1428,2026-01-05 22:55:00,903,5.69,USD,transport,pix,MX,mobile,1,0
1429,2026-01-05 23:00:00,268,23.43,USD,travel,card,BR,mobile,1,0
1430,2026-01-05 23:05:00,788,117.31,USD,travel,card,US,mobile,1,0
1431,2026-01-05 23:10:00,471,7.79,USD,travel,card,BR,desktop,1,0
1432,2026-01-05 23:15:00,186,58.36,USD,entertainment,pix,BR,mobile,1,0
1433,2026-01-05 23:20:00,172,112.33,USD,groceries,digital_wallet,CL,mobile,1,0
1434,2026-01-05 23:25:00,563,35.81,USD,electronics,card,BR,mobile,0,0
1435,2026-01-05 23:30:00,320,57.41,USD,transport,pix,CL,mobile,1,0
1436,2026-01-05 23:35:00,102,192.66,USD,electronics,card,BR,mobile,0,0
1437,2026-01-05 23:40:00,428,232.39,USD,electronics,pix,MX,mobile,0,0
1438,2026-01-05 23:45:00,653,31.13,USD,restaurants,card,PT,tablet,1,0
1439,2026-01-05 23:50:00,319,19.45,USD,online_services,bank_transfer,BR,mobile,0,0
1440,2026-01-05 23:55:00,956,13.2,USD,groceries,pix,AR,mobile,1,0
1441,2026-01-06 00:00:00,780,87.97,USD,travel,pix,CO,mobile,1,0
1442,2026-01-06 00:05:00,513,8.4,USD,electronics,card,BR,mobile,0,0
1443,2026-01-06 00:10:00,935,25.72,USD,entertainment,bank_transfer,MX,mobile,1,0
1444,2026-01-06 00:15:00,433,36.7,USD,utilities,card,AR,mobile,1,0
1445,2026-01-06 00:20:00,140,20.03,USD,entertainment,pix,BR,mobile,1,0
1446,2026-01-06 00:25:00,36,43.81,USD,utilities,bank_transfer,US,mobile,1,0
1447,2026-01-06 00:30:00,939,430.31,USD,transport,pix,BR,mobile,0,0
1448,2026-01-06 00:35:00,960,29.32,USD,online_services,bank_transfer,BR,mobile,0,0
1449,2026-01-06 00:40:00,740,21.43,USD,groceries,pix,BR,desktop,0,0
1450,2026-01-06 00:45:00,104,91.41,USD,entertainment,bank_transfer,MX,desktop,1,0
1451,2026-01-06 00:50:00,294,42.08,USD,restaurants,card,US,desktop,1,0
1452,2026-01-06 00:55:00,42,139.68,USD,restaurants,card,BR,mobile,1,0
1453,2026-01-06 01:00:00,52,39.04,USD,utilities,pix,BR,mobile,1,0
1454,2026-01-06 01:05:00,247,25.83,USD,entertainment,pix,BR,mobile,0,0
1455,2026-01-06 01:10:00,573,5.56,USD,entertainment,pix,CL,mobile,1,0
1456,2026-01-06 01:15:00,66,6.56,USD,utilities,pix,BR,tablet,1,0
1457,2026-01-06 01:20:00,985,5.28,USD,transport,pix,BR,mobile,1,0
1458,2026-01-06 01:25:00,456,48.39,USD,entertainment,card,BR,mobile,0,0
1459,2026-01-06 01:30:00,264,8.48,USD,restaurants,card,AR,desktop,0,0
1460,2026-01-06 01:35:00,517,116.23,USD,electronics,digital_wallet,CL,mobile,1,0
1461,2026-01-06 01:40:00,791,34.13,USD,electronics,card,AR,mobile,1,0
1462,2026-01-06 01:45:00,313,25.94,USD,travel,card,BR,mobile,0,0
1463,2026-01-06 01:50:00,48,14.24,USD,groceries,pix,AR,mobile,1,0
1464,2026-01-06 01:55:00,51,61.7,USD,groceries,card,AR,mobile,1,0
1465,2026-01-06 02:00:00,852,14.81,USD,groceries,pix,AR,mobile,1,0
1466,2026-01-06 02:05:00,112,12.36,USD,transport,pix,BR,desktop,1,0
1467,2026-01-06 02:10:00,636,108.67,USD,travel,pix,BR,mobile,1,0
1468,2026-01-06 02:15:00,385,47.21,USD,restaurants,digital_wallet,AR,mobile,1,0
1469,2026-01-06 02:20:00,778,26.18,USD,online_services,bank_transfer,BR,mobile,1,0
1470,2026-01-06 02:25:00,61,62.89,USD,electronics,pix,CL,mobile,1,0
1471,2026-01-06 02:30:00,898,33.41,USD,transport,digital_wallet,BR,mobile,0,0
1472,2026-01-06 02:35:00,699,48.57,USD,online_services,card,BR,mobile,1,0
1473,2026-01-06 02:40:00,450,14.63,USD,restaurants,card,CL,mobile,0,0
1474,2026-01-06 02:45:00,208,262.54,USD,restaurants,pix,BR,mobile,1,0
1475,2026-01-06 02:50:00,978,18.55,USD,electronics,pix,BR,mobile,1,0
1476,2026-01-06 02:55:00,303,156.96,USD,groceries,card,MX,mobile,1,0
1477,2026-01-06 03:00:00,491,27.42,USD,entertainment,card,BR,mobile,0,0
1478,2026-01-06 03:05:00,395,74.22,USD,utilities,card,US,tablet,1,0
1479,2026-01-06 03:10:00,231,69.01,USD,transport,card,BR,mobile,1,0
1480,2026-01-06 03:15:00,417,104.26,USD,utilities,card,US,mobile,1,0
1481,2026-01-06 03:20:00,152,14.29,USD,groceries,digital_wallet,MX,mobile,1,0
1482,2026-01-06 03:25:00,2,97.09,USD,travel,bank_transfer,BR,desktop,1,0
1483,2026-01-06 03:30:00,290,209.86,USD,entertainment,pix,AR,mobile,1,0
1484,2026-01-06 03:35:00,113,25.57,USD,electronics,pix,CL,mobile,1,0
1485,2026-01-06 03:40:00,415,34.28,USD,online_services,card,AR,desktop,1,0
1486,2026-01-06 03:45:00,863,19.62,USD,electronics,pix,BR,mobile,1,0
1487,2026-01-06 03:50:00,163,23.42,USD,online_services,pix,US,desktop,1,0
1488,2026-01-06 03:55:00,2,183.35,USD,entertainment,bank_transfer,CO,mobile,1,0
1489,2026-01-06 04:00:00,112,12.13,USD,restaurants,card,PT,mobile,1,0
1490,2026-01-06 04:05:00,509,12.91,USD,utilities,digital_wallet,MX,mobile,0,0
1491,2026-01-06 04:10:00,275,165.82,USD,groceries,bank_transfer,MX,mobile,1,0
1492,2026-01-06 04:15:00,490,61.84,USD,restaurants,card,CO,mobile,1,0
1493,2026-01-06 04:20:00,30,275.99,USD,utilities,digital_wallet,CL,mobile,1,0
1494,2026-01-06 04:25:00,334,21.11,USD,online_services,card,US,mobile,1,0
1495,2026-01-06 04:30:00,411,37.57,USD,electronics,digital_wallet,CL,desktop,0,0
1496,2026-01-06 04:35:00,432,17.1,USD,entertainment,pix,BR,desktop,0,0
1497,2026-01-06 04:40:00,552,38.22,USD,entertainment,card,AR,mobile,1,0
1498,2026-01-06 04:45:00,781,5.62,USD,entertainment,card,BR,mobile,0,0
1499,2026-01-06 04:50:00,468,65.69,USD,online_services,pix,US,desktop,1,0
1500,2026-01-06 04:55:00,842,45.76,USD,groceries,bank_transfer,CL,mobile,1,0
1501,2026-01-06 05:00:00,530,31.26,USD,restaurants,bank_transfer,AR,mobile,1,0
1502,2026-01-06 05:05:00,261,22.41,USD,online_services,card,BR,desktop,0,0
1503,2026-01-06 05:10:00,230,13.53,USD,travel,bank_transfer,AR,mobile,1,0
1504,2026-01-06 05:15:00,323,68.56,USD,travel,pix,BR,mobile,0,0
1505,2026-01-06 05:20:00,598,10.27,USD,electronics,card,CL,desktop,1,0
1506,2026-01-06 05:25:00,243,55.25,USD,transport,card,CL,mobile,1,0
1507,2026-01-06 05:30:00,915,263.6,USD,restaurants,bank_transfer,AR,mobile,1,1
1508,2026-01-06 05:35:00,480,146.28,USD,electronics,pix,BR,desktop,1,0
1509,2026-01-06 05:40:00,864,7.35,USD,groceries,card,AR,mobile,1,0
1510,2026-01-06 05:45:00,684,19.36,USD,transport,pix,AR,desktop,1,0
1511,2026-01-06 05:50:00,334,50.47,USD,online_services,bank_transfer,US,mobile,1,0
1512,2026-01-06 05:55:00,229,30.87,USD,restaurants,card,US,desktop,1,0
1513,2026-01-06 06:00:00,744,8.17,USD,entertainment,card,CO,mobile,1,0
1514,2026-01-06 06:05:00,331,48.68,USD,groceries,card,BR,mobile,1,0
1515,2026-01-06 06:10:00,247,32.79,USD,entertainment,card,BR,mobile,0,0
1516,2026-01-06 06:15:00,931,224.6,USD,transport,card,US,desktop,1,0
1517,2026-01-06 06:20:00,483,25.71,USD,entertainment,bank_transfer,PT,desktop,1,0
1518,2026-01-06 06:25:00,49,106.48,USD,electronics,card,BR,mobile,0,0
1519,2026-01-06 06:30:00,495,9.33,USD,utilities,bank_transfer,CL,tablet,1,0
1520,2026-01-06 06:35:00,461,11.85,USD,entertainment,digital_wallet,BR,mobile,1,0
1521,2026-01-06 06:40:00,864,68.15,USD,travel,card,BR,desktop,1,1
1522,2026-01-06 06:45:00,712,97.88,USD,entertainment,card,PT,mobile,1,0
1523,2026-01-06 06:50:00,192,12.71,USD,online_services,card,US,mobile,1,0
1524,2026-01-06 06:55:00,151,33.92,USD,travel,pix,PT,mobile,1,0
1525,2026-01-06 07:00:00,604,8.32,USD,restaurants,pix,BR,desktop,1,0
1526,2026-01-06 07:05:00,48,27.63,USD,groceries,pix,AR,mobile,1,0
1527,2026-01-06 07:10:00,320,76.47,USD,travel,bank_transfer,US,mobile,1,0
1528,2026-01-06 07:15:00,139,21.44,USD,electronics,bank_transfer,CL,mobile,1,0
1529,2026-01-06 07:20:00,21,25.82,USD,travel,pix,BR,mobile,1,0
1530,2026-01-06 07:25:00,919,10.7,USD,entertainment,bank_transfer,AR,mobile,0,0
1531,2026-01-06 07:30:00,90,17.32,USD,restaurants,digital_wallet,BR,mobile,1,0
1532,2026-01-06 07:35:00,10,192.12,USD,entertainment,pix,CL,desktop,1,1
1533,2026-01-06 07:40:00,933,35.62,USD,online_services,card,US,desktop,1,0
1534,2026-01-06 07:45:00,189,12.15,USD,transport,bank_transfer,BR,mobile,0,0
1535,2026-01-06 07:50:00,817,24.17,USD,online_services,bank_transfer,BR,mobile,0,0
1536,2026-01-06 07:55:00,32,6.7,USD,online_services,pix,AR,desktop,0,0
1537,2026-01-06 08:00:00,154,12.01,USD,electronics,pix,AR,mobile,1,0
1538,2026-01-06 08:05:00,111,129.07,USD,utilities,card,BR,mobile,0,0
1539,2026-01-06 08:10:00,707,28.72,USD,online_services,pix,BR,mobile,1,0
1540,2026-01-06 08:15:00,621,219.36,USD,utilities,bank_transfer,CO,mobile,1,0
1541,2026-01-06 08:20:00,476,30.1,USD,electronics,bank_transfer,BR,mobile,1,0
1542,2026-01-06 08:25:00,242,31.95,USD,entertainment,card,CL,mobile,0,0
1543,2026-01-06 08:30:00,89,62.86,USD,travel,card,AR,desktop,1,0
1544,2026-01-06 08:35:00,570,2.29,USD,electronics,card,BR,mobile,0,0
1545,2026-01-06 08:40:00,231,40.65,USD,entertainment,card,AR,mobile,0,0
1546,2026-01-06 08:45:00,591,31.53,USD,online_services,bank_transfer,CL,mobile,1,0
1547,2026-01-06 08:50:00,688,146.36,USD,groceries,card,AR,mobile,1,0
1548,2026-01-06 08:55:00,850,86.89,USD,online_services,bank_transfer,AR,mobile,0,0
1549,2026-01-06 09:00:00,494,10.66,USD,transport,pix,BR,mobile,0,0
1550,2026-01-06 09:05:00,5,114.68,USD,utilities,pix,BR,mobile,0,0
1551,2026-01-06 09:10:00,281,25.47,USD,groceries,pix,AR,mobile,1,1
1552,2026-01-06 09:15:00,854,13.4,USD,online_services,bank_transfer,AR,mobile,1,0
1553,2026-01-06 09:20:00,534,40.33,USD,electronics,card,BR,mobile,0,0
1554,2026-01-06 09:25:00,620,27.04,USD,online_services,card,BR,mobile,0,0
1555,2026-01-06 09:30:00,458,154.23,USD,electronics,pix,CO,mobile,1,1
1556,2026-01-06 09:35:00,163,46.55,USD,entertainment,card,BR,desktop,1,0
1557,2026-01-06 09:40:00,897,40.68,USD,travel,card,US,mobile,1,0
1558,2026-01-06 09:45:00,773,81.5,USD,restaurants,digital_wallet,CL,mobile,1,0
1559,2026-01-06 09:50:00,996,98.78,USD,restaurants,pix,BR,desktop,0,0
1560,2026-01-06 09:55:00,856,72.5,USD,travel,card,CL,mobile,1,0
1561,2026-01-06 10:00:00,292,136.93,USD,electronics,pix,BR,tablet,0,0
1562,2026-01-06 10:05:00,255,60.87,USD,travel,card,US,mobile,1,0
1563,2026-01-06 10:10:00,249,39.16,USD,utilities,card,US,mobile,1,0
1564,2026-01-06 10:15:00,919,114.34,USD,utilities,card,MX,mobile,1,0
1565,2026-01-06 10:20:00,557,30.24,USD,groceries,card,AR,desktop,1,0
1566,2026-01-06 10:25:00,455,34.23,USD,electronics,card,US,desktop,1,0
1567,2026-01-06 10:30:00,969,185.23,USD,restaurants,pix,CL,mobile,1,0
1568,2026-01-06 10:35:00,604,167.66,USD,travel,card,US,desktop,1,0
1569,2026-01-06 10:40:00,910,32.85,USD,travel,card,BR,mobile,0,0
1570,2026-01-06 10:45:00,985,21.04,USD,online_services,card,US,mobile,1,0
1571,2026-01-06 10:50:00,80,143.05,USD,electronics,card,CL,mobile,1,0
1572,2026-01-06 10:55:00,362,73.73,USD,electronics,pix,BR,mobile,1,0
1573,2026-01-06 11:00:00,735,45.4,USD,travel,card,PT,mobile,1,0
1574,2026-01-06 11:05:00,814,24.0,USD,restaurants,pix,CL,mobile,1,0
1575,2026-01-06 11:10:00,149,46.14,USD,groceries,pix,US,mobile,1,0
1576,2026-01-06 11:15:00,319,32.4,USD,entertainment,card,BR,mobile,0,0
1577,2026-01-06 11:20:00,549,17.04,USD,transport,pix,AR,mobile,1,0
1578,2026-01-06 11:25:00,800,37.68,USD,transport,pix,CO,mobile,1,0
1579,2026-01-06 11:30:00,113,43.18,USD,online_services,pix,BR,mobile,0,0
1580,2026-01-06 11:35:00,601,22.75,USD,restaurants,card,CO,mobile,1,0
1581,2026-01-06 11:40:00,297,81.76,USD,online_services,card,CL,mobile,1,0
1582,2026-01-06 11:45:00,217,120.16,USD,entertainment,pix,BR,mobile,0,0
1583,2026-01-06 11:50:00,516,87.35,USD,transport,digital_wallet,CL,mobile,0,0
1584,2026-01-06 11:55:00,415,25.12,USD,online_services,card,BR,desktop,1,0
1585,2026-01-06 12:00:00,636,70.51,USD,travel,pix,MX,desktop,1,0
1586,2026-01-06 12:05:00,318,35.8,USD,transport,card,US,mobile,1,0
1587,2026-01-06 12:10:00,824,9.62,USD,electronics,digital_wallet,AR,mobile,1,0
1588,2026-01-06 12:15:00,79,64.89,USD,transport,card,AR,mobile,0,0
1589,2026-01-06 12:20:00,862,38.33,USD,utilities,pix,BR,mobile,0,0
1590,2026-01-06 12:25:00,30,442.99,USD,electronics,pix,BR,mobile,1,0
1591,2026-01-06 12:30:00,736,142.21,USD,groceries,pix,US,mobile,1,0
1592,2026-01-06 12:35:00,347,67.43,USD,entertainment,pix,BR,tablet,0,0
1593,2026-01-06 12:40:00,384,42.49,USD,utilities,pix,BR,desktop,0,0
1594,2026-01-06 12:45:00,20,39.01,USD,electronics,pix,BR,mobile,1,0
1595,2026-01-06 12:50:00,703,12.14,USD,online_services,pix,CL,mobile,1,0
1596,2026-01-06 12:55:00,166,5.82,USD,electronics,card,MX,mobile,1,0
1597,2026-01-06 13:00:00,660,13.84,USD,transport,bank_transfer,BR,mobile,0,0
1598,2026-01-06 13:05:00,726,31.57,USD,entertainment,card,BR,desktop,0,0
1599,2026-01-06 13:10:00,846,4.03,USD,restaurants,card,BR,mobile,1,0
1600,2026-01-06 13:15:00,709,19.21,USD,online_services,card,BR,mobile,1,0
1601,2026-01-06 13:20:00,302,25.85,USD,entertainment,pix,BR,mobile,0,0
1602,2026-01-06 13:25:00,739,26.7,USD,transport,card,CO,mobile,1,0
1603,2026-01-06 13:30:00,826,17.09,USD,groceries,pix,AR,mobile,1,0
1604,2026-01-06 13:35:00,318,23.53,USD,travel,pix,BR,mobile,0,0
1605,2026-01-06 13:40:00,125,185.66,USD,travel,card,CL,mobile,1,0
1606,2026-01-06 13:45:00,891,64.21,USD,utilities,card,MX,desktop,1,0
1607,2026-01-06 13:50:00,148,18.91,USD,transport,bank_transfer,BR,mobile,0,0
1608,2026-01-06 13:55:00,594,30.93,USD,restaurants,bank_transfer,BR,mobile,1,0
1609,2026-01-06 14:00:00,237,32.19,USD,electronics,bank_transfer,CO,mobile,1,0
1610,2026-01-06 14:05:00,127,15.36,USD,utilities,card,BR,mobile,0,0
1611,2026-01-06 14:10:00,777,15.35,USD,online_services,digital_wallet,MX,mobile,1,0
1612,2026-01-06 14:15:00,144,90.97,USD,transport,bank_transfer,MX,mobile,1,0
1613,2026-01-06 14:20:00,671,21.76,USD,groceries,pix,US,mobile,1,0
1614,2026-01-06 14:25:00,694,11.08,USD,groceries,pix,BR,mobile,0,0
1615,2026-01-06 14:30:00,61,31.72,USD,travel,card,BR,mobile,1,0
1616,2026-01-06 14:35:00,173,37.26,USD,groceries,pix,US,mobile,1,0
1617,2026-01-06 14:40:00,795,4.61,USD,entertainment,bank_transfer,AR,desktop,1,0
1618,2026-01-06 14:45:00,508,31.79,USD,groceries,pix,BR,tablet,0,0
1619,2026-01-06 14:50:00,122,78.88,USD,electronics,card,AR,desktop,1,0
1620,2026-01-06 14:55:00,992,52.0,USD,utilities,card,BR,mobile,0,0
1621,2026-01-06 15:00:00,265,307.91,USD,electronics,pix,CL,mobile,1,0
1622,2026-01-06 15:05:00,5,115.71,USD,entertainment,pix,US,mobile,1,0
1623,2026-01-06 15:10:00,925,141.02,USD,transport,pix,CL,desktop,0,0
1624,2026-01-06 15:15:00,17,544.62,USD,utilities,digital_wallet,AR,mobile,1,0
1625,2026-01-06 15:20:00,554,70.68,USD,electronics,card,PT,desktop,1,0
1626,2026-01-06 15:25:00,994,38.98,USD,utilities,card,CL,mobile,1,0
1627,2026-01-06 15:30:00,578,87.68,USD,online_services,card,BR,tablet,0,0
1628,2026-01-06 15:35:00,585,18.93,USD,electronics,bank_transfer,CL,desktop,1,0
1629,2026-01-06 15:40:00,389,36.88,USD,restaurants,bank_transfer,BR,mobile,0,0
1630,2026-01-06 15:45:00,127,17.33,USD,online_services,bank_transfer,BR,mobile,0,0
1631,2026-01-06 15:50:00,573,49.3,USD,entertainment,bank_transfer,CL,mobile,1,0
1632,2026-01-06 15:55:00,898,17.25,USD,online_services,card,BR,mobile,0,0
1633,2026-01-06 16:00:00,92,16.66,USD,electronics,card,BR,mobile,1,0
1634,2026-01-06 16:05:00,881,50.07,USD,transport,pix,CL,mobile,1,0
1635,2026-01-06 16:10:00,416,28.86,USD,groceries,card,BR,mobile,1,0
1636,2026-01-06 16:15:00,537,4.82,USD,utilities,pix,AR,desktop,0,0
1637,2026-01-06 16:20:00,166,7.72,USD,utilities,card,BR,mobile,1,0
1638,2026-01-06 16:25:00,622,10.51,USD,utilities,card,CL,desktop,1,0
1639,2026-01-06 16:30:00,183,13.69,USD,transport,pix,US,mobile,1,0
1640,2026-01-06 16:35:00,274,50.12,USD,electronics,card,BR,desktop,1,0
1641,2026-01-06 16:40:00,722,41.22,USD,electronics,digital_wallet,MX,mobile,1,0
1642,2026-01-06 16:45:00,51,96.09,USD,groceries,card,BR,mobile,0,0
1643,2026-01-06 16:50:00,448,70.3,USD,groceries,digital_wallet,BR,desktop,1,0
1644,2026-01-06 16:55:00,595,96.73,USD,transport,card,BR,mobile,0,0
1645,2026-01-06 17:00:00,133,60.85,USD,travel,bank_transfer,BR,desktop,1,0
1646,2026-01-06 17:05:00,295,40.84,USD,online_services,pix,BR,mobile,0,0
1647,2026-01-06 17:10:00,344,99.42,USD,utilities,card,CO,mobile,1,0
1648,2026-01-06 17:15:00,664,83.05,USD,entertainment,card,MX,mobile,1,0
1649,2026-01-06 17:20:00,977,48.24,USD,online_services,card,PT,mobile,1,0
1650,2026-01-06 17:25:00,837,118.05,USD,utilities,bank_transfer,US,mobile,1,0
1651,2026-01-06 17:30:00,190,3.17,USD,travel,card,BR,mobile,0,0
1652,2026-01-06 17:35:00,19,24.77,USD,online_services,card,BR,mobile,1,0
1653,2026-01-06 17:40:00,52,24.39,USD,online_services,pix,BR,mobile,1,0
1654,2026-01-06 17:45:00,596,104.87,USD,restaurants,pix,AR,mobile,1,0
1655,2026-01-06 17:50:00,157,159.4,USD,transport,card,US,mobile,1,0
1656,2026-01-06 17:55:00,232,7.77,USD,online_services,card,BR,mobile,0,0
1657,2026-01-06 18:00:00,848,135.8,USD,groceries,pix,BR,mobile,1,0
1658,2026-01-06 18:05:00,874,10.26,USD,travel,card,BR,mobile,1,0
1659,2026-01-06 18:10:00,840,10.58,USD,electronics,pix,US,tablet,1,0
1660,2026-01-06 18:15:00,254,26.2,USD,entertainment,card,AR,mobile,1,0
1661,2026-01-06 18:20:00,620,24.09,USD,online_services,digital_wallet,CO,mobile,1,0
1662,2026-01-06 18:25:00,611,6.97,USD,transport,pix,AR,desktop,0,0
1663,2026-01-06 18:30:00,186,63.43,USD,restaurants,pix,BR,desktop,1,0
1664,2026-01-06 18:35:00,554,65.33,USD,transport,bank_transfer,BR,mobile,1,0
1665,2026-01-06 18:40:00,526,95.02,USD,entertainment,digital_wallet,CO,desktop,1,0
1666,2026-01-06 18:45:00,397,21.47,USD,transport,bank_transfer,CO,mobile,1,0
1667,2026-01-06 18:50:00,752,31.83,USD,entertainment,pix,BR,mobile,0,0
1668,2026-01-06 18:55:00,678,32.12,USD,transport,bank_transfer,BR,mobile,1,0
1669,2026-01-06 19:00:00,533,179.11,USD,entertainment,card,BR,mobile,0,0
1670,2026-01-06 19:05:00,726,1.95,USD,groceries,bank_transfer,BR,mobile,0,0
1671,2026-01-06 19:10:00,764,12.72,USD,transport,pix,BR,mobile,1,0
1672,2026-01-06 19:15:00,567,33.3,USD,transport,pix,BR,mobile,0,0
1673,2026-01-06 19:20:00,268,11.18,USD,travel,bank_transfer,CL,mobile,1,0
1674,2026-01-06 19:25:00,759,25.58,USD,entertainment,pix,MX,tablet,1,0
1675,2026-01-06 19:30:00,718,29.19,USD,entertainment,pix,CO,mobile,0,0
1676,2026-01-06 19:35:00,984,17.16,USD,online_services,digital_wallet,CO,mobile,1,0
1677,2026-01-06 19:40:00,150,35.32,USD,utilities,pix,PT,mobile,1,0
1678,2026-01-06 19:45:00,420,62.06,USD,groceries,card,PT,tablet,1,0
1679,2026-01-06 19:50:00,925,26.15,USD,entertainment,card,BR,mobile,1,0
1680,2026-01-06 19:55:00,515,21.05,USD,groceries,pix,BR,mobile,0,0
1681,2026-01-06 20:00:00,943,28.06,USD,electronics,card,BR,mobile,1,0
1682,2026-01-06 20:05:00,13,32.87,USD,travel,pix,US,mobile,1,0
1683,2026-01-06 20:10:00,36,5.81,USD,transport,bank_transfer,BR,mobile,0,0
1684,2026-01-06 20:15:00,797,52.54,USD,entertainment,card,BR,mobile,1,0
1685,2026-01-06 20:20:00,359,21.09,USD,utilities,digital_wallet,AR,mobile,1,0
1686,2026-01-06 20:25:00,521,116.93,USD,travel,pix,CL,mobile,1,0
1687,2026-01-06 20:30:00,429,59.8,USD,travel,digital_wallet,AR,desktop,0,0
1688,2026-01-06 20:35:00,408,106.7,USD,online_services,card,MX,mobile,1,0
1689,2026-01-06 20:40:00,940,12.05,USD,entertainment,pix,AR,mobile,1,0
1690,2026-01-06 20:45:00,95,22.84,USD,restaurants,pix,US,mobile,1,0
1691,2026-01-06 20:50:00,773,9.56,USD,entertainment,bank_transfer,BR,mobile,0,0
1692,2026-01-06 20:55:00,890,16.36,USD,electronics,digital_wallet,US,mobile,1,0
1693,2026-01-06 21:00:00,658,115.83,USD,groceries,bank_transfer,AR,mobile,1,0
1694,2026-01-06 21:05:00,396,146.57,USD,online_services,card,BR,mobile,0,0
1695,2026-01-06 21:10:00,161,10.51,USD,utilities,card,PT,tablet,1,0
1696,2026-01-06 21:15:00,683,20.94,USD,travel,pix,US,mobile,1,0
1697,2026-01-06 21:20:00,469,30.69,USD,entertainment,card,MX,mobile,1,0
1698,2026-01-06 21:25:00,150,59.48,USD,travel,digital_wallet,US,mobile,1,0
1699,2026-01-06 21:30:00,360,5.7,USD,transport,pix,BR,mobile,1,1
1700,2026-01-06 21:35:00,962,6.67,USD,online_services,bank_transfer,BR,mobile,1,0
1701,2026-01-06 21:40:00,266,54.03,USD,travel,digital_wallet,BR,desktop,0,0
1702,2026-01-06 21:45:00,179,4.72,USD,transport,card,US,mobile,1,0
1703,2026-01-06 21:50:00,682,21.18,USD,entertainment,card,MX,mobile,1,0
1704,2026-01-06 21:55:00,200,38.94,USD,restaurants,pix,PT,mobile,1,0
1705,2026-01-06 22:00:00,920,50.18,USD,transport,bank_transfer,MX,desktop,1,0
1706,2026-01-06 22:05:00,859,28.74,USD,restaurants,pix,CL,mobile,1,0
1707,2026-01-06 22:10:00,984,22.97,USD,groceries,card,BR,desktop,1,0
1708,2026-01-06 22:15:00,913,77.06,USD,utilities,pix,BR,mobile,0,0
1709,2026-01-06 22:20:00,244,44.04,USD,electronics,card,AR,mobile,1,0
1710,2026-01-06 22:25:00,213,17.34,USD,utilities,card,CO,mobile,1,0
1711,2026-01-06 22:30:00,343,34.39,USD,entertainment,digital_wallet,BR,mobile,1,0
1712,2026-01-06 22:35:00,470,48.58,USD,restaurants,card,US,desktop,1,0
1713,2026-01-06 22:40:00,880,184.61,USD,restaurants,card,CL,mobile,1,0
1714,2026-01-06 22:45:00,734,72.7,USD,electronics,card,BR,mobile,1,0
1715,2026-01-06 22:50:00,645,111.56,USD,groceries,bank_transfer,US,desktop,1,0
1716,2026-01-06 22:55:00,879,17.98,USD,travel,card,AR,desktop,1,0
1717,2026-01-06 23:00:00,646,19.61,USD,electronics,card,CO,mobile,1,0
1718,2026-01-06 23:05:00,380,26.17,USD,restaurants,card,BR,mobile,0,0
1719,2026-01-06 23:10:00,414,28.69,USD,travel,pix,BR,mobile,1,0
1720,2026-01-06 23:15:00,518,12.09,USD,utilities,card,BR,mobile,1,0
1721,2026-01-06 23:20:00,89,117.44,USD,online_services,bank_transfer,AR,mobile,1,0
1722,2026-01-06 23:25:00,742,80.11,USD,electronics,bank_transfer,CO,mobile,1,0
1723,2026-01-06 23:30:00,653,24.39,USD,groceries,pix,PT,mobile,1,0
1724,2026-01-06 23:35:00,732,62.91,USD,utilities,card,US,desktop,1,0
1725,2026-01-06 23:40:00,534,41.38,USD,travel,pix,BR,mobile,0,0
1726,2026-01-06 23:45:00,783,68.02,USD,utilities,card,PT,mobile,1,0
1727,2026-01-06 23:50:00,950,8.63,USD,groceries,card,BR,desktop,1,0
1728,2026-01-06 23:55:00,570,28.63,USD,transport,bank_transfer,BR,mobile,0,0
1729,2026-01-07 00:00:00,445,31.25,USD,transport,card,CO,mobile,0,0
1730,2026-01-07 00:05:00,105,61.78,USD,entertainment,card,US,mobile,1,0
1731,2026-01-07 00:10:00,779,17.66,USD,entertainment,card,US,mobile,1,0
1732,2026-01-07 00:15:00,904,2.72,USD,entertainment,card,MX,mobile,1,0
1733,2026-01-07 00:20:00,700,11.23,USD,electronics,card,BR,desktop,0,0
1734,2026-01-07 00:25:00,866,31.15,USD,transport,card,BR,mobile,0,0
1735,2026-01-07 00:30:00,862,35.3,USD,restaurants,bank_transfer,BR,mobile,0,0
1736,2026-01-07 00:35:00,799,178.35,USD,transport,card,AR,mobile,1,0
1737,2026-01-07 00:40:00,503,59.31,USD,restaurants,card,AR,mobile,1,0
1738,2026-01-07 00:45:00,100,35.93,USD,utilities,digital_wallet,BR,mobile,0,0
1739,2026-01-07 00:50:00,4,32.06,USD,entertainment,pix,AR,tablet,1,0
1740,2026-01-07 00:55:00,205,99.9,USD,entertainment,bank_transfer,AR,mobile,1,0
1741,2026-01-07 01:00:00,432,18.35,USD,online_services,pix,CO,mobile,1,0
1742,2026-01-07 01:05:00,744,28.78,USD,entertainment,card,BR,mobile,0,0
1743,2026-01-07 01:10:00,456,11.14,USD,transport,card,BR,mobile,0,0
1744,2026-01-07 01:15:00,24,136.85,USD,transport,bank_transfer,CL,mobile,0,0
1745,2026-01-07 01:20:00,211,49.03,USD,restaurants,bank_transfer,CL,desktop,1,0
1746,2026-01-07 01:25:00,980,16.32,USD,entertainment,pix,BR,tablet,0,0
1747,2026-01-07 01:30:00,989,29.53,USD,utilities,pix,BR,tablet,1,0
1748,2026-01-07 01:35:00,378,55.13,USD,entertainment,pix,US,mobile,1,0
1749,2026-01-07 01:40:00,805,25.77,USD,electronics,card,CO,desktop,1,0
1750,2026-01-07 01:45:00,720,19.4,USD,transport,card,BR,mobile,0,0
1751,2026-01-07 01:50:00,932,17.21,USD,electronics,digital_wallet,AR,mobile,0,0
1752,2026-01-07 01:55:00,888,46.48,USD,transport,card,AR,mobile,1,0
1753,2026-01-07 02:00:00,629,23.15,USD,restaurants,card,BR,tablet,0,0
1754,2026-01-07 02:05:00,395,21.04,USD,electronics,pix,BR,tablet,1,0
1755,2026-01-07 02:10:00,627,8.71,USD,restaurants,card,PT,mobile,1,0
1756,2026-01-07 02:15:00,320,35.79,USD,entertainment,digital_wallet,AR,mobile,1,1
1757,2026-01-07 02:20:00,349,27.63,USD,online_services,card,BR,mobile,1,0
1758,2026-01-07 02:25:00,609,24.01,USD,restaurants,bank_transfer,MX,mobile,1,0
1759,2026-01-07 02:30:00,572,40.4,USD,groceries,card,AR,desktop,1,0
1760,2026-01-07 02:35:00,581,69.97,USD,utilities,card,CL,mobile,1,0
1761,2026-01-07 02:40:00,385,66.79,USD,transport,pix,BR,mobile,1,0
1762,2026-01-07 02:45:00,410,57.55,USD,transport,bank_transfer,BR,mobile,0,0
1763,2026-01-07 02:50:00,11,26.03,USD,utilities,card,BR,mobile,0,0
1764,2026-01-07 02:55:00,602,18.78,USD,utilities,card,PT,desktop,1,0
1765,2026-01-07 03:00:00,576,11.66,USD,travel,card,CL,desktop,1,0
1766,2026-01-07 03:05:00,936,18.3,USD,restaurants,card,MX,mobile,1,0
1767,2026-01-07 03:10:00,505,33.77,USD,entertainment,bank_transfer,BR,mobile,0,0
1768,2026-01-07 03:15:00,468,15.09,USD,entertainment,digital_wallet,CO,mobile,1,0
1769,2026-01-07 03:20:00,68,36.45,USD,electronics,pix,AR,desktop,1,0
1770,2026-01-07 03:25:00,197,12.61,USD,travel,card,CL,desktop,1,0
1771,2026-01-07 03:30:00,339,6.29,USD,travel,pix,BR,mobile,1,0
1772,2026-01-07 03:35:00,378,75.14,USD,entertainment,pix,CL,mobile,1,0
1773,2026-01-07 03:40:00,363,20.61,USD,travel,card,BR,mobile,0,0
1774,2026-01-07 03:45:00,395,14.34,USD,online_services,card,BR,desktop,1,0
1775,2026-01-07 03:50:00,769,11.09,USD,groceries,pix,MX,mobile,1,0
1776,2026-01-07 03:55:00,132,50.55,USD,groceries,bank_transfer,BR,mobile,1,0
1777,2026-01-07 04:00:00,333,130.96,USD,restaurants,card,BR,tablet,0,0
1778,2026-01-07 04:05:00,163,22.13,USD,restaurants,bank_transfer,US,mobile,1,0
1779,2026-01-07 04:10:00,308,26.69,USD,electronics,bank_transfer,BR,mobile,1,0
1780,2026-01-07 04:15:00,685,96.7,USD,groceries,digital_wallet,AR,mobile,1,0
1781,2026-01-07 04:20:00,47,5.42,USD,restaurants,digital_wallet,MX,mobile,1,1
1782,2026-01-07 04:25:00,340,236.72,USD,travel,card,CO,mobile,1,0
1783,2026-01-07 04:30:00,24,381.5,USD,online_services,card,BR,mobile,1,0
1784,2026-01-07 04:35:00,955,2.21,USD,utilities,bank_transfer,AR,desktop,1,0
1785,2026-01-07 04:40:00,728,30.04,USD,restaurants,bank_transfer,AR,mobile,1,0
1786,2026-01-07 04:45:00,244,16.14,USD,groceries,card,BR,tablet,1,0
1787,2026-01-07 04:50:00,199,25.41,USD,entertainment,pix,CO,mobile,1,0
1788,2026-01-07 04:55:00,99,21.79,USD,utilities,bank_transfer,PT,mobile,1,0
1789,2026-01-07 05:00:00,473,74.57,USD,online_services,card,BR,mobile,1,0
1790,2026-01-07 05:05:00,754,29.59,USD,electronics,card,BR,mobile,0,0
1791,2026-01-07 05:10:00,585,13.32,USD,groceries,card,CO,desktop,1,0
1792,2026-01-07 05:15:00,882,27.88,USD,online_services,card,AR,mobile,1,0
1793,2026-01-07 05:20:00,344,55.41,USD,transport,pix,MX,mobile,1,0
1794,2026-01-07 05:25:00,279,10.14,USD,electronics,card,BR,mobile,1,0
1795,2026-01-07 05:30:00,479,6.38,USD,electronics,bank_transfer,BR,desktop,1,0
1796,2026-01-07 05:35:00,203,242.92,USD,online_services,card,CL,mobile,1,0
1797,2026-01-07 05:40:00,976,17.42,USD,transport,bank_transfer,PT,mobile,1,0
1798,2026-01-07 05:45:00,186,28.87,USD,travel,card,BR,mobile,1,0
1799,2026-01-07 05:50:00,479,22.25,USD,travel,bank_transfer,US,desktop,1,0
1800,2026-01-07 05:55:00,523,57.29,USD,online_services,card,BR,mobile,1,0
1801,2026-01-07 06:00:00,58,194.96,USD,online_services,pix,BR,mobile,1,0
1802,2026-01-07 06:05:00,469,59.14,USD,entertainment,card,AR,mobile,0,0
1803,2026-01-07 06:10:00,455,7.25,USD,groceries,pix,BR,mobile,0,0
1804,2026-01-07 06:15:00,260,8.3,USD,transport,card,CL,mobile,0,0
1805,2026-01-07 06:20:00,128,22.22,USD,entertainment,card,BR,mobile,0,0
1806,2026-01-07 06:25:00,46,25.32,USD,utilities,pix,AR,mobile,1,0
1807,2026-01-07 06:30:00,9,5.92,USD,utilities,card,BR,mobile,0,0
1808,2026-01-07 06:35:00,482,75.14,USD,electronics,digital_wallet,MX,mobile,1,0
1809,2026-01-07 06:40:00,90,11.18,USD,entertainment,pix,US,mobile,1,0
1810,2026-01-07 06:45:00,960,147.42,USD,transport,card,BR,mobile,0,0
1811,2026-01-07 06:50:00,245,204.51,USD,entertainment,digital_wallet,BR,mobile,0,0
1812,2026-01-07 06:55:00,653,25.84,USD,electronics,card,PT,mobile,1,0
1813,2026-01-07 07:00:00,674,51.37,USD,entertainment,bank_transfer,BR,desktop,1,0
1814,2026-01-07 07:05:00,496,9.66,USD,utilities,card,MX,mobile,1,0
1815,2026-01-07 07:10:00,884,61.79,USD,utilities,pix,AR,mobile,1,0
1816,2026-01-07 07:15:00,111,20.12,USD,entertainment,bank_transfer,US,mobile,1,0
1817,2026-01-07 07:20:00,235,11.16,USD,utilities,card,BR,mobile,0,0
1818,2026-01-07 07:25:00,253,24.8,USD,restaurants,pix,BR,mobile,1,0
1819,2026-01-07 07:30:00,136,20.79,USD,restaurants,card,BR,desktop,1,0
1820,2026-01-07 07:35:00,295,23.92,USD,utilities,pix,BR,mobile,0,0
1821,2026-01-07 07:40:00,313,85.6,USD,travel,card,BR,mobile,0,0
1822,2026-01-07 07:45:00,765,15.1,USD,electronics,card,PT,desktop,1,0
1823,2026-01-07 07:50:00,302,187.73,USD,entertainment,card,BR,mobile,0,0
1824,2026-01-07 07:55:00,877,8.8,USD,groceries,pix,BR,mobile,0,0
1825,2026-01-07 08:00:00,773,166.57,USD,restaurants,digital_wallet,BR,mobile,0,0
1826,2026-01-07 08:05:00,902,11.98,USD,restaurants,digital_wallet,BR,mobile,0,0
1827,2026-01-07 08:10:00,106,33.08,USD,travel,pix,AR,desktop,1,0
1828,2026-01-07 08:15:00,985,20.28,USD,groceries,bank_transfer,BR,mobile,1,0
1829,2026-01-07 08:20:00,614,23.48,USD,groceries,bank_transfer,MX,mobile,1,0
1830,2026-01-07 08:25:00,983,73.8,USD,entertainment,pix,MX,mobile,1,0
1831,2026-01-07 08:30:00,355,148.39,USD,entertainment,card,BR,mobile,1,0
1832,2026-01-07 08:35:00,953,108.91,USD,transport,pix,MX,mobile,1,0
1833,2026-01-07 08:40:00,589,22.09,USD,entertainment,card,BR,mobile,1,0
1834,2026-01-07 08:45:00,72,39.82,USD,groceries,bank_transfer,BR,mobile,1,0
1835,2026-01-07 08:50:00,411,15.15,USD,electronics,card,US,desktop,1,0
1836,2026-01-07 08:55:00,138,12.29,USD,transport,card,US,mobile,1,0
1837,2026-01-07 09:00:00,942,10.52,USD,transport,bank_transfer,BR,mobile,0,0
1838,2026-01-07 09:05:00,305,21.38,USD,utilities,card,AR,desktop,1,0
1839,2026-01-07 09:10:00,223,42.5,USD,groceries,digital_wallet,BR,desktop,0,0
1840,2026-01-07 09:15:00,553,4.89,USD,entertainment,digital_wallet,AR,mobile,0,0
1841,2026-01-07 09:20:00,426,31.62,USD,transport,pix,CL,tablet,1,0
1842,2026-01-07 09:25:00,97,150.81,USD,electronics,pix,BR,mobile,0,0
1843,2026-01-07 09:30:00,817,101.69,USD,restaurants,card,US,desktop,1,0
1844,2026-01-07 09:35:00,846,18.45,USD,entertainment,card,CO,desktop,1,1
1845,2026-01-07 09:40:00,743,8.19,USD,groceries,bank_transfer,BR,mobile,1,0
1846,2026-01-07 09:45:00,617,52.45,USD,groceries,card,US,mobile,1,0
1847,2026-01-07 09:50:00,403,3.26,USD,transport,card,CO,mobile,1,0
1848,2026-01-07 09:55:00,543,100.5,USD,online_services,card,BR,mobile,1,0
1849,2026-01-07 10:00:00,521,26.75,USD,groceries,pix,AR,mobile,1,0
1850,2026-01-07 10:05:00,166,206.71,USD,restaurants,pix,US,desktop,1,0
1851,2026-01-07 10:10:00,82,5.89,USD,electronics,card,PT,mobile,1,0
1852,2026-01-07 10:15:00,254,82.94,USD,groceries,card,BR,mobile,0,0
1853,2026-01-07 10:20:00,455,29.95,USD,travel,bank_transfer,CL,mobile,1,0
1854,2026-01-07 10:25:00,161,23.78,USD,transport,card,US,mobile,1,0
1855,2026-01-07 10:30:00,107,8.42,USD,entertainment,card,PT,mobile,1,0
1856,2026-01-07 10:35:00,852,60.08,USD,groceries,card,BR,tablet,0,0
1857,2026-01-07 10:40:00,375,65.11,USD,restaurants,bank_transfer,AR,mobile,1,0
1858,2026-01-07 10:45:00,585,197.38,USD,restaurants,card,US,mobile,1,0
1859,2026-01-07 10:50:00,525,90.74,USD,entertainment,card,BR,mobile,0,0
1860,2026-01-07 10:55:00,736,18.29,USD,entertainment,pix,BR,mobile,0,0
1861,2026-01-07 11:00:00,740,12.14,USD,groceries,card,AR,mobile,1,0
1862,2026-01-07 11:05:00,297,8.43,USD,electronics,digital_wallet,AR,mobile,0,0
1863,2026-01-07 11:10:00,848,144.49,USD,entertainment,bank_transfer,CO,mobile,0,0
1864,2026-01-07 11:15:00,372,15.21,USD,groceries,pix,BR,mobile,0,0
1865,2026-01-07 11:20:00,836,145.51,USD,groceries,card,MX,mobile,0,0
1866,2026-01-07 11:25:00,405,55.98,USD,entertainment,card,BR,desktop,0,0
1867,2026-01-07 11:30:00,111,46.06,USD,travel,pix,MX,desktop,1,0
1868,2026-01-07 11:35:00,761,24.36,USD,entertainment,card,BR,mobile,1,0
1869,2026-01-07 11:40:00,31,64.11,USD,electronics,pix,BR,mobile,1,0
1870,2026-01-07 11:45:00,773,32.61,USD,online_services,card,PT,mobile,1,0
1871,2026-01-07 11:50:00,44,22.89,USD,restaurants,pix,MX,mobile,1,0
1872,2026-01-07 11:55:00,207,66.42,USD,restaurants,card,BR,mobile,1,0
1873,2026-01-07 12:00:00,604,28.68,USD,entertainment,pix,BR,mobile,1,0
1874,2026-01-07 12:05:00,942,14.9,USD,utilities,card,AR,mobile,1,0
1875,2026-01-07 12:10:00,409,60.33,USD,groceries,card,PT,mobile,1,0
1876,2026-01-07 12:15:00,121,31.06,USD,entertainment,pix,BR,mobile,1,0
1877,2026-01-07 12:20:00,233,54.0,USD,online_services,pix,US,mobile,1,0
1878,2026-01-07 12:25:00,897,21.03,USD,travel,digital_wallet,BR,mobile,0,0
1879,2026-01-07 12:30:00,727,9.88,USD,utilities,card,CO,desktop,1,0
1880,2026-01-07 12:35:00,101,187.74,USD,transport,card,BR,mobile,1,0
1881,2026-01-07 12:40:00,385,155.49,USD,utilities,pix,BR,mobile,1,0
1882,2026-01-07 12:45:00,265,80.14,USD,electronics,card,US,tablet,1,0
1883,2026-01-07 12:50:00,178,22.47,USD,transport,bank_transfer,BR,mobile,1,0
1884,2026-01-07 12:55:00,847,24.52,USD,restaurants,card,US,mobile,1,1
1885,2026-01-07 13:00:00,618,131.94,USD,utilities,bank_transfer,BR,mobile,1,1
1886,2026-01-07 13:05:00,180,23.25,USD,entertainment,pix,BR,mobile,0,0
1887,2026-01-07 13:10:00,651,17.59,USD,utilities,card,US,desktop,1,1
1888,2026-01-07 13:15:00,414,215.34,USD,entertainment,card,CL,desktop,1,0
1889,2026-01-07 13:20:00,62,31.57,USD,transport,pix,BR,mobile,1,0
1890,2026-01-07 13:25:00,450,194.11,USD,restaurants,pix,AR,desktop,1,0
1891,2026-01-07 13:30:00,186,8.18,USD,entertainment,card,BR,mobile,1,0
1892,2026-01-07 13:35:00,246,55.6,USD,transport,pix,US,desktop,1,0
1893,2026-01-07 13:40:00,879,262.72,USD,entertainment,pix,BR,desktop,0,0
1894,2026-01-07 13:45:00,711,34.12,USD,online_services,pix,AR,mobile,1,0
1895,2026-01-07 13:50:00,135,25.43,USD,entertainment,pix,BR,mobile,0,0
1896,2026-01-07 13:55:00,852,10.3,USD,electronics,bank_transfer,CL,mobile,1,0
1897,2026-01-07 14:00:00,575,97.74,USD,online_services,pix,US,desktop,1,0
1898,2026-01-07 14:05:00,875,15.33,USD,travel,card,MX,mobile,1,0
1899,2026-01-07 14:10:00,748,30.12,USD,electronics,card,BR,mobile,1,0
1900,2026-01-07 14:15:00,340,9.64,USD,online_services,card,BR,mobile,1,0
1901,2026-01-07 14:20:00,535,157.1,USD,transport,card,BR,desktop,1,0
1902,2026-01-07 14:25:00,531,105.1,USD,restaurants,card,US,desktop,1,0
1903,2026-01-07 14:30:00,720,32.09,USD,restaurants,bank_transfer,BR,mobile,0,0
1904,2026-01-07 14:35:00,249,10.44,USD,entertainment,card,CL,mobile,1,0
1905,2026-01-07 14:40:00,334,153.84,USD,travel,pix,BR,desktop,0,0
1906,2026-01-07 14:45:00,245,22.97,USD,utilities,card,PT,mobile,1,0
1907,2026-01-07 14:50:00,297,10.97,USD,restaurants,card,AR,mobile,0,0
1908,2026-01-07 14:55:00,162,5.69,USD,transport,card,AR,mobile,1,0
1909,2026-01-07 15:00:00,37,17.36,USD,groceries,pix,US,mobile,1,0
1910,2026-01-07 15:05:00,941,7.73,USD,transport,card,PT,mobile,1,0
1911,2026-01-07 15:10:00,75,17.76,USD,online_services,card,AR,mobile,1,0
1912,2026-01-07 15:15:00,888,69.71,USD,online_services,pix,MX,desktop,1,0
1913,2026-01-07 15:20:00,4,22.75,USD,electronics,card,CL,mobile,1,0
1914,2026-01-07 15:25:00,778,47.26,USD,groceries,card,BR,mobile,1,0
1915,2026-01-07 15:30:00,329,16.07,USD,online_services,card,BR,mobile,1,0
1916,2026-01-07 15:35:00,518,35.35,USD,restaurants,card,CO,mobile,0,0
1917,2026-01-07 15:40:00,283,226.08,USD,groceries,card,CO,mobile,1,0
1918,2026-01-07 15:45:00,491,23.37,USD,electronics,card,BR,mobile,0,0
1919,2026-01-07 15:50:00,452,48.64,USD,online_services,pix,BR,mobile,1,0
1920,2026-01-07 15:55:00,530,6.92,USD,utilities,pix,CO,mobile,0,0
1921,2026-01-07 16:00:00,394,151.43,USD,transport,digital_wallet,BR,mobile,0,0
1922,2026-01-07 16:05:00,537,20.55,USD,electronics,bank_transfer,CL,mobile,1,0
1923,2026-01-07 16:10:00,826,94.68,USD,groceries,card,CO,mobile,0,0
1924,2026-01-07 16:15:00,435,29.28,USD,transport,card,BR,mobile,0,0
1925,2026-01-07 16:20:00,362,61.04,USD,entertainment,bank_transfer,BR,mobile,1,0
1926,2026-01-07 16:25:00,132,64.78,USD,electronics,card,BR,mobile,1,0
1927,2026-01-07 16:30:00,360,21.06,USD,online_services,pix,BR,mobile,1,0
1928,2026-01-07 16:35:00,126,98.68,USD,electronics,pix,CL,mobile,1,0
1929,2026-01-07 16:40:00,183,15.5,USD,utilities,pix,CO,mobile,1,0
1930,2026-01-07 16:45:00,953,72.09,USD,entertainment,card,US,desktop,1,0
1931,2026-01-07 16:50:00,90,22.42,USD,travel,card,BR,mobile,1,0
1932,2026-01-07 16:55:00,483,46.97,USD,utilities,card,CO,mobile,1,0
1933,2026-01-07 17:00:00,835,20.86,USD,utilities,card,BR,mobile,0,0
1934,2026-01-07 17:05:00,954,34.81,USD,transport,card,MX,mobile,1,0
1935,2026-01-07 17:10:00,147,11.31,USD,transport,pix,BR,mobile,1,0
1936,2026-01-07 17:15:00,164,42.42,USD,entertainment,card,AR,mobile,1,0
1937,2026-01-07 17:20:00,373,34.61,USD,groceries,card,AR,mobile,0,0
1938,2026-01-07 17:25:00,555,19.3,USD,entertainment,card,BR,mobile,1,0
1939,2026-01-07 17:30:00,960,31.34,USD,electronics,digital_wallet,PT,desktop,1,1
1940,2026-01-07 17:35:00,208,37.86,USD,utilities,card,BR,mobile,1,0
1941,2026-01-07 17:40:00,165,17.88,USD,restaurants,card,BR,mobile,1,0
1942,2026-01-07 17:45:00,254,29.11,USD,travel,pix,CL,mobile,1,0
1943,2026-01-07 17:50:00,875,12.12,USD,travel,card,AR,mobile,1,0
1944,2026-01-07 17:55:00,31,345.76,USD,groceries,card,BR,mobile,1,0
1945,2026-01-07 18:00:00,381,95.5,USD,travel,card,BR,mobile,1,0
1946,2026-01-07 18:05:00,119,43.51,USD,entertainment,digital_wallet,BR,mobile,1,0
1947,2026-01-07 18:10:00,158,106.92,USD,electronics,pix,US,mobile,1,0
1948,2026-01-07 18:15:00,917,4.58,USD,travel,pix,AR,mobile,1,0
1949,2026-01-07 18:20:00,2,2.57,USD,transport,bank_transfer,BR,mobile,1,0
1950,2026-01-07 18:25:00,322,22.21,USD,travel,pix,BR,mobile,1,0
1951,2026-01-07 18:30:00,916,8.34,USD,restaurants,card,US,desktop,1,0
1952,2026-01-07 18:35:00,609,26.14,USD,transport,pix,US,mobile,1,0
1953,2026-01-07 18:40:00,72,40.68,USD,groceries,pix,BR,mobile,1,0
1954,2026-01-07 18:45:00,466,83.13,USD,groceries,card,CL,mobile,1,0
1955,2026-01-07 18:50:00,971,10.61,USD,restaurants,bank_transfer,BR,mobile,1,0
1956,2026-01-07 18:55:00,401,49.38,USD,restaurants,card,BR,mobile,0,1
1957,2026-01-07 19:00:00,529,33.6,USD,entertainment,card,US,desktop,1,0
1958,2026-01-07 19:05:00,532,46.88,USD,restaurants,card,US,mobile,1,0
1959,2026-01-07 19:10:00,661,19.69,USD,transport,card,BR,mobile,1,0
1960,2026-01-07 19:15:00,188,132.04,USD,restaurants,digital_wallet,US,mobile,1,0
1961,2026-01-07 19:20:00,840,29.86,USD,electronics,pix,CO,mobile,1,0
1962,2026-01-07 19:25:00,989,195.23,USD,restaurants,card,CO,mobile,1,0
1963,2026-01-07 19:30:00,143,15.02,USD,transport,pix,MX,desktop,1,1
1964,2026-01-07 19:35:00,819,69.6,USD,groceries,bank_transfer,AR,mobile,1,0
1965,2026-01-07 19:40:00,817,31.2,USD,travel,card,US,desktop,1,0
1966,2026-01-07 19:45:00,742,23.86,USD,transport,pix,BR,desktop,1,0
1967,2026-01-07 19:50:00,371,62.32,USD,entertainment,pix,AR,mobile,1,0
1968,2026-01-07 19:55:00,469,24.55,USD,online_services,card,BR,mobile,1,0
1969,2026-01-07 20:00:00,840,2.31,USD,electronics,pix,MX,mobile,1,0
1970,2026-01-07 20:05:00,153,1.55,USD,travel,pix,BR,mobile,1,0
1971,2026-01-07 20:10:00,829,118.21,USD,utilities,bank_transfer,BR,desktop,0,0
1972,2026-01-07 20:15:00,921,113.32,USD,transport,bank_transfer,CO,mobile,1,0
1973,2026-01-07 20:20:00,682,218.62,USD,restaurants,digital_wallet,BR,desktop,0,0
1974,2026-01-07 20:25:00,342,32.54,USD,entertainment,card,BR,mobile,1,0
1975,2026-01-07 20:30:00,560,9.09,USD,entertainment,bank_transfer,BR,mobile,1,0
1976,2026-01-07 20:35:00,51,21.77,USD,electronics,pix,CO,mobile,1,0
1977,2026-01-07 20:40:00,932,33.5,USD,electronics,card,BR,mobile,1,0
1978,2026-01-07 20:45:00,343,12.1,USD,groceries,digital_wallet,BR,mobile,1,0
1979,2026-01-07 20:50:00,58,172.19,USD,travel,bank_transfer,AR,mobile,1,0
1980,2026-01-07 20:55:00,795,310.91,USD,travel,bank_transfer,US,mobile,1,0
1981,2026-01-07 21:00:00,658,53.43,USD,travel,card,MX,mobile,1,0
1982,2026-01-07 21:05:00,623,32.76,USD,transport,card,BR,mobile,0,0
1983,2026-01-07 21:10:00,55,9.07,USD,restaurants,digital_wallet,US,desktop,1,0
1984,2026-01-07 21:15:00,751,155.47,USD,travel,digital_wallet,MX,mobile,1,1
1985,2026-01-07 21:20:00,638,35.74,USD,travel,card,CO,mobile,1,0
1986,2026-01-07 21:25:00,794,24.8,USD,restaurants,card,AR,tablet,1,1
1987,2026-01-07 21:30:00,828,53.58,USD,groceries,pix,BR,mobile,0,0
1988,2026-01-07 21:35:00,212,18.44,USD,electronics,card,CO,tablet,1,0
1989,2026-01-07 21:40:00,211,38.35,USD,groceries,pix,AR,desktop,1,0
1990,2026-01-07 21:45:00,924,7.83,USD,restaurants,digital_wallet,BR,mobile,1,0
1991,2026-01-07 21:50:00,532,98.21,USD,entertainment,card,BR,mobile,1,0
1992,2026-01-07 21:55:00,438,29.83,USD,transport,pix,BR,desktop,1,0
1993,2026-01-07 22:00:00,288,105.51,USD,electronics,pix,CL,mobile,1,1
1994,2026-01-07 22:05:00,640,27.08,USD,entertainment,card,BR,mobile,0,0
1995,2026-01-07 22:10:00,754,28.9,USD,restaurants,card,CL,mobile,1,0
1996,2026-01-07 22:15:00,3,9.85,USD,restaurants,pix,MX,mobile,1,0
1997,2026-01-07 22:20:00,553,70.79,USD,transport,bank_transfer,BR,mobile,1,0
1998,2026-01-07 22:25:00,994,13.79,USD,electronics,pix,BR,desktop,1,0
1999,2026-01-07 22:30:00,281,20.36,USD,travel,digital_wallet,BR,mobile,0,0
2000,2026-01-07 22:35:00,281,33.15,USD,groceries,card,BR,mobile,0,0
2001,2026-01-07 22:40:00,879,37.38,USD,electronics,digital_wallet,MX,mobile,1,0
2002,2026-01-07 22:45:00,63,6.01,USD,entertainment,pix,CL,mobile,1,0
2003,2026-01-07 22:50:00,398,26.29,USD,utilities,card,US,desktop,1,0
2004,2026-01-07 22:55:00,459,73.35,USD,travel,card,PT,desktop,1,0
2005,2026-01-07 23:00:00,798,22.68,USD,entertainment,card,BR,mobile,0,0
2006,2026-01-07 23:05:00,130,26.45,USD,utilities,card,CL,mobile,1,0
2007,2026-01-07 23:10:00,435,38.95,USD,entertainment,digital_wallet,AR,desktop,1,0
2008,2026-01-07 23:15:00,153,29.2,USD,travel,bank_transfer,AR,mobile,1,0
2009,2026-01-07 23:20:00,788,11.82,USD,travel,card,BR,mobile,0,0
2010,2026-01-07 23:25:00,633,31.93,USD,online_services,card,BR,mobile,0,0
2011,2026-01-07 23:30:00,497,89.49,USD,utilities,pix,CL,mobile,0,0
2012,2026-01-07 23:35:00,393,11.57,USD,restaurants,bank_transfer,CL,desktop,1,1
2013,2026-01-07 23:40:00,154,22.77,USD,electronics,bank_transfer,BR,desktop,0,1
2014,2026-01-07 23:45:00,922,8.32,USD,entertainment,card,BR,mobile,0,0
2015,2026-01-07 23:50:00,648,84.89,USD,travel,card,AR,mobile,1,0
2016,2026-01-07 23:55:00,320,30.19,USD,electronics,card,CO,mobile,1,1
2017,2026-01-08 00:00:00,414,14.15,USD,travel,pix,AR,desktop,0,0
2018,2026-01-08 00:05:00,727,36.32,USD,electronics,card,BR,desktop,1,0
2019,2026-01-08 00:10:00,720,9.94,USD,entertainment,card,BR,mobile,0,0
2020,2026-01-08 00:15:00,462,11.78,USD,entertainment,bank_transfer,CO,mobile,1,0
2021,2026-01-08 00:20:00,303,7.69,USD,online_services,card,CO,mobile,1,0
2022,2026-01-08 00:25:00,660,11.4,USD,online_services,digital_wallet,BR,mobile,0,0
2023,2026-01-08 00:30:00,659,128.68,USD,entertainment,bank_transfer,AR,mobile,1,0
2024,2026-01-08 00:35:00,600,15.91,USD,utilities,card,BR,mobile,1,0
2025,2026-01-08 00:40:00,73,52.78,USD,utilities,card,CL,desktop,1,0
2026,2026-01-08 00:45:00,473,14.35,USD,transport,pix,BR,desktop,1,0
2027,2026-01-08 00:50:00,614,70.78,USD,online_services,pix,CL,mobile,1,0
2028,2026-01-08 00:55:00,951,11.87,USD,travel,pix,US,mobile,1,0
2029,2026-01-08 01:00:00,526,34.44,USD,utilities,digital_wallet,BR,mobile,1,0
2030,2026-01-08 01:05:00,343,34.91,USD,restaurants,bank_transfer,BR,mobile,1,0
2031,2026-01-08 01:10:00,556,339.61,USD,transport,pix,BR,desktop,1,0
2032,2026-01-08 01:15:00,178,62.2,USD,travel,card,BR,desktop,1,0
2033,2026-01-08 01:20:00,91,18.3,USD,travel,card,US,desktop,1,0
2034,2026-01-08 01:25:00,679,65.7,USD,electronics,pix,PT,mobile,1,0
2035,2026-01-08 01:30:00,987,280.95,USD,restaurants,card,BR,mobile,0,0
2036,2026-01-08 01:35:00,847,6.49,USD,restaurants,bank_transfer,US,tablet,1,0
2037,2026-01-08 01:40:00,584,14.26,USD,entertainment,card,BR,mobile,0,0
2038,2026-01-08 01:45:00,41,26.13,USD,groceries,card,AR,mobile,1,0
2039,2026-01-08 01:50:00,988,21.82,USD,groceries,bank_transfer,CL,mobile,1,0
2040,2026-01-08 01:55:00,450,23.74,USD,online_services,pix,BR,mobile,1,0
2041,2026-01-08 02:00:00,290,8.99,USD,online_services,card,AR,mobile,1,0
2042,2026-01-08 02:05:00,893,134.82,USD,groceries,pix,CL,mobile,1,0
2043,2026-01-08 02:10:00,747,7.98,USD,restaurants,pix,BR,mobile,0,0
2044,2026-01-08 02:15:00,750,27.11,USD,transport,card,PT,mobile,1,0
2045,2026-01-08 02:20:00,278,94.24,USD,travel,card,BR,mobile,1,0
2046,2026-01-08 02:25:00,992,32.13,USD,restaurants,pix,BR,mobile,0,0
2047,2026-01-08 02:30:00,453,12.44,USD,online_services,pix,US,desktop,1,0
2048,2026-01-08 02:35:00,532,8.6,USD,electronics,card,BR,mobile,1,0
2049,2026-01-08 02:40:00,751,26.31,USD,travel,card,BR,mobile,0,0
2050,2026-01-08 02:45:00,660,15.53,USD,restaurants,pix,BR,mobile,0,0
2051,2026-01-08 02:50:00,173,40.66,USD,transport,card,BR,mobile,1,0
2052,2026-01-08 02:55:00,303,8.15,USD,entertainment,digital_wallet,BR,mobile,0,0
2053,2026-01-08 03:00:00,362,74.67,USD,entertainment,card,BR,desktop,1,0
2054,2026-01-08 03:05:00,948,37.17,USD,restaurants,pix,AR,mobile,1,0
2055,2026-01-08 03:10:00,715,40.04,USD,electronics,digital_wallet,AR,mobile,1,0
2056,2026-01-08 03:15:00,367,139.92,USD,restaurants,card,US,mobile,1,0
2057,2026-01-08 03:20:00,735,21.37,USD,electronics,pix,US,mobile,1,0
2058,2026-01-08 03:25:00,739,16.03,USD,restaurants,card,BR,mobile,1,0
2059,2026-01-08 03:30:00,395,19.15,USD,online_services,pix,PT,mobile,1,0
2060,2026-01-08 03:35:00,404,27.32,USD,transport,digital_wallet,US,mobile,1,0
2061,2026-01-08 03:40:00,895,30.24,USD,electronics,digital_wallet,US,mobile,1,0
2062,2026-01-08 03:45:00,562,14.43,USD,entertainment,card,CO,mobile,1,0
2063,2026-01-08 03:50:00,150,4.38,USD,groceries,bank_transfer,BR,mobile,0,0
2064,2026-01-08 03:55:00,720,18.9,USD,restaurants,bank_transfer,BR,desktop,0,0
2065,2026-01-08 04:00:00,590,47.46,USD,online_services,card,US,mobile,1,0
2066,2026-01-08 04:05:00,509,37.95,USD,entertainment,bank_transfer,AR,desktop,1,0
2067,2026-01-08 04:10:00,726,109.9,USD,restaurants,card,US,mobile,1,0
2068,2026-01-08 04:15:00,908,234.04,USD,electronics,digital_wallet,CO,mobile,1,0
2069,2026-01-08 04:20:00,331,70.76,USD,utilities,bank_transfer,BR,mobile,1,0
2070,2026-01-08 04:25:00,420,131.96,USD,restaurants,pix,BR,mobile,1,0
2071,2026-01-08 04:30:00,190,71.29,USD,transport,card,PT,mobile,1,0
2072,2026-01-08 04:35:00,648,183.08,USD,restaurants,digital_wallet,BR,mobile,0,0
2073,2026-01-08 04:40:00,403,210.79,USD,entertainment,card,CO,mobile,1,0
2074,2026-01-08 04:45:00,343,85.73,USD,travel,pix,PT,mobile,1,0
2075,2026-01-08 04:50:00,697,67.11,USD,travel,pix,BR,mobile,0,0
2076,2026-01-08 04:55:00,409,26.97,USD,electronics,card,BR,desktop,0,0
2077,2026-01-08 05:00:00,465,31.77,USD,transport,card,AR,mobile,1,0
2078,2026-01-08 05:05:00,441,23.62,USD,travel,card,MX,desktop,0,1
2079,2026-01-08 05:10:00,259,61.64,USD,utilities,digital_wallet,AR,desktop,1,0
2080,2026-01-08 05:15:00,126,16.11,USD,utilities,bank_transfer,BR,mobile,0,0
2081,2026-01-08 05:20:00,828,27.35,USD,utilities,bank_transfer,BR,mobile,0,0
2082,2026-01-08 05:25:00,92,3.14,USD,groceries,pix,BR,tablet,1,0
2083,2026-01-08 05:30:00,325,185.51,USD,electronics,pix,BR,desktop,1,0
2084,2026-01-08 05:35:00,668,26.56,USD,electronics,pix,BR,desktop,1,0
2085,2026-01-08 05:40:00,132,52.23,USD,online_services,pix,MX,mobile,0,0
2086,2026-01-08 05:45:00,656,142.28,USD,electronics,bank_transfer,BR,mobile,0,0
2087,2026-01-08 05:50:00,734,44.71,USD,restaurants,card,MX,mobile,1,0
2088,2026-01-08 05:55:00,663,140.38,USD,transport,digital_wallet,US,mobile,1,0
2089,2026-01-08 06:00:00,306,9.57,USD,restaurants,digital_wallet,CL,mobile,1,0
2090,2026-01-08 06:05:00,20,364.08,USD,electronics,card,CL,mobile,0,0
2091,2026-01-08 06:10:00,888,98.21,USD,transport,digital_wallet,BR,mobile,0,0
2092,2026-01-08 06:15:00,327,40.82,USD,travel,bank_transfer,AR,desktop,1,0
2093,2026-01-08 06:20:00,806,137.7,USD,restaurants,card,BR,mobile,1,0
2094,2026-01-08 06:25:00,198,10.29,USD,travel,card,BR,tablet,1,0
2095,2026-01-08 06:30:00,163,24.81,USD,travel,pix,AR,mobile,1,0
2096,2026-01-08 06:35:00,779,140.37,USD,entertainment,bank_transfer,BR,tablet,0,0
2097,2026-01-08 06:40:00,940,5.12,USD,online_services,card,BR,mobile,0,0
2098,2026-01-08 06:45:00,861,58.0,USD,groceries,pix,CL,mobile,1,1
2099,2026-01-08 06:50:00,752,56.38,USD,groceries,pix,AR,desktop,1,0
2100,2026-01-08 06:55:00,247,237.28,USD,electronics,card,BR,mobile,0,0
2101,2026-01-08 07:00:00,914,6.8,USD,travel,card,BR,mobile,0,0
2102,2026-01-08 07:05:00,668,165.61,USD,utilities,card,BR,mobile,1,0
2103,2026-01-08 07:10:00,173,18.93,USD,restaurants,bank_transfer,AR,tablet,1,0
2104,2026-01-08 07:15:00,130,21.18,USD,electronics,card,AR,tablet,1,0
2105,2026-01-08 07:20:00,872,9.76,USD,travel,pix,BR,mobile,1,0
2106,2026-01-08 07:25:00,276,11.16,USD,entertainment,pix,CL,mobile,1,0
2107,2026-01-08 07:30:00,766,49.58,USD,travel,digital_wallet,PT,mobile,1,0
2108,2026-01-08 07:35:00,139,10.89,USD,travel,digital_wallet,AR,mobile,1,0
2109,2026-01-08 07:40:00,281,69.43,USD,restaurants,digital_wallet,AR,mobile,1,0
2110,2026-01-08 07:45:00,284,17.07,USD,electronics,pix,CL,mobile,1,0
2111,2026-01-08 07:50:00,282,9.85,USD,travel,card,US,mobile,1,0
2112,2026-01-08 07:55:00,675,19.53,USD,groceries,card,US,desktop,1,0
2113,2026-01-08 08:00:00,915,46.37,USD,online_services,pix,BR,tablet,1,0
2114,2026-01-08 08:05:00,911,25.09,USD,entertainment,card,BR,mobile,0,0
2115,2026-01-08 08:10:00,742,34.27,USD,entertainment,card,BR,mobile,1,0
2116,2026-01-08 08:15:00,203,66.43,USD,travel,card,CO,mobile,1,0
2117,2026-01-08 08:20:00,961,97.75,USD,online_services,card,BR,mobile,1,0
2118,2026-01-08 08:25:00,543,24.29,USD,groceries,pix,US,mobile,1,0
2119,2026-01-08 08:30:00,546,11.66,USD,online_services,digital_wallet,BR,mobile,1,0
2120,2026-01-08 08:35:00,702,35.73,USD,restaurants,card,CL,mobile,1,0
2121,2026-01-08 08:40:00,770,53.02,USD,online_services,card,BR,desktop,0,0
2122,2026-01-08 08:45:00,953,7.69,USD,groceries,pix,AR,mobile,1,0
2123,2026-01-08 08:50:00,583,13.59,USD,transport,card,BR,mobile,1,0
2124,2026-01-08 08:55:00,611,16.13,USD,travel,digital_wallet,CO,mobile,1,0
2125,2026-01-08 09:00:00,746,26.9,USD,entertainment,card,AR,mobile,0,0
2126,2026-01-08 09:05:00,256,15.47,USD,groceries,card,BR,mobile,0,0
2127,2026-01-08 09:10:00,308,67.16,USD,transport,pix,CO,desktop,1,0
2128,2026-01-08 09:15:00,626,6.65,USD,utilities,pix,US,mobile,1,0
2129,2026-01-08 09:20:00,65,6.82,USD,restaurants,pix,MX,mobile,1,0
2130,2026-01-08 09:25:00,321,23.72,USD,online_services,card,CO,desktop,1,0
2131,2026-01-08 09:30:00,718,27.78,USD,entertainment,card,AR,mobile,1,0
2132,2026-01-08 09:35:00,977,7.73,USD,online_services,card,US,mobile,1,0
2133,2026-01-08 09:40:00,520,18.05,USD,online_services,bank_transfer,AR,mobile,1,0
2134,2026-01-08 09:45:00,400,22.17,USD,restaurants,card,US,tablet,1,0
2135,2026-01-08 09:50:00,441,22.35,USD,online_services,card,MX,mobile,0,0
2136,2026-01-08 09:55:00,686,38.55,USD,electronics,pix,BR,mobile,1,0
2137,2026-01-08 10:00:00,545,17.09,USD,transport,pix,BR,tablet,0,0
2138,2026-01-08 10:05:00,24,145.16,USD,online_services,card,CO,mobile,1,0
2139,2026-01-08 10:10:00,540,53.96,USD,electronics,digital_wallet,CL,mobile,0,0
2140,2026-01-08 10:15:00,401,14.77,USD,entertainment,pix,CL,mobile,1,0
2141,2026-01-08 10:20:00,701,36.4,USD,travel,digital_wallet,PT,mobile,1,0
2142,2026-01-08 10:25:00,876,37.49,USD,transport,card,AR,mobile,1,0
2143,2026-01-08 10:30:00,963,111.58,USD,online_services,pix,BR,mobile,0,0
2144,2026-01-08 10:35:00,611,18.17,USD,utilities,card,AR,mobile,0,0
2145,2026-01-08 10:40:00,363,71.33,USD,travel,card,BR,mobile,0,0
2146,2026-01-08 10:45:00,444,34.53,USD,travel,card,AR,mobile,1,0
2147,2026-01-08 10:50:00,177,147.17,USD,groceries,card,US,mobile,1,0
2148,2026-01-08 10:55:00,936,120.41,USD,entertainment,bank_transfer,BR,desktop,0,0
2149,2026-01-08 11:00:00,848,40.33,USD,online_services,bank_transfer,MX,mobile,1,0
2150,2026-01-08 11:05:00,854,25.48,USD,online_services,card,MX,tablet,1,0
2151,2026-01-08 11:10:00,329,54.96,USD,travel,card,BR,tablet,1,0
2152,2026-01-08 11:15:00,323,27.65,USD,online_services,card,MX,mobile,1,0
2153,2026-01-08 11:20:00,857,177.74,USD,utilities,pix,CO,mobile,0,0
2154,2026-01-08 11:25:00,545,35.82,USD,travel,card,AR,desktop,1,0
2155,2026-01-08 11:30:00,705,22.07,USD,utilities,bank_transfer,BR,mobile,0,0
2156,2026-01-08 11:35:00,490,20.91,USD,restaurants,card,BR,desktop,1,0
2157,2026-01-08 11:40:00,443,9.85,USD,entertainment,pix,CL,mobile,1,0
2158,2026-01-08 11:45:00,633,57.78,USD,travel,bank_transfer,BR,desktop,0,0
2159,2026-01-08 11:50:00,813,14.58,USD,electronics,card,BR,mobile,0,0
2160,2026-01-08 11:55:00,335,99.3,USD,entertainment,bank_transfer,US,mobile,1,0
2161,2026-01-08 12:00:00,810,9.09,USD,utilities,digital_wallet,CO,desktop,1,0
2162,2026-01-08 12:05:00,245,37.61,USD,travel,pix,CO,mobile,1,0
2163,2026-01-08 12:10:00,403,104.61,USD,electronics,card,PT,mobile,1,0
2164,2026-01-08 12:15:00,913,3.85,USD,electronics,pix,BR,mobile,0,0
2165,2026-01-08 12:20:00,955,249.2,USD,travel,card,BR,desktop,0,0
2166,2026-01-08 12:25:00,924,21.64,USD,travel,digital_wallet,CL,mobile,1,0
2167,2026-01-08 12:30:00,317,38.13,USD,transport,pix,BR,mobile,1,0
2168,2026-01-08 12:35:00,844,58.64,USD,travel,bank_transfer,BR,mobile,1,0
2169,2026-01-08 12:40:00,937,68.45,USD,transport,pix,MX,mobile,1,0
2170,2026-01-08 12:45:00,979,43.55,USD,online_services,card,BR,mobile,0,0
2171,2026-01-08 12:50:00,21,89.78,USD,travel,pix,AR,mobile,0,0
2172,2026-01-08 12:55:00,745,55.65,USD,utilities,bank_transfer,AR,mobile,1,0
2173,2026-01-08 13:00:00,997,192.65,USD,electronics,card,CL,mobile,1,0
2174,2026-01-08 13:05:00,765,55.83,USD,electronics,card,BR,mobile,1,0
2175,2026-01-08 13:10:00,234,236.19,USD,transport,digital_wallet,BR,mobile,0,0
2176,2026-01-08 13:15:00,763,81.54,USD,travel,card,US,desktop,1,0
2177,2026-01-08 13:20:00,106,5.44,USD,travel,bank_transfer,US,mobile,1,0
2178,2026-01-08 13:25:00,481,450.84,USD,travel,card,AR,mobile,1,0
2179,2026-01-08 13:30:00,627,18.65,USD,utilities,bank_transfer,BR,desktop,0,0
2180,2026-01-08 13:35:00,457,147.75,USD,travel,pix,AR,desktop,1,0
2181,2026-01-08 13:40:00,700,34.01,USD,utilities,card,BR,mobile,0,0
2182,2026-01-08 13:45:00,241,95.69,USD,groceries,card,BR,mobile,1,0
2183,2026-01-08 13:50:00,607,16.64,USD,transport,card,BR,mobile,0,0
2184,2026-01-08 13:55:00,645,61.91,USD,entertainment,pix,BR,mobile,1,0
2185,2026-01-08 14:00:00,634,25.71,USD,electronics,card,BR,desktop,0,0
2186,2026-01-08 14:05:00,290,160.61,USD,entertainment,card,BR,mobile,0,0
2187,2026-01-08 14:10:00,306,51.35,USD,travel,pix,MX,mobile,1,0
2188,2026-01-08 14:15:00,258,84.43,USD,electronics,digital_wallet,AR,mobile,0,0
2189,2026-01-08 14:20:00,462,3.8,USD,travel,card,BR,mobile,1,0
2190,2026-01-08 14:25:00,586,30.4,USD,online_services,pix,BR,mobile,1,0
2191,2026-01-08 14:30:00,363,49.93,USD,entertainment,digital_wallet,US,mobile,1,0
2192,2026-01-08 14:35:00,410,41.41,USD,online_services,pix,BR,mobile,0,0
2193,2026-01-08 14:40:00,287,86.59,USD,groceries,digital_wallet,BR,mobile,0,0
2194,2026-01-08 14:45:00,219,22.97,USD,utilities,pix,CL,mobile,1,0
2195,2026-01-08 14:50:00,658,34.77,USD,online_services,pix,CO,mobile,1,0
2196,2026-01-08 14:55:00,817,107.9,USD,online_services,bank_transfer,MX,mobile,1,0
2197,2026-01-08 15:00:00,291,3.39,USD,travel,card,BR,mobile,1,0
2198,2026-01-08 15:05:00,861,59.7,USD,electronics,pix,BR,mobile,0,0
2199,2026-01-08 15:10:00,571,23.72,USD,travel,pix,BR,mobile,1,0
2200,2026-01-08 15:15:00,168,13.3,USD,online_services,card,AR,mobile,0,0
2201,2026-01-08 15:20:00,366,46.36,USD,utilities,pix,BR,mobile,1,0
2202,2026-01-08 15:25:00,8,113.01,USD,online_services,bank_transfer,BR,mobile,0,0
2203,2026-01-08 15:30:00,40,93.61,USD,online_services,card,BR,tablet,0,0
2204,2026-01-08 15:35:00,337,28.93,USD,travel,card,US,mobile,1,0
2205,2026-01-08 15:40:00,455,79.5,USD,transport,card,BR,mobile,0,0
2206,2026-01-08 15:45:00,798,78.89,USD,restaurants,card,BR,mobile,0,0
2207,2026-01-08 15:50:00,135,30.34,USD,online_services,pix,US,mobile,1,0
2208,2026-01-08 15:55:00,840,16.56,USD,restaurants,card,CO,mobile,1,0
2209,2026-01-08 16:00:00,235,17.54,USD,groceries,card,AR,mobile,1,0
2210,2026-01-08 16:05:00,139,76.54,USD,electronics,card,CL,mobile,1,0
2211,2026-01-08 16:10:00,700,31.75,USD,entertainment,digital_wallet,BR,mobile,0,0
2212,2026-01-08 16:15:00,775,11.63,USD,entertainment,bank_transfer,MX,mobile,1,0
2213,2026-01-08 16:20:00,605,6.14,USD,transport,card,BR,mobile,1,0
2214,2026-01-08 16:25:00,116,76.08,USD,travel,card,PT,mobile,1,0
2215,2026-01-08 16:30:00,116,19.17,USD,online_services,card,BR,desktop,0,0
2216,2026-01-08 16:35:00,391,46.08,USD,utilities,card,CL,tablet,1,0
2217,2026-01-08 16:40:00,451,114.4,USD,online_services,pix,AR,mobile,1,0
2218,2026-01-08 16:45:00,999,8.94,USD,utilities,pix,BR,mobile,1,0
2219,2026-01-08 16:50:00,287,31.65,USD,groceries,pix,BR,mobile,0,0
2220,2026-01-08 16:55:00,193,27.92,USD,restaurants,bank_transfer,MX,mobile,1,0
2221,2026-01-08 17:00:00,946,48.41,USD,restaurants,bank_transfer,BR,mobile,1,0
2222,2026-01-08 17:05:00,154,114.34,USD,restaurants,card,PT,mobile,1,0
2223,2026-01-08 17:10:00,27,8.76,USD,utilities,pix,BR,mobile,1,0
2224,2026-01-08 17:15:00,423,58.55,USD,entertainment,card,CL,mobile,1,0
2225,2026-01-08 17:20:00,402,92.9,USD,online_services,pix,CL,mobile,0,0
2226,2026-01-08 17:25:00,620,27.48,USD,transport,card,AR,mobile,1,0
2227,2026-01-08 17:30:00,878,28.86,USD,online_services,card,CL,mobile,1,0
2228,2026-01-08 17:35:00,933,50.32,USD,online_services,card,CO,mobile,1,0
2229,2026-01-08 17:40:00,290,46.75,USD,groceries,card,CL,mobile,1,0
2230,2026-01-08 17:45:00,981,59.28,USD,utilities,card,AR,mobile,1,0
2231,2026-01-08 17:50:00,633,58.05,USD,groceries,pix,CL,mobile,1,0
2232,2026-01-08 17:55:00,70,12.4,USD,electronics,card,BR,desktop,1,0
2233,2026-01-08 18:00:00,939,89.15,USD,restaurants,digital_wallet,BR,mobile,0,0
2234,2026-01-08 18:05:00,138,106.36,USD,travel,card,BR,desktop,1,0
2235,2026-01-08 18:10:00,589,39.89,USD,groceries,digital_wallet,CL,mobile,1,0
2236,2026-01-08 18:15:00,791,7.43,USD,utilities,card,US,mobile,1,0
2237,2026-01-08 18:20:00,250,29.53,USD,electronics,card,BR,tablet,1,0
2238,2026-01-08 18:25:00,271,40.22,USD,utilities,card,AR,mobile,1,0
2239,2026-01-08 18:30:00,477,10.54,USD,electronics,card,BR,mobile,0,1
2240,2026-01-08 18:35:00,885,23.1,USD,travel,card,AR,tablet,1,0
2241,2026-01-08 18:40:00,224,8.09,USD,entertainment,pix,CO,mobile,1,1
2242,2026-01-08 18:45:00,664,60.78,USD,online_services,card,CO,mobile,1,0
2243,2026-01-08 18:50:00,453,39.09,USD,transport,card,CO,mobile,1,0
2244,2026-01-08 18:55:00,112,6.39,USD,travel,card,CO,desktop,1,0
2245,2026-01-08 19:00:00,711,47.06,USD,transport,pix,BR,tablet,0,0
2246,2026-01-08 19:05:00,833,31.3,USD,groceries,card,AR,mobile,0,0
2247,2026-01-08 19:10:00,576,55.5,USD,utilities,card,BR,mobile,0,0
2248,2026-01-08 19:15:00,177,22.39,USD,travel,card,US,mobile,1,0
2249,2026-01-08 19:20:00,156,14.86,USD,transport,pix,MX,mobile,1,0
2250,2026-01-08 19:25:00,424,15.32,USD,utilities,pix,BR,mobile,0,0
2251,2026-01-08 19:30:00,507,19.33,USD,utilities,pix,BR,mobile,1,0
2252,2026-01-08 19:35:00,553,33.74,USD,online_services,pix,AR,mobile,0,0
2253,2026-01-08 19:40:00,244,38.4,USD,electronics,card,PT,desktop,1,0
2254,2026-01-08 19:45:00,501,27.37,USD,groceries,pix,BR,mobile,1,0
2255,2026-01-08 19:50:00,296,21.69,USD,electronics,pix,AR,mobile,1,0
2256,2026-01-08 19:55:00,687,23.3,USD,electronics,bank_transfer,BR,mobile,0,0
2257,2026-01-08 20:00:00,797,406.56,USD,restaurants,card,CL,desktop,1,0
2258,2026-01-08 20:05:00,653,15.32,USD,travel,pix,CL,mobile,1,0
2259,2026-01-08 20:10:00,2,18.95,USD,electronics,pix,BR,tablet,1,0
2260,2026-01-08 20:15:00,993,892.35,USD,online_services,pix,MX,mobile,0,0
2261,2026-01-08 20:20:00,24,50.45,USD,groceries,pix,BR,mobile,1,0
2262,2026-01-08 20:25:00,1000,8.33,USD,entertainment,bank_transfer,MX,mobile,1,0
2263,2026-01-08 20:30:00,32,76.91,USD,travel,card,BR,mobile,1,0
2264,2026-01-08 20:35:00,517,13.33,USD,restaurants,card,AR,mobile,1,0
2265,2026-01-08 20:40:00,106,82.19,USD,transport,card,BR,mobile,0,0
2266,2026-01-08 20:45:00,96,26.82,USD,utilities,card,CL,mobile,1,0
2267,2026-01-08 20:50:00,684,21.33,USD,transport,pix,BR,mobile,0,0
2268,2026-01-08 20:55:00,728,165.53,USD,entertainment,pix,AR,mobile,1,0
2269,2026-01-08 21:00:00,119,58.35,USD,travel,pix,BR,mobile,1,0
2270,2026-01-08 21:05:00,977,87.62,USD,online_services,pix,BR,mobile,0,0
2271,2026-01-08 21:10:00,321,51.16,USD,entertainment,pix,MX,mobile,1,0
2272,2026-01-08 21:15:00,319,21.23,USD,utilities,card,AR,tablet,1,1
2273,2026-01-08 21:20:00,297,61.03,USD,online_services,card,AR,mobile,0,0
2274,2026-01-08 21:25:00,462,110.97,USD,restaurants,card,CL,mobile,1,0
2275,2026-01-08 21:30:00,178,37.89,USD,utilities,bank_transfer,BR,tablet,1,0
2276,2026-01-08 21:35:00,425,200.67,USD,online_services,card,US,desktop,1,0
2277,2026-01-08 21:40:00,210,77.52,USD,groceries,card,BR,mobile,1,0
2278,2026-01-08 21:45:00,52,40.93,USD,electronics,card,US,desktop,1,0
2279,2026-01-08 21:50:00,369,42.58,USD,transport,pix,US,desktop,1,0
2280,2026-01-08 21:55:00,673,37.99,USD,online_services,digital_wallet,BR,mobile,0,0
2281,2026-01-08 22:00:00,764,9.48,USD,transport,bank_transfer,BR,mobile,1,0
2282,2026-01-08 22:05:00,354,30.26,USD,restaurants,card,CL,mobile,0,0
2283,2026-01-08 22:10:00,324,41.31,USD,groceries,pix,CO,tablet,1,0
2284,2026-01-08 22:15:00,788,21.84,USD,utilities,card,BR,mobile,0,0
2285,2026-01-08 22:20:00,682,46.42,USD,groceries,bank_transfer,BR,desktop,0,0
2286,2026-01-08 22:25:00,833,33.83,USD,transport,card,BR,mobile,1,0
2287,2026-01-08 22:30:00,907,71.79,USD,travel,card,CO,mobile,1,0
2288,2026-01-08 22:35:00,822,64.27,USD,groceries,pix,CO,tablet,0,0
2289,2026-01-08 22:40:00,937,39.14,USD,restaurants,card,BR,mobile,0,0
2290,2026-01-08 22:45:00,417,8.44,USD,online_services,digital_wallet,AR,mobile,1,0
2291,2026-01-08 22:50:00,395,198.49,USD,electronics,card,CO,desktop,1,0
2292,2026-01-08 22:55:00,322,28.73,USD,transport,digital_wallet,US,mobile,1,0
2293,2026-01-08 23:00:00,236,30.54,USD,utilities,card,BR,mobile,0,0
2294,2026-01-08 23:05:00,749,23.51,USD,groceries,card,BR,tablet,0,0
2295,2026-01-08 23:10:00,715,20.32,USD,transport,pix,BR,mobile,0,0
2296,2026-01-08 23:15:00,802,155.1,USD,utilities,pix,CL,mobile,1,0
2297,2026-01-08 23:20:00,168,132.43,USD,utilities,bank_transfer,BR,mobile,1,0
2298,2026-01-08 23:25:00,492,51.65,USD,electronics,pix,BR,mobile,0,0
2299,2026-01-08 23:30:00,222,29.74,USD,online_services,pix,MX,mobile,1,0
2300,2026-01-08 23:35:00,894,61.5,USD,travel,card,AR,mobile,1,0
2301,2026-01-08 23:40:00,268,35.65,USD,entertainment,digital_wallet,BR,mobile,1,0
2302,2026-01-08 23:45:00,144,27.38,USD,online_services,pix,BR,mobile,0,0
2303,2026-01-08 23:50:00,570,46.44,USD,travel,pix,BR,mobile,0,0
2304,2026-01-08 23:55:00,880,21.3,USD,electronics,bank_transfer,BR,mobile,0,0
2305,2026-01-09 00:00:00,916,42.62,USD,entertainment,card,BR,mobile,1,1
2306,2026-01-09 00:05:00,97,40.62,USD,groceries,bank_transfer,BR,mobile,0,0
2307,2026-01-09 00:10:00,326,60.52,USD,electronics,pix,BR,mobile,0,0
2308,2026-01-09 00:15:00,154,17.83,USD,entertainment,bank_transfer,US,mobile,1,0
2309,2026-01-09 00:20:00,308,67.37,USD,electronics,pix,US,desktop,1,0
2310,2026-01-09 00:25:00,534,13.38,USD,entertainment,pix,BR,mobile,0,0
2311,2026-01-09 00:30:00,281,18.68,USD,electronics,bank_transfer,CL,desktop,1,0
2312,2026-01-09 00:35:00,68,19.51,USD,restaurants,pix,BR,desktop,0,0
2313,2026-01-09 00:40:00,511,11.34,USD,restaurants,card,MX,mobile,0,0
2314,2026-01-09 00:45:00,53,91.44,USD,travel,pix,US,mobile,1,0
2315,2026-01-09 00:50:00,227,12.57,USD,restaurants,pix,CL,desktop,1,0
2316,2026-01-09 00:55:00,1,16.46,USD,transport,bank_transfer,CL,mobile,1,0
2317,2026-01-09 01:00:00,87,116.21,USD,travel,bank_transfer,BR,mobile,1,1
2318,2026-01-09 01:05:00,437,18.72,USD,groceries,card,BR,mobile,0,0
2319,2026-01-09 01:10:00,851,27.44,USD,electronics,card,AR,mobile,1,0
2320,2026-01-09 01:15:00,775,12.04,USD,transport,card,BR,desktop,0,0
2321,2026-01-09 01:20:00,99,76.17,USD,transport,pix,CL,mobile,1,0
2322,2026-01-09 01:25:00,35,77.23,USD,online_services,bank_transfer,AR,mobile,1,0
2323,2026-01-09 01:30:00,339,69.33,USD,online_services,pix,BR,mobile,1,0
2324,2026-01-09 01:35:00,653,56.69,USD,transport,bank_transfer,AR,desktop,1,0
2325,2026-01-09 01:40:00,747,35.64,USD,online_services,pix,MX,mobile,1,0
2326,2026-01-09 01:45:00,824,19.6,USD,restaurants,pix,AR,mobile,1,0
2327,2026-01-09 01:50:00,343,14.66,USD,transport,digital_wallet,AR,mobile,0,0
2328,2026-01-09 01:55:00,169,120.29,USD,online_services,card,MX,mobile,1,0
2329,2026-01-09 02:00:00,27,71.15,USD,groceries,card,BR,mobile,1,0
2330,2026-01-09 02:05:00,147,16.56,USD,electronics,card,CL,mobile,1,0
2331,2026-01-09 02:10:00,66,34.46,USD,utilities,card,BR,mobile,1,0
2332,2026-01-09 02:15:00,861,24.53,USD,online_services,pix,BR,mobile,0,0
2333,2026-01-09 02:20:00,269,10.72,USD,online_services,card,PT,mobile,1,0
2334,2026-01-09 02:25:00,824,39.55,USD,online_services,pix,BR,mobile,0,0
2335,2026-01-09 02:30:00,554,21.86,USD,online_services,card,BR,mobile,1,0
2336,2026-01-09 02:35:00,539,12.77,USD,electronics,card,BR,mobile,0,0
2337,2026-01-09 02:40:00,455,7.54,USD,transport,card,PT,mobile,1,0
2338,2026-01-09 02:45:00,820,6.93,USD,electronics,bank_transfer,US,mobile,1,0
2339,2026-01-09 02:50:00,44,22.84,USD,groceries,pix,BR,desktop,0,0
2340,2026-01-09 02:55:00,93,30.41,USD,restaurants,bank_transfer,AR,mobile,1,0
2341,2026-01-09 03:00:00,424,13.8,USD,online_services,pix,BR,desktop,0,0
2342,2026-01-09 03:05:00,395,63.48,USD,restaurants,card,CO,mobile,1,0
2343,2026-01-09 03:10:00,546,31.01,USD,travel,pix,AR,desktop,1,0
2344,2026-01-09 03:15:00,738,58.96,USD,restaurants,card,BR,mobile,1,0
2345,2026-01-09 03:20:00,588,27.58,USD,entertainment,card,AR,mobile,0,0
2346,2026-01-09 03:25:00,258,15.07,USD,electronics,pix,US,mobile,1,0
2347,2026-01-09 03:30:00,328,37.12,USD,groceries,bank_transfer,BR,mobile,1,0
2348,2026-01-09 03:35:00,753,9.37,USD,transport,bank_transfer,BR,desktop,1,0
2349,2026-01-09 03:40:00,202,56.79,USD,entertainment,card,US,mobile,1,0
2350,2026-01-09 03:45:00,505,12.97,USD,utilities,pix,BR,mobile,0,0
2351,2026-01-09 03:50:00,539,82.95,USD,transport,pix,AR,mobile,1,0
2352,2026-01-09 03:55:00,751,23.61,USD,transport,bank_transfer,AR,mobile,1,0
2353,2026-01-09 04:00:00,715,95.83,USD,entertainment,digital_wallet,BR,mobile,0,0
2354,2026-01-09 04:05:00,465,10.78,USD,electronics,pix,BR,mobile,1,0
2355,2026-01-09 04:10:00,310,16.81,USD,groceries,card,BR,mobile,0,0
2356,2026-01-09 04:15:00,368,48.47,USD,groceries,bank_transfer,BR,mobile,0,0
2357,2026-01-09 04:20:00,412,106.75,USD,transport,pix,AR,mobile,1,0
2358,2026-01-09 04:25:00,220,175.32,USD,transport,bank_transfer,MX,desktop,1,0
2359,2026-01-09 04:30:00,626,34.51,USD,groceries,pix,BR,tablet,0,0
2360,2026-01-09 04:35:00,209,208.04,USD,utilities,digital_wallet,CO,mobile,1,0
2361,2026-01-09 04:40:00,649,24.79,USD,electronics,card,BR,tablet,1,0
2362,2026-01-09 04:45:00,752,99.36,USD,entertainment,pix,BR,desktop,0,0
2363,2026-01-09 04:50:00,962,12.91,USD,groceries,card,AR,mobile,0,0
2364,2026-01-09 04:55:00,119,50.41,USD,electronics,pix,BR,mobile,1,0
2365,2026-01-09 05:00:00,760,3.18,USD,electronics,digital_wallet,CL,desktop,1,0
2366,2026-01-09 05:05:00,86,10.79,USD,travel,pix,BR,mobile,1,0
2367,2026-01-09 05:10:00,338,52.81,USD,online_services,pix,CL,mobile,1,0
2368,2026-01-09 05:15:00,177,8.91,USD,electronics,card,US,mobile,1,0
2369,2026-01-09 05:20:00,163,50.75,USD,electronics,card,BR,mobile,1,0
2370,2026-01-09 05:25:00,176,81.98,USD,online_services,pix,US,mobile,1,0
2371,2026-01-09 05:30:00,44,20.06,USD,electronics,card,BR,mobile,0,0
2372,2026-01-09 05:35:00,824,12.57,USD,electronics,card,BR,mobile,0,0
2373,2026-01-09 05:40:00,62,20.61,USD,restaurants,pix,BR,mobile,1,0
2374,2026-01-09 05:45:00,399,12.61,USD,entertainment,pix,MX,mobile,1,0
2375,2026-01-09 05:50:00,700,29.93,USD,groceries,card,CL,desktop,1,0
2376,2026-01-09 05:55:00,991,36.67,USD,restaurants,card,PT,mobile,1,0
2377,2026-01-09 06:00:00,854,24.39,USD,electronics,card,CO,mobile,1,0
2378,2026-01-09 06:05:00,138,176.68,USD,electronics,pix,BR,mobile,1,0
2379,2026-01-09 06:10:00,988,16.13,USD,groceries,bank_transfer,US,tablet,1,0
2380,2026-01-09 06:15:00,654,133.14,USD,travel,card,PT,mobile,1,0
2381,2026-01-09 06:20:00,180,11.69,USD,online_services,card,MX,mobile,1,0
2382,2026-01-09 06:25:00,449,35.62,USD,groceries,bank_transfer,AR,mobile,1,0
2383,2026-01-09 06:30:00,918,108.11,USD,electronics,card,MX,mobile,0,0
2384,2026-01-09 06:35:00,393,102.65,USD,travel,pix,BR,desktop,1,1
2385,2026-01-09 06:40:00,184,21.75,USD,transport,card,US,mobile,1,0
2386,2026-01-09 06:45:00,876,57.69,USD,travel,digital_wallet,PT,mobile,1,0
2387,2026-01-09 06:50:00,953,50.46,USD,transport,pix,CL,mobile,1,0
2388,2026-01-09 06:55:00,976,19.3,USD,restaurants,card,BR,mobile,1,0
2389,2026-01-09 07:00:00,956,61.31,USD,utilities,card,BR,mobile,1,0
2390,2026-01-09 07:05:00,873,213.26,USD,online_services,card,PT,mobile,1,0
2391,2026-01-09 07:10:00,455,53.07,USD,electronics,card,US,mobile,1,0
2392,2026-01-09 07:15:00,193,58.34,USD,groceries,card,CO,mobile,1,0
2393,2026-01-09 07:20:00,618,64.86,USD,restaurants,pix,US,mobile,1,0
2394,2026-01-09 07:25:00,221,7.68,USD,online_services,bank_transfer,AR,mobile,1,0
2395,2026-01-09 07:30:00,474,52.47,USD,online_services,card,US,desktop,1,0
2396,2026-01-09 07:35:00,657,11.98,USD,electronics,card,BR,mobile,1,0
2397,2026-01-09 07:40:00,947,18.36,USD,utilities,bank_transfer,BR,mobile,0,0
2398,2026-01-09 07:45:00,290,287.71,USD,restaurants,card,AR,mobile,1,0
2399,2026-01-09 07:50:00,252,25.71,USD,electronics,pix,BR,tablet,1,0
2400,2026-01-09 07:55:00,735,15.8,USD,groceries,bank_transfer,BR,mobile,1,0
2401,2026-01-09 08:00:00,7,104.86,USD,travel,pix,MX,mobile,1,0
2402,2026-01-09 08:05:00,567,12.84,USD,entertainment,pix,BR,desktop,0,0
2403,2026-01-09 08:10:00,746,21.17,USD,online_services,digital_wallet,CO,mobile,1,0
2404,2026-01-09 08:15:00,551,115.47,USD,utilities,card,BR,tablet,0,0
2405,2026-01-09 08:20:00,384,34.56,USD,entertainment,card,MX,mobile,1,0
2406,2026-01-09 08:25:00,829,6.95,USD,entertainment,card,BR,mobile,0,0
2407,2026-01-09 08:30:00,372,57.05,USD,entertainment,card,CO,mobile,1,0
2408,2026-01-09 08:35:00,711,22.28,USD,electronics,card,AR,mobile,1,0
2409,2026-01-09 08:40:00,465,154.45,USD,travel,card,BR,desktop,1,0
2410,2026-01-09 08:45:00,27,18.06,USD,restaurants,pix,BR,mobile,1,0
2411,2026-01-09 08:50:00,531,94.75,USD,groceries,card,BR,mobile,1,0
2412,2026-01-09 08:55:00,50,195.53,USD,utilities,bank_transfer,BR,mobile,0,0
2413,2026-01-09 09:00:00,931,14.14,USD,electronics,card,BR,mobile,1,0
2414,2026-01-09 09:05:00,602,27.3,USD,utilities,pix,BR,mobile,0,0
2415,2026-01-09 09:10:00,373,48.84,USD,groceries,card,CO,mobile,1,0
2416,2026-01-09 09:15:00,487,14.05,USD,electronics,card,BR,mobile,1,0
2417,2026-01-09 09:20:00,620,43.39,USD,transport,pix,BR,desktop,0,0
2418,2026-01-09 09:25:00,261,26.45,USD,utilities,card,BR,mobile,0,0
2419,2026-01-09 09:30:00,289,25.92,USD,electronics,pix,AR,mobile,1,0
2420,2026-01-09 09:35:00,419,34.78,USD,entertainment,pix,AR,mobile,1,0
2421,2026-01-09 09:40:00,259,35.56,USD,groceries,pix,CL,desktop,1,0
2422,2026-01-09 09:45:00,758,39.01,USD,travel,pix,AR,mobile,1,0
2423,2026-01-09 09:50:00,104,18.2,USD,electronics,bank_transfer,AR,mobile,1,0
2424,2026-01-09 09:55:00,827,19.01,USD,travel,card,BR,tablet,0,0
2425,2026-01-09 10:00:00,349,29.41,USD,travel,digital_wallet,BR,mobile,1,0
2426,2026-01-09 10:05:00,562,31.67,USD,groceries,card,CO,mobile,1,0
2427,2026-01-09 10:10:00,158,21.35,USD,groceries,pix,BR,mobile,1,0
2428,2026-01-09 10:15:00,386,45.78,USD,restaurants,digital_wallet,MX,tablet,1,0
2429,2026-01-09 10:20:00,755,5.39,USD,restaurants,card,AR,desktop,1,0
2430,2026-01-09 10:25:00,271,15.95,USD,entertainment,bank_transfer,CL,mobile,1,0
2431,2026-01-09 10:30:00,133,25.03,USD,transport,pix,AR,mobile,0,0
2432,2026-01-09 10:35:00,522,14.07,USD,online_services,bank_transfer,US,mobile,1,0
2433,2026-01-09 10:40:00,163,168.88,USD,groceries,card,BR,mobile,1,0
2434,2026-01-09 10:45:00,315,33.75,USD,travel,pix,BR,mobile,0,0
2435,2026-01-09 10:50:00,451,39.52,USD,entertainment,card,US,desktop,1,0
2436,2026-01-09 10:55:00,565,20.43,USD,groceries,card,CL,mobile,0,0
2437,2026-01-09 11:00:00,640,32.6,USD,travel,pix,BR,mobile,0,0
2438,2026-01-09 11:05:00,677,9.82,USD,groceries,pix,BR,tablet,0,0
2439,2026-01-09 11:10:00,845,27.94,USD,utilities,pix,BR,mobile,0,0
2440,2026-01-09 11:15:00,67,12.97,USD,electronics,pix,MX,mobile,1,0
2441,2026-01-09 11:20:00,363,25.09,USD,utilities,bank_transfer,BR,mobile,0,0
2442,2026-01-09 11:25:00,2,2.56,USD,entertainment,pix,BR,tablet,1,0
2443,2026-01-09 11:30:00,10,10.72,USD,transport,card,BR,mobile,1,0
2444,2026-01-09 11:35:00,213,143.15,USD,restaurants,bank_transfer,PT,mobile,1,1
2445,2026-01-09 11:40:00,599,75.97,USD,restaurants,pix,AR,mobile,1,0
2446,2026-01-09 11:45:00,895,123.85,USD,groceries,card,AR,tablet,1,0
2447,2026-01-09 11:50:00,774,132.65,USD,transport,card,US,mobile,1,0
2448,2026-01-09 11:55:00,647,64.91,USD,entertainment,card,BR,mobile,1,0
2449,2026-01-09 12:00:00,779,21.05,USD,transport,bank_transfer,MX,desktop,1,0
2450,2026-01-09 12:05:00,172,11.74,USD,restaurants,card,CO,mobile,1,0
2451,2026-01-09 12:10:00,840,104.25,USD,groceries,pix,AR,mobile,1,0
2452,2026-01-09 12:15:00,891,35.32,USD,electronics,pix,CO,mobile,0,0
2453,2026-01-09 12:20:00,96,401.02,USD,restaurants,digital_wallet,PT,mobile,1,0
2454,2026-01-09 12:25:00,470,22.99,USD,entertainment,card,BR,desktop,0,0
2455,2026-01-09 12:30:00,831,238.15,USD,transport,bank_transfer,BR,desktop,0,0
2456,2026-01-09 12:35:00,477,28.31,USD,restaurants,pix,MX,mobile,1,0
2457,2026-01-09 12:40:00,841,125.97,USD,transport,card,BR,mobile,1,0
2458,2026-01-09 12:45:00,936,180.67,USD,electronics,card,AR,mobile,1,0
2459,2026-01-09 12:50:00,475,11.91,USD,groceries,card,BR,mobile,1,0
2460,2026-01-09 12:55:00,60,20.39,USD,groceries,card,MX,mobile,1,0
2461,2026-01-09 13:00:00,341,11.79,USD,online_services,card,CO,tablet,1,0
2462,2026-01-09 13:05:00,216,9.68,USD,transport,card,PT,mobile,1,0
2463,2026-01-09 13:10:00,475,64.53,USD,entertainment,bank_transfer,AR,mobile,0,0
2464,2026-01-09 13:15:00,586,27.2,USD,online_services,card,PT,mobile,1,0
2465,2026-01-09 13:20:00,464,34.9,USD,groceries,card,AR,desktop,1,0
2466,2026-01-09 13:25:00,196,57.76,USD,entertainment,pix,CL,mobile,1,1
2467,2026-01-09 13:30:00,302,5.17,USD,utilities,bank_transfer,CL,desktop,1,0
2468,2026-01-09 13:35:00,680,119.91,USD,groceries,digital_wallet,AR,mobile,1,0
2469,2026-01-09 13:40:00,27,23.36,USD,transport,bank_transfer,AR,mobile,1,0
2470,2026-01-09 13:45:00,215,56.4,USD,restaurants,bank_transfer,BR,mobile,1,0
2471,2026-01-09 13:50:00,893,61.6,USD,groceries,card,BR,desktop,0,0
2472,2026-01-09 13:55:00,100,130.42,USD,transport,pix,CO,mobile,1,0
2473,2026-01-09 14:00:00,415,29.82,USD,restaurants,card,BR,mobile,1,0
2474,2026-01-09 14:05:00,207,3.96,USD,online_services,digital_wallet,CO,desktop,1,0
2475,2026-01-09 14:10:00,105,35.06,USD,restaurants,card,BR,mobile,0,0
2476,2026-01-09 14:15:00,423,40.48,USD,entertainment,pix,BR,mobile,1,0
2477,2026-01-09 14:20:00,522,11.77,USD,groceries,card,CL,mobile,1,0
2478,2026-01-09 14:25:00,177,38.38,USD,travel,bank_transfer,BR,mobile,0,0
2479,2026-01-09 14:30:00,78,23.08,USD,entertainment,card,PT,desktop,1,0
2480,2026-01-09 14:35:00,135,8.65,USD,restaurants,bank_transfer,PT,mobile,1,0
2481,2026-01-09 14:40:00,652,64.81,USD,electronics,digital_wallet,AR,mobile,0,0
2482,2026-01-09 14:45:00,861,18.85,USD,online_services,card,BR,mobile,0,0
2483,2026-01-09 14:50:00,181,22.06,USD,travel,bank_transfer,BR,tablet,0,0
2484,2026-01-09 14:55:00,321,20.85,USD,utilities,card,CO,mobile,1,0
2485,2026-01-09 15:00:00,344,113.92,USD,electronics,card,BR,mobile,0,0
2486,2026-01-09 15:05:00,361,31.79,USD,restaurants,card,US,desktop,1,0
2487,2026-01-09 15:10:00,245,35.84,USD,electronics,pix,PT,desktop,1,0
2488,2026-01-09 15:15:00,56,21.31,USD,electronics,card,BR,mobile,0,0
2489,2026-01-09 15:20:00,526,52.61,USD,online_services,pix,CL,mobile,1,0
2490,2026-01-09 15:25:00,358,127.65,USD,electronics,bank_transfer,AR,desktop,1,1
2491,2026-01-09 15:30:00,343,63.3,USD,entertainment,card,AR,mobile,0,0
2492,2026-01-09 15:35:00,265,65.82,USD,travel,card,BR,tablet,0,0
2493,2026-01-09 15:40:00,930,60.72,USD,transport,card,CO,mobile,1,0
2494,2026-01-09 15:45:00,611,8.33,USD,transport,card,BR,mobile,1,0
2495,2026-01-09 15:50:00,419,13.79,USD,utilities,digital_wallet,US,mobile,1,0
2496,2026-01-09 15:55:00,206,26.98,USD,restaurants,card,AR,mobile,1,0
2497,2026-01-09 16:00:00,802,16.02,USD,electronics,pix,CL,mobile,1,0
2498,2026-01-09 16:05:00,889,11.42,USD,entertainment,digital_wallet,US,mobile,1,0
2499,2026-01-09 16:10:00,33,5.09,USD,groceries,card,CO,desktop,1,0
2500,2026-01-09 16:15:00,930,8.61,USD,entertainment,pix,AR,mobile,0,0
2501,2026-01-09 16:20:00,700,25.62,USD,utilities,bank_transfer,BR,mobile,0,0
2502,2026-01-09 16:25:00,100,30.89,USD,electronics,pix,AR,mobile,1,1
2503,2026-01-09 16:30:00,754,14.98,USD,travel,card,BR,mobile,0,0
2504,2026-01-09 16:35:00,108,35.84,USD,electronics,bank_transfer,US,mobile,1,0
2505,2026-01-09 16:40:00,51,21.46,USD,entertainment,digital_wallet,BR,mobile,0,0
2506,2026-01-09 16:45:00,116,98.55,USD,groceries,bank_transfer,BR,mobile,0,0
2507,2026-01-09 16:50:00,460,28.17,USD,travel,bank_transfer,CO,mobile,1,0
2508,2026-01-09 16:55:00,620,66.44,USD,electronics,bank_transfer,BR,mobile,0,0
2509,2026-01-09 17:00:00,408,40.58,USD,groceries,pix,US,desktop,1,0
2510,2026-01-09 17:05:00,122,8.15,USD,utilities,card,BR,mobile,1,0
2511,2026-01-09 17:10:00,200,30.25,USD,restaurants,digital_wallet,BR,mobile,0,0
2512,2026-01-09 17:15:00,853,9.63,USD,travel,card,CL,mobile,1,0
2513,2026-01-09 17:20:00,963,29.72,USD,utilities,bank_transfer,AR,mobile,1,0
2514,2026-01-09 17:25:00,755,15.72,USD,online_services,card,US,desktop,1,0
2515,2026-01-09 17:30:00,104,48.52,USD,entertainment,pix,BR,desktop,1,0
2516,2026-01-09 17:35:00,820,8.65,USD,entertainment,bank_transfer,BR,tablet,0,0
2517,2026-01-09 17:40:00,692,33.61,USD,travel,bank_transfer,BR,mobile,1,0
2518,2026-01-09 17:45:00,527,58.7,USD,utilities,card,BR,desktop,1,0
2519,2026-01-09 17:50:00,144,82.07,USD,online_services,pix,AR,mobile,1,0
2520,2026-01-09 17:55:00,997,15.42,USD,electronics,card,BR,mobile,0,0
2521,2026-01-09 18:00:00,443,33.71,USD,electronics,card,AR,mobile,1,0
2522,2026-01-09 18:05:00,45,39.81,USD,restaurants,pix,US,desktop,1,0
2523,2026-01-09 18:10:00,210,155.57,USD,online_services,digital_wallet,BR,tablet,1,0
2524,2026-01-09 18:15:00,402,7.53,USD,online_services,digital_wallet,CL,mobile,0,0
2525,2026-01-09 18:20:00,63,13.32,USD,entertainment,pix,BR,desktop,1,0
2526,2026-01-09 18:25:00,324,547.01,USD,entertainment,bank_transfer,MX,desktop,1,0
2527,2026-01-09 18:30:00,469,25.2,USD,restaurants,card,BR,mobile,1,0
2528,2026-01-09 18:35:00,949,5.0,USD,online_services,card,AR,mobile,1,0
2529,2026-01-09 18:40:00,87,18.49,USD,groceries,pix,BR,mobile,1,0
2530,2026-01-09 18:45:00,577,2.08,USD,travel,bank_transfer,BR,mobile,0,0
2531,2026-01-09 18:50:00,916,42.14,USD,transport,pix,BR,mobile,1,0
2532,2026-01-09 18:55:00,807,74.42,USD,electronics,card,BR,mobile,0,0
2533,2026-01-09 19:00:00,925,13.31,USD,groceries,card,US,mobile,1,0
2534,2026-01-09 19:05:00,171,20.68,USD,restaurants,card,BR,desktop,1,0
2535,2026-01-09 19:10:00,802,83.4,USD,electronics,bank_transfer,PT,mobile,1,0
2536,2026-01-09 19:15:00,979,5.75,USD,electronics,card,AR,mobile,1,0
2537,2026-01-09 19:20:00,327,8.83,USD,online_services,card,BR,mobile,0,0
2538,2026-01-09 19:25:00,499,26.36,USD,travel,pix,BR,mobile,1,0
2539,2026-01-09 19:30:00,531,15.61,USD,groceries,card,BR,mobile,1,0
2540,2026-01-09 19:35:00,494,24.68,USD,online_services,card,MX,mobile,1,0
2541,2026-01-09 19:40:00,290,9.36,USD,travel,pix,BR,mobile,0,0
2542,2026-01-09 19:45:00,971,41.03,USD,utilities,card,US,mobile,1,0
2543,2026-01-09 19:50:00,957,28.52,USD,online_services,pix,BR,mobile,0,0
2544,2026-01-09 19:55:00,381,57.35,USD,travel,digital_wallet,BR,mobile,1,1
2545,2026-01-09 20:00:00,806,40.46,USD,restaurants,card,BR,mobile,1,0
2546,2026-01-09 20:05:00,398,40.72,USD,electronics,card,CL,mobile,1,0
2547,2026-01-09 20:10:00,795,7.8,USD,entertainment,pix,AR,mobile,1,0
2548,2026-01-09 20:15:00,585,54.2,USD,groceries,pix,US,tablet,1,0
2549,2026-01-09 20:20:00,471,23.79,USD,online_services,digital_wallet,BR,mobile,1,0
2550,2026-01-09 20:25:00,129,28.03,USD,transport,card,BR,desktop,1,0
2551,2026-01-09 20:30:00,655,94.47,USD,entertainment,bank_transfer,CO,mobile,1,0
2552,2026-01-09 20:35:00,322,16.13,USD,online_services,pix,AR,mobile,1,0
2553,2026-01-09 20:40:00,217,127.89,USD,utilities,card,MX,mobile,1,0
2554,2026-01-09 20:45:00,194,140.4,USD,entertainment,pix,BR,tablet,1,0
2555,2026-01-09 20:50:00,982,70.3,USD,transport,card,CO,desktop,1,0
2556,2026-01-09 20:55:00,104,12.42,USD,travel,card,BR,mobile,1,0
2557,2026-01-09 21:00:00,799,3.72,USD,travel,card,PT,desktop,1,0
2558,2026-01-09 21:05:00,867,97.4,USD,utilities,card,BR,mobile,0,0
2559,2026-01-09 21:10:00,32,37.02,USD,groceries,pix,MX,mobile,1,0
2560,2026-01-09 21:15:00,590,15.72,USD,groceries,card,BR,mobile,0,0
2561,2026-01-09 21:20:00,578,107.08,USD,groceries,card,MX,mobile,1,0
2562,2026-01-09 21:25:00,359,13.99,USD,online_services,card,US,mobile,1,0
2563,2026-01-09 21:30:00,667,21.67,USD,travel,pix,US,mobile,1,0
2564,2026-01-09 21:35:00,409,55.97,USD,entertainment,digital_wallet,AR,mobile,1,0
2565,2026-01-09 21:40:00,440,10.87,USD,groceries,card,BR,mobile,0,0
2566,2026-01-09 21:45:00,432,29.68,USD,groceries,digital_wallet,MX,mobile,1,1
2567,2026-01-09 21:50:00,801,98.41,USD,entertainment,pix,AR,mobile,1,0
2568,2026-01-09 21:55:00,634,40.9,USD,entertainment,digital_wallet,CL,mobile,1,0
2569,2026-01-09 22:00:00,380,115.29,USD,electronics,pix,BR,mobile,0,0
2570,2026-01-09 22:05:00,927,102.88,USD,groceries,pix,BR,mobile,0,0
2571,2026-01-09 22:10:00,803,33.37,USD,electronics,bank_transfer,BR,mobile,0,0
2572,2026-01-09 22:15:00,933,3.2,USD,entertainment,pix,CL,mobile,1,0
2573,2026-01-09 22:20:00,731,10.96,USD,restaurants,bank_transfer,BR,mobile,1,0
2574,2026-01-09 22:25:00,392,71.05,USD,transport,bank_transfer,BR,mobile,1,0
2575,2026-01-09 22:30:00,773,7.03,USD,entertainment,pix,MX,mobile,1,0
2576,2026-01-09 22:35:00,330,23.89,USD,restaurants,pix,AR,mobile,1,0
2577,2026-01-09 22:40:00,271,46.45,USD,groceries,pix,US,mobile,1,0
2578,2026-01-09 22:45:00,452,143.97,USD,entertainment,pix,BR,mobile,1,0
2579,2026-01-09 22:50:00,970,18.63,USD,groceries,pix,BR,desktop,1,0
2580,2026-01-09 22:55:00,568,17.4,USD,electronics,pix,AR,mobile,1,0
2581,2026-01-09 23:00:00,384,31.42,USD,travel,card,BR,mobile,0,0
2582,2026-01-09 23:05:00,462,47.04,USD,groceries,digital_wallet,CL,desktop,1,1
2583,2026-01-09 23:10:00,292,28.38,USD,entertainment,card,BR,mobile,0,0
2584,2026-01-09 23:15:00,659,94.56,USD,utilities,card,AR,mobile,1,0
2585,2026-01-09 23:20:00,351,14.89,USD,online_services,card,BR,mobile,1,0
2586,2026-01-09 23:25:00,555,37.34,USD,transport,card,CL,tablet,1,0
2587,2026-01-09 23:30:00,370,51.69,USD,transport,pix,MX,mobile,1,0
2588,2026-01-09 23:35:00,321,22.19,USD,travel,card,BR,mobile,0,0
2589,2026-01-09 23:40:00,971,76.69,USD,travel,card,AR,mobile,1,0
2590,2026-01-09 23:45:00,346,38.43,USD,travel,card,AR,mobile,1,0
2591,2026-01-09 23:50:00,71,72.88,USD,transport,card,CO,mobile,1,0
2592,2026-01-09 23:55:00,379,40.21,USD,groceries,digital_wallet,BR,tablet,1,0
2593,2026-01-10 00:00:00,533,48.25,USD,groceries,pix,BR,mobile,0,0
2594,2026-01-10 00:05:00,95,17.59,USD,online_services,card,MX,mobile,1,0
2595,2026-01-10 00:10:00,306,17.62,USD,electronics,pix,AR,desktop,1,0
2596,2026-01-10 00:15:00,167,112.66,USD,electronics,pix,CO,mobile,1,0
2597,2026-01-10 00:20:00,501,62.52,USD,entertainment,pix,BR,mobile,1,0
2598,2026-01-10 00:25:00,724,11.91,USD,restaurants,card,US,mobile,1,0
2599,2026-01-10 00:30:00,969,39.68,USD,electronics,pix,BR,mobile,1,0
2600,2026-01-10 00:35:00,390,3.08,USD,electronics,card,BR,mobile,0,0
2601,2026-01-10 00:40:00,864,18.65,USD,groceries,card,AR,mobile,1,0
2602,2026-01-10 00:45:00,215,86.58,USD,travel,digital_wallet,AR,mobile,1,1
2603,2026-01-10 00:50:00,781,29.22,USD,restaurants,card,CL,mobile,1,0
2604,2026-01-10 00:55:00,563,37.26,USD,groceries,card,BR,mobile,0,1
2605,2026-01-10 01:00:00,759,1.62,USD,travel,card,BR,mobile,0,0
2606,2026-01-10 01:05:00,756,22.37,USD,transport,pix,CO,desktop,1,0
2607,2026-01-10 01:10:00,533,46.45,USD,entertainment,card,BR,tablet,0,0
2608,2026-01-10 01:15:00,258,52.74,USD,travel,card,CO,desktop,1,0
2609,2026-01-10 01:20:00,527,86.69,USD,groceries,card,CL,mobile,1,0
2610,2026-01-10 01:25:00,827,26.84,USD,entertainment,card,BR,mobile,0,0
2611,2026-01-10 01:30:00,971,28.06,USD,groceries,pix,CO,mobile,1,0
2612,2026-01-10 01:35:00,928,8.74,USD,transport,card,US,mobile,1,0
2613,2026-01-10 01:40:00,182,26.99,USD,entertainment,pix,MX,desktop,1,0
2614,2026-01-10 01:45:00,598,9.38,USD,electronics,card,BR,mobile,0,0
2615,2026-01-10 01:50:00,105,5.22,USD,electronics,digital_wallet,AR,mobile,1,0
2616,2026-01-10 01:55:00,669,11.19,USD,restaurants,pix,US,desktop,1,0
2617,2026-01-10 02:00:00,993,149.71,USD,electronics,card,AR,mobile,1,0
2618,2026-01-10 02:05:00,53,25.27,USD,transport,card,BR,desktop,1,1
2619,2026-01-10 02:10:00,657,41.26,USD,online_services,pix,BR,mobile,1,0
2620,2026-01-10 02:15:00,946,19.82,USD,entertainment,pix,CL,desktop,0,0
2621,2026-01-10 02:20:00,848,5.53,USD,online_services,card,CO,tablet,0,0
2622,2026-01-10 02:25:00,393,84.45,USD,transport,card,US,mobile,1,0
2623,2026-01-10 02:30:00,104,3.77,USD,online_services,pix,US,mobile,1,0
2624,2026-01-10 02:35:00,924,19.01,USD,transport,card,BR,mobile,1,0
2625,2026-01-10 02:40:00,922,31.36,USD,transport,card,CL,desktop,1,1
2626,2026-01-10 02:45:00,579,41.7,USD,transport,card,BR,mobile,1,0
2627,2026-01-10 02:50:00,979,16.02,USD,travel,bank_transfer,BR,tablet,0,0
2628,2026-01-10 02:55:00,5,5.27,USD,travel,card,BR,desktop,0,0
2629,2026-01-10 03:00:00,617,14.86,USD,groceries,card,US,mobile,1,0
2630,2026-01-10 03:05:00,39,15.66,USD,travel,card,BR,mobile,1,0
2631,2026-01-10 03:10:00,936,15.29,USD,online_services,pix,AR,mobile,1,0
2632,2026-01-10 03:15:00,681,87.36,USD,electronics,pix,BR,mobile,1,0
2633,2026-01-10 03:20:00,914,9.84,USD,entertainment,pix,BR,mobile,0,0
2634,2026-01-10 03:25:00,563,44.74,USD,entertainment,pix,AR,mobile,1,0
2635,2026-01-10 03:30:00,84,38.8,USD,online_services,pix,BR,mobile,1,0
2636,2026-01-10 03:35:00,27,86.53,USD,entertainment,pix,BR,mobile,1,0
2637,2026-01-10 03:40:00,336,28.99,USD,electronics,digital_wallet,AR,mobile,0,0
2638,2026-01-10 03:45:00,744,73.05,USD,groceries,bank_transfer,MX,mobile,1,0
2639,2026-01-10 03:50:00,152,27.88,USD,utilities,card,CO,mobile,1,0
2640,2026-01-10 03:55:00,853,51.13,USD,transport,pix,MX,mobile,1,0
2641,2026-01-10 04:00:00,240,7.37,USD,online_services,card,BR,mobile,0,0
2642,2026-01-10 04:05:00,497,2.37,USD,restaurants,card,BR,mobile,1,0
2643,2026-01-10 04:10:00,204,48.31,USD,electronics,card,BR,tablet,0,0
2644,2026-01-10 04:15:00,466,50.97,USD,utilities,bank_transfer,PT,desktop,1,0
2645,2026-01-10 04:20:00,453,53.28,USD,restaurants,digital_wallet,BR,mobile,0,0
2646,2026-01-10 04:25:00,6,19.59,USD,transport,pix,BR,desktop,0,1
2647,2026-01-10 04:30:00,568,146.9,USD,utilities,pix,US,mobile,1,0
2648,2026-01-10 04:35:00,787,20.91,USD,transport,card,US,mobile,1,0
2649,2026-01-10 04:40:00,937,50.44,USD,online_services,digital_wallet,BR,mobile,0,1
2650,2026-01-10 04:45:00,331,60.02,USD,travel,card,CO,mobile,0,0
2651,2026-01-10 04:50:00,881,184.7,USD,utilities,digital_wallet,BR,desktop,0,0
2652,2026-01-10 04:55:00,879,24.12,USD,travel,card,AR,mobile,1,1
2653,2026-01-10 05:00:00,989,17.23,USD,groceries,card,AR,mobile,0,0
2654,2026-01-10 05:05:00,374,7.4,USD,utilities,pix,PT,desktop,1,0
2655,2026-01-10 05:10:00,851,156.39,USD,electronics,card,BR,mobile,0,1
2656,2026-01-10 05:15:00,566,50.47,USD,electronics,card,CO,mobile,1,0
2657,2026-01-10 05:20:00,59,52.09,USD,entertainment,pix,BR,mobile,1,0
2658,2026-01-10 05:25:00,271,747.48,USD,transport,pix,CL,mobile,1,0
2659,2026-01-10 05:30:00,673,45.83,USD,electronics,card,CL,mobile,1,0
2660,2026-01-10 05:35:00,161,9.0,USD,travel,pix,CO,mobile,1,0
2661,2026-01-10 05:40:00,435,27.22,USD,travel,pix,US,mobile,1,0
2662,2026-01-10 05:45:00,775,12.49,USD,entertainment,card,CO,mobile,1,0
2663,2026-01-10 05:50:00,150,22.29,USD,groceries,card,CO,mobile,1,0
2664,2026-01-10 05:55:00,497,22.14,USD,online_services,pix,BR,mobile,1,0
2665,2026-01-10 06:00:00,215,18.41,USD,travel,bank_transfer,PT,mobile,1,1
2666,2026-01-10 06:05:00,537,8.22,USD,travel,card,AR,mobile,0,0
2667,2026-01-10 06:10:00,241,162.8,USD,online_services,pix,BR,desktop,1,0
2668,2026-01-10 06:15:00,966,44.65,USD,electronics,pix,AR,mobile,0,0
2669,2026-01-10 06:20:00,77,26.43,USD,groceries,pix,BR,mobile,1,0
2670,2026-01-10 06:25:00,964,70.64,USD,restaurants,bank_transfer,AR,mobile,1,0
2671,2026-01-10 06:30:00,792,53.04,USD,online_services,pix,BR,mobile,0,0
2672,2026-01-10 06:35:00,856,43.63,USD,online_services,card,BR,mobile,0,0
2673,2026-01-10 06:40:00,852,65.69,USD,groceries,bank_transfer,US,mobile,1,0
2674,2026-01-10 06:45:00,188,37.86,USD,entertainment,pix,US,mobile,1,0
2675,2026-01-10 06:50:00,932,64.73,USD,entertainment,pix,AR,mobile,0,0
2676,2026-01-10 06:55:00,595,70.32,USD,restaurants,pix,PT,desktop,1,0
2677,2026-01-10 07:00:00,963,38.97,USD,utilities,card,BR,mobile,0,0
2678,2026-01-10 07:05:00,879,26.57,USD,electronics,pix,BR,mobile,0,0
2679,2026-01-10 07:10:00,580,152.99,USD,restaurants,pix,US,mobile,1,0
2680,2026-01-10 07:15:00,375,20.53,USD,travel,card,CL,desktop,1,0
2681,2026-01-10 07:20:00,118,48.98,USD,online_services,card,CO,desktop,1,1
2682,2026-01-10 07:25:00,102,50.09,USD,restaurants,bank_transfer,BR,mobile,0,0
2683,2026-01-10 07:30:00,390,18.0,USD,travel,pix,BR,mobile,0,0
2684,2026-01-10 07:35:00,811,14.76,USD,entertainment,pix,BR,mobile,0,0
2685,2026-01-10 07:40:00,506,23.25,USD,entertainment,card,PT,mobile,1,0
2686,2026-01-10 07:45:00,482,20.24,USD,entertainment,pix,BR,mobile,0,0
2687,2026-01-10 07:50:00,245,7.7,USD,entertainment,card,AR,mobile,1,0
2688,2026-01-10 07:55:00,565,17.26,USD,restaurants,pix,BR,mobile,1,1
2689,2026-01-10 08:00:00,639,43.22,USD,groceries,pix,CL,mobile,1,0
2690,2026-01-10 08:05:00,983,117.44,USD,online_services,pix,BR,tablet,0,0
2691,2026-01-10 08:10:00,730,57.65,USD,transport,digital_wallet,CO,mobile,1,0
2692,2026-01-10 08:15:00,608,2.46,USD,online_services,card,AR,mobile,0,0
2693,2026-01-10 08:20:00,911,62.88,USD,transport,card,BR,tablet,0,0
2694,2026-01-10 08:25:00,425,18.95,USD,transport,pix,BR,mobile,1,0
2695,2026-01-10 08:30:00,935,52.1,USD,groceries,pix,BR,mobile,0,0
2696,2026-01-10 08:35:00,370,32.65,USD,electronics,pix,CO,mobile,1,0
2697,2026-01-10 08:40:00,128,27.31,USD,online_services,digital_wallet,MX,mobile,1,0
2698,2026-01-10 08:45:00,418,29.9,USD,online_services,pix,BR,desktop,1,0
2699,2026-01-10 08:50:00,129,32.38,USD,transport,card,AR,mobile,1,0
2700,2026-01-10 08:55:00,119,127.03,USD,electronics,card,BR,desktop,1,0
2701,2026-01-10 09:00:00,882,32.47,USD,entertainment,bank_transfer,US,mobile,1,0
2702,2026-01-10 09:05:00,795,98.06,USD,online_services,card,PT,desktop,1,0
2703,2026-01-10 09:10:00,222,84.77,USD,travel,pix,CO,mobile,0,0
2704,2026-01-10 09:15:00,838,64.52,USD,restaurants,digital_wallet,BR,mobile,0,0
2705,2026-01-10 09:20:00,69,5.55,USD,transport,bank_transfer,BR,mobile,0,0
2706,2026-01-10 09:25:00,285,101.15,USD,entertainment,card,PT,mobile,1,0
2707,2026-01-10 09:30:00,707,20.95,USD,groceries,pix,BR,mobile,1,0
2708,2026-01-10 09:35:00,304,67.74,USD,travel,card,CL,mobile,1,0
2709,2026-01-10 09:40:00,731,12.52,USD,utilities,digital_wallet,US,mobile,1,0
2710,2026-01-10 09:45:00,875,10.12,USD,transport,pix,CO,mobile,1,0
2711,2026-01-10 09:50:00,67,238.98,USD,travel,pix,CL,mobile,1,0
2712,2026-01-10 09:55:00,24,12.72,USD,entertainment,card,AR,mobile,1,0
2713,2026-01-10 10:00:00,941,104.18,USD,travel,card,US,desktop,1,0
2714,2026-01-10 10:05:00,521,37.28,USD,groceries,card,BR,mobile,0,0
2715,2026-01-10 10:10:00,507,21.76,USD,travel,pix,US,mobile,1,0
2716,2026-01-10 10:15:00,464,31.66,USD,restaurants,pix,BR,desktop,0,0
2717,2026-01-10 10:20:00,434,9.02,USD,entertainment,bank_transfer,CO,desktop,1,0
2718,2026-01-10 10:25:00,691,32.66,USD,transport,card,US,mobile,1,0
2719,2026-01-10 10:30:00,580,11.22,USD,online_services,card,AR,mobile,1,0
2720,2026-01-10 10:35:00,164,22.3,USD,groceries,pix,BR,mobile,1,0
2721,2026-01-10 10:40:00,627,83.54,USD,online_services,pix,BR,mobile,0,0
2722,2026-01-10 10:45:00,669,42.7,USD,groceries,pix,MX,desktop,1,0
2723,2026-01-10 10:50:00,114,7.52,USD,entertainment,card,CL,mobile,1,0
2724,2026-01-10 10:55:00,377,77.59,USD,transport,card,BR,mobile,0,0
2725,2026-01-10 11:00:00,791,32.88,USD,restaurants,pix,US,mobile,1,0
2726,2026-01-10 11:05:00,619,19.26,USD,restaurants,digital_wallet,US,mobile,1,0
2727,2026-01-10 11:10:00,137,69.87,USD,groceries,bank_transfer,US,desktop,1,0
2728,2026-01-10 11:15:00,41,28.02,USD,restaurants,pix,CL,desktop,1,0
2729,2026-01-10 11:20:00,582,10.32,USD,electronics,pix,PT,tablet,1,0
2730,2026-01-10 11:25:00,462,210.15,USD,restaurants,bank_transfer,US,mobile,1,0
2731,2026-01-10 11:30:00,962,32.55,USD,online_services,bank_transfer,BR,mobile,1,0
2732,2026-01-10 11:35:00,523,30.53,USD,utilities,card,PT,desktop,1,0
2733,2026-01-10 11:40:00,932,22.08,USD,electronics,card,AR,mobile,0,0
2734,2026-01-10 11:45:00,215,107.77,USD,groceries,bank_transfer,US,tablet,1,0
2735,2026-01-10 11:50:00,448,19.59,USD,online_services,bank_transfer,CO,mobile,1,0
2736,2026-01-10 11:55:00,140,7.06,USD,entertainment,pix,CL,mobile,1,0
2737,2026-01-10 12:00:00,575,16.8,USD,restaurants,card,BR,mobile,1,0
2738,2026-01-10 12:05:00,189,124.81,USD,groceries,bank_transfer,BR,desktop,0,0
2739,2026-01-10 12:10:00,493,76.11,USD,travel,card,BR,mobile,0,0
2740,2026-01-10 12:15:00,345,25.66,USD,groceries,card,CL,desktop,1,0
2741,2026-01-10 12:20:00,186,130.75,USD,travel,pix,US,mobile,1,0
2742,2026-01-10 12:25:00,97,69.96,USD,electronics,pix,BR,mobile,0,0
2743,2026-01-10 12:30:00,513,25.37,USD,online_services,card,BR,mobile,0,0
2744,2026-01-10 12:35:00,948,28.05,USD,electronics,pix,CL,mobile,1,0
2745,2026-01-10 12:40:00,199,46.03,USD,electronics,pix,BR,mobile,0,0
2746,2026-01-10 12:45:00,405,14.41,USD,travel,card,BR,mobile,0,0
2747,2026-01-10 12:50:00,225,33.26,USD,online_services,card,BR,tablet,0,0
2748,2026-01-10 12:55:00,809,45.08,USD,entertainment,pix,CL,mobile,1,0
2749,2026-01-10 13:00:00,415,6.13,USD,entertainment,digital_wallet,AR,mobile,1,0
2750,2026-01-10 13:05:00,975,27.4,USD,transport,bank_transfer,US,desktop,1,0
2751,2026-01-10 13:10:00,246,24.46,USD,electronics,card,BR,mobile,0,0
2752,2026-01-10 13:15:00,81,92.58,USD,restaurants,pix,BR,mobile,1,0
2753,2026-01-10 13:20:00,583,5.24,USD,electronics,bank_transfer,MX,desktop,1,0
2754,2026-01-10 13:25:00,652,22.61,USD,utilities,card,PT,desktop,1,0
2755,2026-01-10 13:30:00,991,20.46,USD,groceries,pix,BR,mobile,1,0
2756,2026-01-10 13:35:00,872,86.49,USD,restaurants,card,US,tablet,1,0
2757,2026-01-10 13:40:00,885,31.7,USD,travel,pix,CO,mobile,1,0
2758,2026-01-10 13:45:00,635,199.56,USD,utilities,card,US,mobile,1,0
2759,2026-01-10 13:50:00,360,64.21,USD,online_services,card,BR,mobile,1,0
2760,2026-01-10 13:55:00,430,21.97,USD,travel,card,BR,desktop,1,0
2761,2026-01-10 14:00:00,134,42.08,USD,entertainment,card,BR,mobile,0,0
2762,2026-01-10 14:05:00,432,23.24,USD,transport,card,CO,mobile,1,0
2763,2026-01-10 14:10:00,365,78.21,USD,electronics,card,US,mobile,1,0
2764,2026-01-10 14:15:00,36,8.74,USD,transport,pix,AR,mobile,1,0
2765,2026-01-10 14:20:00,205,14.53,USD,groceries,card,BR,mobile,0,0
2766,2026-01-10 14:25:00,535,52.23,USD,transport,card,BR,mobile,1,0
2767,2026-01-10 14:30:00,370,112.82,USD,restaurants,card,AR,desktop,0,0
2768,2026-01-10 14:35:00,994,3.66,USD,travel,digital_wallet,US,mobile,1,0
2769,2026-01-10 14:40:00,479,130.9,USD,utilities,card,BR,mobile,1,0
2770,2026-01-10 14:45:00,959,28.79,USD,online_services,pix,CL,mobile,1,0
2771,2026-01-10 14:50:00,661,5.03,USD,online_services,card,AR,desktop,1,0
2772,2026-01-10 14:55:00,41,1.65,USD,transport,card,US,mobile,1,0
2773,2026-01-10 15:00:00,204,7.18,USD,online_services,bank_transfer,MX,mobile,1,0
2774,2026-01-10 15:05:00,706,32.47,USD,online_services,pix,BR,mobile,0,0
2775,2026-01-10 15:10:00,546,31.0,USD,travel,pix,CL,mobile,1,0
2776,2026-01-10 15:15:00,302,62.38,USD,restaurants,card,MX,desktop,1,0
2777,2026-01-10 15:20:00,523,19.12,USD,utilities,card,US,mobile,1,0
2778,2026-01-10 15:25:00,903,10.93,USD,groceries,card,AR,mobile,1,0
2779,2026-01-10 15:30:00,389,21.91,USD,transport,card,BR,desktop,0,0
2780,2026-01-10 15:35:00,46,34.25,USD,travel,digital_wallet,AR,mobile,1,0
2781,2026-01-10 15:40:00,311,41.71,USD,utilities,card,CL,mobile,1,0
2782,2026-01-10 15:45:00,936,15.04,USD,online_services,card,BR,mobile,0,0
2783,2026-01-10 15:50:00,762,81.57,USD,utilities,card,PT,desktop,1,0
2784,2026-01-10 15:55:00,838,17.79,USD,electronics,card,BR,desktop,0,0
2785,2026-01-10 16:00:00,912,13.88,USD,groceries,card,US,mobile,1,0
2786,2026-01-10 16:05:00,118,19.25,USD,utilities,card,BR,mobile,1,0
2787,2026-01-10 16:10:00,283,97.01,USD,utilities,digital_wallet,BR,mobile,0,0
2788,2026-01-10 16:15:00,60,29.0,USD,electronics,pix,AR,mobile,1,0
2789,2026-01-10 16:20:00,5,16.54,USD,travel,card,CL,mobile,1,0
2790,2026-01-10 16:25:00,835,83.61,USD,utilities,card,US,mobile,1,0
2791,2026-01-10 16:30:00,937,282.24,USD,restaurants,pix,AR,mobile,1,0
2792,2026-01-10 16:35:00,156,40.84,USD,utilities,card,BR,mobile,1,0
2793,2026-01-10 16:40:00,723,113.73,USD,travel,bank_transfer,US,mobile,1,0
2794,2026-01-10 16:45:00,535,93.32,USD,entertainment,pix,AR,tablet,1,0
2795,2026-01-10 16:50:00,70,18.07,USD,restaurants,pix,BR,mobile,1,0
2796,2026-01-10 16:55:00,916,34.01,USD,travel,pix,US,desktop,1,0
2797,2026-01-10 17:00:00,872,9.18,USD,transport,card,BR,mobile,1,0
2798,2026-01-10 17:05:00,568,26.98,USD,travel,card,BR,mobile,0,0
2799,2026-01-10 17:10:00,708,17.7,USD,travel,pix,AR,mobile,0,0
2800,2026-01-10 17:15:00,398,22.13,USD,online_services,card,CL,tablet,1,0
2801,2026-01-10 17:20:00,793,15.64,USD,entertainment,card,AR,desktop,1,0
2802,2026-01-10 17:25:00,446,24.85,USD,travel,digital_wallet,US,mobile,1,0
2803,2026-01-10 17:30:00,990,56.39,USD,electronics,bank_transfer,BR,mobile,0,0
2804,2026-01-10 17:35:00,64,29.39,USD,transport,card,PT,mobile,1,0
2805,2026-01-10 17:40:00,173,5.13,USD,entertainment,bank_transfer,BR,mobile,1,0
2806,2026-01-10 17:45:00,969,15.7,USD,online_services,card,BR,mobile,1,1
2807,2026-01-10 17:50:00,289,7.25,USD,travel,bank_transfer,BR,desktop,0,0
2808,2026-01-10 17:55:00,311,42.27,USD,entertainment,card,BR,mobile,0,0
2809,2026-01-10 18:00:00,792,54.78,USD,transport,pix,BR,desktop,0,0
2810,2026-01-10 18:05:00,190,42.8,USD,travel,pix,US,mobile,1,0
2811,2026-01-10 18:10:00,514,15.07,USD,travel,card,MX,mobile,1,0
2812,2026-01-10 18:15:00,287,42.39,USD,entertainment,digital_wallet,CO,mobile,1,0
2813,2026-01-10 18:20:00,198,20.69,USD,transport,card,BR,desktop,1,0
2814,2026-01-10 18:25:00,965,10.61,USD,transport,digital_wallet,US,mobile,1,0
2815,2026-01-10 18:30:00,200,69.54,USD,transport,card,BR,mobile,0,0
2816,2026-01-10 18:35:00,95,75.04,USD,electronics,card,CO,mobile,1,0
2817,2026-01-10 18:40:00,674,85.53,USD,transport,card,CO,mobile,1,0
2818,2026-01-10 18:45:00,868,18.02,USD,restaurants,card,BR,mobile,1,0
2819,2026-01-10 18:50:00,128,107.7,USD,travel,pix,AR,mobile,1,0
2820,2026-01-10 18:55:00,708,20.21,USD,utilities,pix,US,desktop,1,0
2821,2026-01-10 19:00:00,541,63.66,USD,groceries,bank_transfer,BR,mobile,1,0
2822,2026-01-10 19:05:00,831,19.87,USD,entertainment,pix,CO,desktop,1,0
2823,2026-01-10 19:10:00,127,26.47,USD,utilities,pix,PT,desktop,1,0
2824,2026-01-10 19:15:00,976,2.94,USD,utilities,card,BR,mobile,1,0
2825,2026-01-10 19:20:00,620,24.49,USD,utilities,pix,BR,mobile,0,0
2826,2026-01-10 19:25:00,843,36.27,USD,transport,digital_wallet,AR,mobile,1,0
2827,2026-01-10 19:30:00,362,21.98,USD,groceries,card,MX,mobile,1,0
2828,2026-01-10 19:35:00,944,191.75,USD,online_services,card,BR,desktop,0,0
2829,2026-01-10 19:40:00,627,10.36,USD,entertainment,card,AR,desktop,1,0
2830,2026-01-10 19:45:00,127,18.85,USD,transport,card,BR,mobile,0,0
2831,2026-01-10 19:50:00,923,13.4,USD,utilities,pix,PT,mobile,1,0
2832,2026-01-10 19:55:00,796,18.84,USD,transport,card,US,mobile,1,0
2833,2026-01-10 20:00:00,301,92.89,USD,entertainment,bank_transfer,CL,mobile,1,0
2834,2026-01-10 20:05:00,546,145.19,USD,online_services,card,PT,mobile,1,0
2835,2026-01-10 20:10:00,389,16.43,USD,utilities,card,CL,desktop,1,0
2836,2026-01-10 20:15:00,544,16.07,USD,entertainment,card,PT,mobile,1,0
2837,2026-01-10 20:20:00,966,10.41,USD,restaurants,card,BR,desktop,1,0
2838,2026-01-10 20:25:00,899,122.28,USD,online_services,bank_transfer,BR,mobile,0,0
2839,2026-01-10 20:30:00,216,101.6,USD,electronics,digital_wallet,US,mobile,1,0
2840,2026-01-10 20:35:00,972,29.79,USD,travel,card,BR,mobile,1,0
2841,2026-01-10 20:40:00,438,8.2,USD,travel,card,BR,mobile,1,0
2842,2026-01-10 20:45:00,705,8.97,USD,restaurants,pix,CO,mobile,1,0
2843,2026-01-10 20:50:00,765,39.28,USD,travel,pix,CL,mobile,1,0
2844,2026-01-10 20:55:00,483,57.36,USD,electronics,pix,BR,mobile,1,0
2845,2026-01-10 21:00:00,457,4.19,USD,transport,card,BR,mobile,1,0
2846,2026-01-10 21:05:00,457,24.02,USD,utilities,pix,BR,mobile,1,0
2847,2026-01-10 21:10:00,863,167.05,USD,entertainment,card,BR,mobile,1,0
2848,2026-01-10 21:15:00,387,26.64,USD,electronics,card,BR,mobile,1,0
2849,2026-01-10 21:20:00,280,146.88,USD,groceries,digital_wallet,AR,mobile,1,0
2850,2026-01-10 21:25:00,362,63.37,USD,entertainment,card,MX,mobile,1,0
2851,2026-01-10 21:30:00,195,11.2,USD,entertainment,card,BR,desktop,0,0
2852,2026-01-10 21:35:00,392,24.71,USD,restaurants,card,BR,mobile,1,0
2853,2026-01-10 21:40:00,115,29.12,USD,utilities,card,CL,desktop,1,0
2854,2026-01-10 21:45:00,90,12.77,USD,electronics,digital_wallet,BR,mobile,1,0
2855,2026-01-10 21:50:00,724,12.56,USD,entertainment,card,BR,mobile,0,0
2856,2026-01-10 21:55:00,78,149.42,USD,utilities,pix,BR,mobile,0,0
2857,2026-01-10 22:00:00,569,12.46,USD,entertainment,bank_transfer,CL,mobile,0,0
2858,2026-01-10 22:05:00,780,97.36,USD,online_services,card,BR,mobile,0,0
2859,2026-01-10 22:10:00,725,21.4,USD,groceries,card,BR,mobile,1,0
2860,2026-01-10 22:15:00,447,32.28,USD,transport,card,AR,mobile,1,0
2861,2026-01-10 22:20:00,194,58.08,USD,groceries,card,MX,mobile,1,0
2862,2026-01-10 22:25:00,931,18.2,USD,restaurants,card,CO,mobile,1,0
2863,2026-01-10 22:30:00,836,58.43,USD,transport,pix,US,mobile,1,0
2864,2026-01-10 22:35:00,613,4.28,USD,groceries,card,CL,mobile,0,0
2865,2026-01-10 22:40:00,87,51.4,USD,electronics,pix,BR,mobile,1,0
2866,2026-01-10 22:45:00,36,2.81,USD,restaurants,digital_wallet,BR,mobile,0,0
2867,2026-01-10 22:50:00,316,26.39,USD,groceries,card,BR,mobile,0,0
2868,2026-01-10 22:55:00,158,77.81,USD,utilities,card,BR,mobile,1,0
2869,2026-01-10 23:00:00,861,61.7,USD,entertainment,card,BR,mobile,0,0
2870,2026-01-10 23:05:00,206,9.04,USD,electronics,card,BR,desktop,0,0
2871,2026-01-10 23:10:00,283,10.28,USD,travel,card,CO,mobile,1,0
2872,2026-01-10 23:15:00,976,16.63,USD,transport,pix,CL,mobile,1,0
2873,2026-01-10 23:20:00,819,39.89,USD,electronics,card,BR,mobile,1,0
2874,2026-01-10 23:25:00,219,4.34,USD,utilities,card,AR,mobile,0,0
2875,2026-01-10 23:30:00,384,32.68,USD,travel,card,BR,mobile,0,0
2876,2026-01-10 23:35:00,516,45.22,USD,utilities,pix,AR,mobile,1,0
2877,2026-01-10 23:40:00,665,24.95,USD,electronics,card,AR,mobile,0,0
2878,2026-01-10 23:45:00,937,56.0,USD,transport,pix,BR,desktop,0,0
2879,2026-01-10 23:50:00,872,41.42,USD,online_services,pix,BR,mobile,1,0
2880,2026-01-10 23:55:00,978,19.27,USD,online_services,card,PT,desktop,1,0
2881,2026-01-11 00:00:00,41,4.78,USD,restaurants,pix,AR,desktop,1,0
2882,2026-01-11 00:05:00,237,37.84,USD,electronics,card,AR,mobile,1,0
2883,2026-01-11 00:10:00,564,12.77,USD,utilities,pix,BR,mobile,1,0
2884,2026-01-11 00:15:00,50,18.57,USD,transport,card,BR,mobile,0,0
2885,2026-01-11 00:20:00,356,53.47,USD,entertainment,pix,BR,desktop,0,0
2886,2026-01-11 00:25:00,154,136.64,USD,online_services,pix,PT,tablet,1,0
2887,2026-01-11 00:30:00,933,31.88,USD,restaurants,pix,BR,mobile,0,0
2888,2026-01-11 00:35:00,64,57.63,USD,restaurants,pix,BR,mobile,0,0
2889,2026-01-11 00:40:00,149,7.81,USD,online_services,card,PT,mobile,1,0
2890,2026-01-11 00:45:00,196,42.33,USD,online_services,pix,AR,desktop,0,0
2891,2026-01-11 00:50:00,149,31.19,USD,utilities,card,BR,mobile,1,0
2892,2026-01-11 00:55:00,569,113.21,USD,travel,card,CL,mobile,0,0
2893,2026-01-11 01:00:00,365,19.29,USD,groceries,card,AR,desktop,0,0
2894,2026-01-11 01:05:00,913,26.01,USD,online_services,pix,PT,mobile,1,0
2895,2026-01-11 01:10:00,261,95.47,USD,restaurants,pix,BR,mobile,0,0
2896,2026-01-11 01:15:00,538,30.2,USD,restaurants,bank_transfer,MX,mobile,0,0
2897,2026-01-11 01:20:00,661,10.93,USD,entertainment,pix,BR,mobile,1,0
2898,2026-01-11 01:25:00,626,424.81,USD,electronics,pix,MX,mobile,1,0
2899,2026-01-11 01:30:00,797,11.26,USD,utilities,bank_transfer,MX,mobile,1,0
2900,2026-01-11 01:35:00,202,31.04,USD,utilities,card,MX,mobile,1,0
2901,2026-01-11 01:40:00,508,46.84,USD,utilities,pix,US,mobile,1,0
2902,2026-01-11 01:45:00,801,43.28,USD,utilities,card,CO,desktop,1,0
2903,2026-01-11 01:50:00,864,27.39,USD,travel,card,BR,desktop,1,0
2904,2026-01-11 01:55:00,618,27.53,USD,utilities,digital_wallet,BR,mobile,1,0
2905,2026-01-11 02:00:00,652,26.18,USD,online_services,card,BR,mobile,1,0
2906,2026-01-11 02:05:00,865,10.85,USD,transport,digital_wallet,AR,desktop,1,0
2907,2026-01-11 02:10:00,625,284.35,USD,electronics,bank_transfer,BR,mobile,1,0
2908,2026-01-11 02:15:00,949,26.58,USD,travel,bank_transfer,CO,desktop,1,0
2909,2026-01-11 02:20:00,128,60.16,USD,utilities,pix,CO,desktop,1,0
2910,2026-01-11 02:25:00,348,23.7,USD,electronics,pix,PT,tablet,1,0
2911,2026-01-11 02:30:00,113,23.23,USD,transport,card,BR,mobile,0,0
2912,2026-01-11 02:35:00,91,21.0,USD,transport,card,MX,mobile,1,0
2913,2026-01-11 02:40:00,472,7.03,USD,utilities,bank_transfer,CO,mobile,1,0
2914,2026-01-11 02:45:00,226,28.2,USD,travel,card,PT,mobile,1,0
2915,2026-01-11 02:50:00,408,22.04,USD,transport,pix,CO,mobile,1,0
2916,2026-01-11 02:55:00,438,106.86,USD,entertainment,digital_wallet,BR,mobile,1,0
2917,2026-01-11 03:00:00,621,10.01,USD,entertainment,card,BR,mobile,1,0
2918,2026-01-11 03:05:00,946,18.59,USD,travel,bank_transfer,PT,mobile,1,0
2919,2026-01-11 03:10:00,850,13.48,USD,travel,card,CO,mobile,1,0
2920,2026-01-11 03:15:00,379,140.12,USD,restaurants,card,MX,mobile,1,1
2921,2026-01-11 03:20:00,326,13.88,USD,restaurants,pix,MX,mobile,1,0
2922,2026-01-11 03:25:00,771,58.11,USD,utilities,pix,CO,mobile,1,0
2923,2026-01-11 03:30:00,124,87.37,USD,entertainment,bank_transfer,CO,desktop,1,0
2924,2026-01-11 03:35:00,541,28.61,USD,online_services,card,US,desktop,1,0
2925,2026-01-11 03:40:00,424,8.36,USD,online_services,card,US,desktop,1,0
2926,2026-01-11 03:45:00,183,8.46,USD,transport,bank_transfer,BR,mobile,0,0
2927,2026-01-11 03:50:00,617,78.24,USD,electronics,pix,BR,desktop,1,0
2928,2026-01-11 03:55:00,321,9.39,USD,utilities,pix,BR,mobile,0,0
2929,2026-01-11 04:00:00,186,49.01,USD,groceries,card,BR,desktop,1,0
2930,2026-01-11 04:05:00,654,37.13,USD,utilities,digital_wallet,MX,mobile,1,0
2931,2026-01-11 04:10:00,175,48.29,USD,restaurants,digital_wallet,MX,mobile,1,0
2932,2026-01-11 04:15:00,673,53.07,USD,transport,pix,BR,mobile,0,0
2933,2026-01-11 04:20:00,163,13.02,USD,electronics,card,BR,mobile,1,1
2934,2026-01-11 04:25:00,435,12.48,USD,entertainment,digital_wallet,AR,mobile,1,0
2935,2026-01-11 04:30:00,808,67.69,USD,transport,bank_transfer,MX,mobile,1,0
2936,2026-01-11 04:35:00,229,17.65,USD,online_services,pix,CL,mobile,1,0
2937,2026-01-11 04:40:00,768,2.12,USD,utilities,pix,BR,desktop,0,0
2938,2026-01-11 04:45:00,722,63.36,USD,entertainment,card,BR,mobile,0,0
2939,2026-01-11 04:50:00,903,11.75,USD,utilities,card,AR,mobile,1,0
2940,2026-01-11 04:55:00,169,52.83,USD,groceries,pix,AR,desktop,0,0
2941,2026-01-11 05:00:00,716,133.33,USD,utilities,pix,MX,mobile,1,0
2942,2026-01-11 05:05:00,937,33.68,USD,travel,pix,US,tablet,1,0
2943,2026-01-11 05:10:00,764,89.64,USD,restaurants,bank_transfer,BR,mobile,1,0
2944,2026-01-11 05:15:00,188,38.62,USD,utilities,pix,BR,mobile,0,0
2945,2026-01-11 05:20:00,823,161.97,USD,groceries,bank_transfer,BR,mobile,1,0
2946,2026-01-11 05:25:00,108,11.45,USD,travel,card,BR,desktop,0,0
2947,2026-01-11 05:30:00,589,32.84,USD,travel,digital_wallet,BR,mobile,1,0
2948,2026-01-11 05:35:00,498,64.92,USD,groceries,card,BR,mobile,1,0
2949,2026-01-11 05:40:00,532,27.37,USD,transport,card,BR,mobile,1,0
2950,2026-01-11 05:45:00,520,104.82,USD,groceries,pix,MX,desktop,0,0
2951,2026-01-11 05:50:00,32,21.5,USD,online_services,card,BR,desktop,1,0
2952,2026-01-11 05:55:00,509,262.27,USD,utilities,card,MX,mobile,0,0
2953,2026-01-11 06:00:00,937,276.5,USD,online_services,pix,BR,mobile,0,0
2954,2026-01-11 06:05:00,437,43.91,USD,electronics,card,BR,mobile,0,0
2955,2026-01-11 06:10:00,277,57.55,USD,transport,bank_transfer,BR,desktop,0,0
2956,2026-01-11 06:15:00,995,109.04,USD,online_services,card,BR,mobile,1,0
2957,2026-01-11 06:20:00,99,10.1,USD,transport,card,BR,mobile,1,0
2958,2026-01-11 06:25:00,487,8.92,USD,electronics,card,MX,mobile,0,0
2959,2026-01-11 06:30:00,513,116.33,USD,restaurants,pix,US,mobile,1,0
2960,2026-01-11 06:35:00,478,43.55,USD,utilities,card,BR,mobile,0,0
2961,2026-01-11 06:40:00,922,26.4,USD,groceries,card,BR,desktop,0,0
2962,2026-01-11 06:45:00,422,33.49,USD,groceries,card,BR,mobile,0,0
2963,2026-01-11 06:50:00,974,3.05,USD,utilities,card,CO,mobile,1,0
2964,2026-01-11 06:55:00,67,27.37,USD,utilities,pix,BR,mobile,0,0
2965,2026-01-11 07:00:00,734,15.6,USD,utilities,pix,BR,mobile,1,0
2966,2026-01-11 07:05:00,593,82.94,USD,utilities,card,US,mobile,1,0
2967,2026-01-11 07:10:00,241,89.57,USD,restaurants,card,US,desktop,1,0
2968,2026-01-11 07:15:00,228,58.95,USD,transport,bank_transfer,CL,mobile,1,0
2969,2026-01-11 07:20:00,720,49.18,USD,utilities,card,BR,desktop,0,0
2970,2026-01-11 07:25:00,638,7.41,USD,transport,digital_wallet,BR,desktop,0,0
2971,2026-01-11 07:30:00,612,59.78,USD,utilities,card,BR,mobile,0,0
2972,2026-01-11 07:35:00,51,62.14,USD,online_services,digital_wallet,CL,mobile,1,0
2973,2026-01-11 07:40:00,598,115.03,USD,online_services,card,CO,desktop,1,0
2974,2026-01-11 07:45:00,982,275.4,USD,utilities,pix,BR,mobile,0,0
2975,2026-01-11 07:50:00,18,6.09,USD,utilities,card,US,mobile,1,0
2976,2026-01-11 07:55:00,470,22.46,USD,travel,digital_wallet,AR,mobile,1,0
2977,2026-01-11 08:00:00,495,15.76,USD,groceries,card,MX,mobile,1,0
2978,2026-01-11 08:05:00,897,39.35,USD,electronics,pix,BR,mobile,0,0
2979,2026-01-11 08:10:00,283,33.56,USD,online_services,card,BR,mobile,0,0
2980,2026-01-11 08:15:00,476,26.2,USD,online_services,pix,BR,mobile,1,0
2981,2026-01-11 08:20:00,718,92.54,USD,restaurants,pix,CO,mobile,0,0
2982,2026-01-11 08:25:00,61,11.01,USD,entertainment,pix,BR,desktop,1,0
2983,2026-01-11 08:30:00,802,11.69,USD,transport,pix,BR,mobile,0,0
2984,2026-01-11 08:35:00,823,11.89,USD,electronics,bank_transfer,MX,mobile,1,0
2985,2026-01-11 08:40:00,720,23.1,USD,entertainment,pix,CO,desktop,1,1
2986,2026-01-11 08:45:00,649,9.69,USD,electronics,card,CL,desktop,1,0
2987,2026-01-11 08:50:00,748,31.55,USD,travel,card,CL,mobile,1,0
2988,2026-01-11 08:55:00,782,28.06,USD,groceries,pix,CL,mobile,1,0
2989,2026-01-11 09:00:00,904,15.08,USD,transport,card,CL,mobile,1,0
2990,2026-01-11 09:05:00,429,79.34,USD,utilities,pix,BR,mobile,1,0
2991,2026-01-11 09:10:00,457,31.2,USD,travel,card,BR,desktop,1,0
2992,2026-01-11 09:15:00,638,95.84,USD,utilities,digital_wallet,BR,mobile,0,0
2993,2026-01-11 09:20:00,194,27.25,USD,online_services,pix,BR,mobile,1,0
2994,2026-01-11 09:25:00,857,32.32,USD,transport,pix,AR,desktop,1,0
2995,2026-01-11 09:30:00,771,18.86,USD,transport,bank_transfer,AR,mobile,1,0
2996,2026-01-11 09:35:00,632,32.88,USD,transport,bank_transfer,BR,mobile,1,1
2997,2026-01-11 09:40:00,302,67.51,USD,travel,card,MX,mobile,1,0
2998,2026-01-11 09:45:00,348,21.95,USD,transport,card,CO,mobile,1,0
2999,2026-01-11 09:50:00,435,55.61,USD,electronics,pix,AR,mobile,1,0
3000,2026-01-11 09:55:00,663,14.69,USD,restaurants,card,US,mobile,1,0
3001,2026-01-11 10:00:00,779,70.74,USD,electronics,card,BR,mobile,0,0
3002,2026-01-11 10:05:00,672,18.54,USD,online_services,card,BR,mobile,1,0
3003,2026-01-11 10:10:00,930,77.61,USD,electronics,card,BR,mobile,1,0
3004,2026-01-11 10:15:00,961,35.2,USD,utilities,card,AR,mobile,1,0
3005,2026-01-11 10:20:00,705,151.56,USD,electronics,card,BR,mobile,0,0
3006,2026-01-11 10:25:00,371,10.44,USD,electronics,card,US,mobile,1,0
3007,2026-01-11 10:30:00,600,7.57,USD,entertainment,pix,BR,mobile,1,0
3008,2026-01-11 10:35:00,426,17.88,USD,groceries,card,AR,desktop,1,0
3009,2026-01-11 10:40:00,630,8.29,USD,transport,card,AR,mobile,0,0
3010,2026-01-11 10:45:00,813,8.31,USD,restaurants,bank_transfer,BR,mobile,0,0
3011,2026-01-11 10:50:00,370,61.65,USD,restaurants,pix,CO,mobile,1,0
3012,2026-01-11 10:55:00,506,32.98,USD,entertainment,bank_transfer,CL,mobile,1,0
3013,2026-01-11 11:00:00,46,20.5,USD,restaurants,digital_wallet,CO,mobile,1,0
3014,2026-01-11 11:05:00,737,22.49,USD,restaurants,pix,CL,mobile,1,0
3015,2026-01-11 11:10:00,490,18.22,USD,travel,bank_transfer,AR,mobile,1,0
3016,2026-01-11 11:15:00,460,172.5,USD,transport,card,BR,desktop,0,0
3017,2026-01-11 11:20:00,533,15.87,USD,groceries,pix,CO,desktop,1,0
3018,2026-01-11 11:25:00,216,8.83,USD,online_services,pix,BR,mobile,0,0
3019,2026-01-11 11:30:00,598,73.41,USD,online_services,pix,BR,mobile,0,0
3020,2026-01-11 11:35:00,746,26.69,USD,travel,card,BR,mobile,1,0
3021,2026-01-11 11:40:00,350,254.37,USD,travel,digital_wallet,CL,mobile,1,0
3022,2026-01-11 11:45:00,132,19.57,USD,utilities,card,BR,mobile,1,0
3023,2026-01-11 11:50:00,387,77.17,USD,online_services,bank_transfer,PT,desktop,1,0
3024,2026-01-11 11:55:00,199,97.73,USD,groceries,digital_wallet,BR,mobile,0,0
3025,2026-01-11 12:00:00,374,19.66,USD,groceries,bank_transfer,BR,desktop,0,0
3026,2026-01-11 12:05:00,627,15.75,USD,transport,card,BR,mobile,0,0
3027,2026-01-11 12:10:00,114,69.5,USD,transport,card,BR,desktop,0,0
3028,2026-01-11 12:15:00,748,58.84,USD,online_services,pix,BR,mobile,1,0
3029,2026-01-11 12:20:00,225,8.08,USD,travel,pix,CO,mobile,1,0
3030,2026-01-11 12:25:00,895,10.71,USD,utilities,card,BR,mobile,0,0
3031,2026-01-11 12:30:00,733,2.62,USD,entertainment,pix,BR,mobile,1,0
3032,2026-01-11 12:35:00,273,60.06,USD,entertainment,digital_wallet,BR,mobile,1,0
3033,2026-01-11 12:40:00,564,25.49,USD,online_services,card,BR,mobile,1,0
3034,2026-01-11 12:45:00,111,28.16,USD,travel,card,US,desktop,1,0
3035,2026-01-11 12:50:00,100,6.1,USD,utilities,pix,BR,desktop,0,0
3036,2026-01-11 12:55:00,957,11.04,USD,transport,pix,CO,mobile,1,0
3037,2026-01-11 13:00:00,803,20.53,USD,transport,digital_wallet,AR,mobile,1,0
3038,2026-01-11 13:05:00,155,16.91,USD,travel,pix,BR,desktop,1,0
3039,2026-01-11 13:10:00,283,37.26,USD,online_services,card,MX,tablet,1,0
3040,2026-01-11 13:15:00,198,59.35,USD,groceries,pix,BR,mobile,1,0
3041,2026-01-11 13:20:00,396,320.41,USD,travel,bank_transfer,US,mobile,1,0
3042,2026-01-11 13:25:00,292,32.46,USD,restaurants,card,AR,mobile,1,0
3043,2026-01-11 13:30:00,329,101.03,USD,online_services,card,BR,mobile,1,0
3044,2026-01-11 13:35:00,530,14.44,USD,travel,pix,US,desktop,1,0
3045,2026-01-11 13:40:00,190,6.2,USD,groceries,card,BR,mobile,0,0
3046,2026-01-11 13:45:00,883,23.28,USD,groceries,digital_wallet,PT,mobile,1,0
3047,2026-01-11 13:50:00,728,6.7,USD,entertainment,card,US,mobile,1,0
3048,2026-01-11 13:55:00,761,33.6,USD,restaurants,card,BR,mobile,1,0
3049,2026-01-11 14:00:00,170,15.17,USD,groceries,digital_wallet,BR,mobile,0,0
3050,2026-01-11 14:05:00,709,4.69,USD,restaurants,card,MX,mobile,1,0
3051,2026-01-11 14:10:00,837,187.92,USD,restaurants,card,BR,mobile,0,0
3052,2026-01-11 14:15:00,176,19.35,USD,transport,card,CO,mobile,1,0
3053,2026-01-11 14:20:00,752,6.44,USD,entertainment,digital_wallet,BR,mobile,0,0
3054,2026-01-11 14:25:00,358,81.3,USD,utilities,digital_wallet,BR,desktop,1,0
3055,2026-01-11 14:30:00,788,15.98,USD,travel,card,AR,desktop,1,0
3056,2026-01-11 14:35:00,479,98.51,USD,online_services,pix,CO,mobile,1,0
3057,2026-01-11 14:40:00,803,15.9,USD,utilities,pix,CO,tablet,1,0
3058,2026-01-11 14:45:00,148,19.28,USD,restaurants,card,CL,mobile,1,0
3059,2026-01-11 14:50:00,390,46.75,USD,entertainment,card,BR,mobile,0,0
3060,2026-01-11 14:55:00,274,59.93,USD,restaurants,bank_transfer,BR,mobile,1,0
3061,2026-01-11 15:00:00,249,71.41,USD,online_services,card,BR,desktop,1,0
3062,2026-01-11 15:05:00,309,30.27,USD,utilities,pix,BR,mobile,1,0
3063,2026-01-11 15:10:00,383,56.18,USD,groceries,card,BR,tablet,1,0
3064,2026-01-11 15:15:00,128,69.8,USD,restaurants,pix,AR,mobile,1,0
3065,2026-01-11 15:20:00,708,40.47,USD,electronics,card,BR,desktop,1,0
3066,2026-01-11 15:25:00,551,28.71,USD,entertainment,card,BR,desktop,0,0
3067,2026-01-11 15:30:00,830,7.8,USD,travel,card,CL,desktop,1,0
3068,2026-01-11 15:35:00,706,60.29,USD,groceries,digital_wallet,BR,tablet,0,0
3069,2026-01-11 15:40:00,150,34.54,USD,entertainment,card,PT,mobile,1,0
3070,2026-01-11 15:45:00,70,21.9,USD,entertainment,card,BR,mobile,1,0
3071,2026-01-11 15:50:00,423,118.84,USD,online_services,card,BR,mobile,1,0
3072,2026-01-11 15:55:00,482,7.94,USD,transport,card,US,desktop,1,0
3073,2026-01-11 16:00:00,241,171.41,USD,groceries,bank_transfer,AR,mobile,0,0
3074,2026-01-11 16:05:00,783,32.39,USD,entertainment,card,MX,mobile,1,0
3075,2026-01-11 16:10:00,582,45.49,USD,entertainment,pix,BR,mobile,1,0
3076,2026-01-11 16:15:00,748,22.31,USD,travel,pix,BR,mobile,1,0
3077,2026-01-11 16:20:00,110,6.25,USD,entertainment,bank_transfer,CL,mobile,1,0
3078,2026-01-11 16:25:00,816,28.8,USD,restaurants,bank_transfer,BR,mobile,0,0
3079,2026-01-11 16:30:00,207,46.28,USD,restaurants,card,AR,tablet,0,0
3080,2026-01-11 16:35:00,449,65.12,USD,electronics,bank_transfer,BR,mobile,1,0
3081,2026-01-11 16:40:00,440,27.17,USD,online_services,bank_transfer,BR,tablet,0,0
3082,2026-01-11 16:45:00,821,3.7,USD,travel,digital_wallet,BR,mobile,1,0
3083,2026-01-11 16:50:00,277,7.09,USD,entertainment,digital_wallet,MX,mobile,1,0
3084,2026-01-11 16:55:00,241,257.76,USD,online_services,pix,BR,desktop,1,0
3085,2026-01-11 17:00:00,340,11.11,USD,transport,card,PT,mobile,1,0
3086,2026-01-11 17:05:00,361,137.97,USD,electronics,card,BR,mobile,0,0
3087,2026-01-11 17:10:00,182,13.01,USD,entertainment,bank_transfer,AR,desktop,1,0
3088,2026-01-11 17:15:00,177,27.59,USD,restaurants,digital_wallet,BR,mobile,0,0
3089,2026-01-11 17:20:00,232,61.88,USD,electronics,card,CL,mobile,1,0
3090,2026-01-11 17:25:00,468,14.58,USD,travel,pix,MX,mobile,1,0
3091,2026-01-11 17:30:00,344,162.75,USD,transport,card,AR,mobile,1,0
3092,2026-01-11 17:35:00,393,35.72,USD,restaurants,card,BR,mobile,1,0
3093,2026-01-11 17:40:00,720,52.5,USD,electronics,card,CO,mobile,1,0
3094,2026-01-11 17:45:00,241,25.34,USD,online_services,card,BR,mobile,1,0
3095,2026-01-11 17:50:00,910,63.99,USD,electronics,pix,AR,mobile,1,0
3096,2026-01-11 17:55:00,752,160.58,USD,utilities,card,CO,mobile,1,0
3097,2026-01-11 18:00:00,175,29.04,USD,entertainment,pix,BR,mobile,0,0
3098,2026-01-11 18:05:00,314,186.74,USD,restaurants,pix,CL,mobile,1,0
3099,2026-01-11 18:10:00,184,17.96,USD,online_services,bank_transfer,CO,desktop,1,0
3100,2026-01-11 18:15:00,273,71.1,USD,travel,card,BR,tablet,1,0
3101,2026-01-11 18:20:00,366,54.01,USD,travel,card,BR,desktop,1,0
3102,2026-01-11 18:25:00,131,11.37,USD,entertainment,pix,BR,mobile,0,0
3103,2026-01-11 18:30:00,15,41.01,USD,groceries,pix,CO,mobile,1,0
3104,2026-01-11 18:35:00,439,33.36,USD,transport,card,AR,desktop,1,0
3105,2026-01-11 18:40:00,701,14.11,USD,utilities,pix,BR,mobile,0,0
3106,2026-01-11 18:45:00,303,47.37,USD,entertainment,digital_wallet,BR,mobile,0,0
3107,2026-01-11 18:50:00,861,38.33,USD,electronics,card,BR,mobile,0,0
3108,2026-01-11 18:55:00,370,30.8,USD,electronics,card,BR,mobile,1,0
3109,2026-01-11 19:00:00,901,30.92,USD,travel,digital_wallet,BR,tablet,1,0
3110,2026-01-11 19:05:00,236,30.26,USD,electronics,bank_transfer,BR,mobile,0,0
3111,2026-01-11 19:10:00,540,22.93,USD,electronics,card,BR,mobile,1,0
3112,2026-01-11 19:15:00,764,38.09,USD,travel,bank_transfer,CL,mobile,1,0
3113,2026-01-11 19:20:00,60,17.39,USD,transport,card,CL,desktop,0,0
3114,2026-01-11 19:25:00,931,471.92,USD,travel,bank_transfer,BR,mobile,1,0
3115,2026-01-11 19:30:00,365,8.09,USD,entertainment,pix,AR,mobile,0,0
3116,2026-01-11 19:35:00,498,18.45,USD,entertainment,pix,BR,desktop,1,0
3117,2026-01-11 19:40:00,629,19.97,USD,travel,digital_wallet,BR,desktop,0,0
3118,2026-01-11 19:45:00,643,254.8,USD,electronics,bank_transfer,PT,mobile,1,0
3119,2026-01-11 19:50:00,24,8.85,USD,entertainment,card,AR,mobile,1,0
3120,2026-01-11 19:55:00,868,50.7,USD,entertainment,pix,BR,desktop,1,0
3121,2026-01-11 20:00:00,624,42.45,USD,transport,bank_transfer,BR,desktop,0,0
3122,2026-01-11 20:05:00,999,46.23,USD,electronics,pix,CL,mobile,1,0
3123,2026-01-11 20:10:00,472,114.02,USD,entertainment,card,BR,mobile,0,0
3124,2026-01-11 20:15:00,614,111.7,USD,entertainment,card,PT,mobile,1,0
3125,2026-01-11 20:20:00,442,21.1,USD,electronics,digital_wallet,BR,mobile,0,1
3126,2026-01-11 20:25:00,890,40.21,USD,transport,card,BR,mobile,1,0
3127,2026-01-11 20:30:00,833,5.13,USD,online_services,pix,AR,mobile,0,0
3128,2026-01-11 20:35:00,909,36.57,USD,travel,pix,CL,desktop,1,0
3129,2026-01-11 20:40:00,505,14.97,USD,travel,card,AR,mobile,1,0
3130,2026-01-11 20:45:00,792,27.48,USD,electronics,card,US,tablet,1,0
3131,2026-01-11 20:50:00,359,6.14,USD,utilities,card,US,mobile,1,0
3132,2026-01-11 20:55:00,461,49.64,USD,transport,card,BR,mobile,1,0
3133,2026-01-11 21:00:00,761,6.07,USD,online_services,bank_transfer,BR,desktop,1,0
3134,2026-01-11 21:05:00,82,38.41,USD,groceries,card,BR,mobile,1,0
3135,2026-01-11 21:10:00,711,9.71,USD,groceries,card,CL,mobile,1,0
3136,2026-01-11 21:15:00,16,14.16,USD,travel,pix,CL,mobile,1,0
3137,2026-01-11 21:20:00,581,105.08,USD,utilities,bank_transfer,BR,mobile,1,0
3138,2026-01-11 21:25:00,478,59.62,USD,groceries,card,PT,mobile,1,0
3139,2026-01-11 21:30:00,469,104.5,USD,entertainment,card,BR,tablet,1,0
3140,2026-01-11 21:35:00,495,157.55,USD,electronics,pix,MX,tablet,1,0
3141,2026-01-11 21:40:00,492,15.29,USD,groceries,pix,MX,mobile,1,0
3142,2026-01-11 21:45:00,408,148.26,USD,transport,pix,BR,mobile,0,0
3143,2026-01-11 21:50:00,452,7.65,USD,entertainment,card,BR,mobile,1,0
3144,2026-01-11 21:55:00,569,69.83,USD,entertainment,bank_transfer,BR,tablet,1,0
3145,2026-01-11 22:00:00,764,20.22,USD,utilities,pix,US,mobile,1,0
3146,2026-01-11 22:05:00,553,13.06,USD,online_services,bank_transfer,BR,mobile,1,0
3147,2026-01-11 22:10:00,643,61.22,USD,groceries,digital_wallet,MX,mobile,1,0
3148,2026-01-11 22:15:00,837,85.2,USD,utilities,pix,AR,tablet,1,0
3149,2026-01-11 22:20:00,990,82.7,USD,groceries,card,AR,mobile,1,0
3150,2026-01-11 22:25:00,109,41.05,USD,online_services,pix,US,mobile,1,0
3151,2026-01-11 22:30:00,713,37.79,USD,utilities,pix,BR,mobile,1,0
3152,2026-01-11 22:35:00,226,56.08,USD,online_services,card,CO,mobile,1,0
3153,2026-01-11 22:40:00,197,44.87,USD,groceries,card,BR,mobile,1,0
3154,2026-01-11 22:45:00,794,56.9,USD,groceries,card,BR,mobile,1,0
3155,2026-01-11 22:50:00,69,40.61,USD,online_services,digital_wallet,BR,mobile,0,0
3156,2026-01-11 22:55:00,848,76.92,USD,transport,bank_transfer,BR,mobile,1,0
3157,2026-01-11 23:00:00,771,6.51,USD,electronics,pix,CO,mobile,1,0
3158,2026-01-11 23:05:00,995,29.04,USD,transport,bank_transfer,BR,desktop,1,0
3159,2026-01-11 23:10:00,668,8.3,USD,restaurants,pix,AR,mobile,0,0
3160,2026-01-11 23:15:00,873,43.67,USD,groceries,bank_transfer,BR,mobile,0,0
3161,2026-01-11 23:20:00,119,171.05,USD,restaurants,card,CL,mobile,0,0
3162,2026-01-11 23:25:00,890,20.61,USD,utilities,card,MX,mobile,1,0
3163,2026-01-11 23:30:00,161,37.61,USD,groceries,pix,CL,mobile,1,0
3164,2026-01-11 23:35:00,315,70.56,USD,online_services,bank_transfer,PT,desktop,1,0
3165,2026-01-11 23:40:00,129,4.19,USD,restaurants,bank_transfer,BR,mobile,1,0
3166,2026-01-11 23:45:00,402,19.65,USD,travel,digital_wallet,BR,mobile,1,0
3167,2026-01-11 23:50:00,749,47.68,USD,transport,bank_transfer,AR,mobile,1,0
3168,2026-01-11 23:55:00,269,1.83,USD,online_services,card,BR,desktop,1,0
3169,2026-01-12 00:00:00,823,12.47,USD,groceries,card,CL,mobile,1,1
3170,2026-01-12 00:05:00,607,99.57,USD,entertainment,card,MX,mobile,1,0
3171,2026-01-12 00:10:00,629,90.29,USD,online_services,pix,BR,mobile,0,0
3172,2026-01-12 00:15:00,939,48.15,USD,electronics,pix,US,mobile,1,0
3173,2026-01-12 00:20:00,432,80.01,USD,electronics,card,BR,mobile,0,0
3174,2026-01-12 00:25:00,345,41.06,USD,restaurants,pix,CL,mobile,1,0
3175,2026-01-12 00:30:00,995,57.71,USD,online_services,bank_transfer,BR,tablet,1,0
3176,2026-01-12 00:35:00,558,24.15,USD,online_services,card,CL,mobile,1,1
3177,2026-01-12 00:40:00,615,37.18,USD,electronics,pix,BR,mobile,0,0
3178,2026-01-12 00:45:00,297,17.6,USD,entertainment,card,US,mobile,1,0
3179,2026-01-12 00:50:00,216,117.15,USD,utilities,pix,US,mobile,1,0
3180,2026-01-12 00:55:00,170,151.65,USD,transport,pix,AR,mobile,1,0
3181,2026-01-12 01:00:00,224,131.62,USD,groceries,card,AR,mobile,1,0
3182,2026-01-12 01:05:00,196,22.02,USD,restaurants,pix,CL,mobile,1,0
3183,2026-01-12 01:10:00,747,12.76,USD,online_services,pix,AR,tablet,1,1
3184,2026-01-12 01:15:00,58,118.74,USD,utilities,card,AR,mobile,1,0
3185,2026-01-12 01:20:00,630,57.05,USD,groceries,bank_transfer,AR,mobile,0,0
3186,2026-01-12 01:25:00,950,46.0,USD,utilities,bank_transfer,US,mobile,1,0
3187,2026-01-12 01:30:00,766,17.57,USD,online_services,pix,CL,tablet,1,0
3188,2026-01-12 01:35:00,403,50.69,USD,travel,card,BR,mobile,1,0
3189,2026-01-12 01:40:00,60,11.19,USD,electronics,card,US,mobile,1,0
3190,2026-01-12 01:45:00,835,62.43,USD,online_services,card,BR,desktop,0,0
3191,2026-01-12 01:50:00,4,131.48,USD,utilities,card,BR,mobile,1,0
3192,2026-01-12 01:55:00,682,169.19,USD,electronics,pix,PT,mobile,1,0
3193,2026-01-12 02:00:00,671,67.26,USD,electronics,digital_wallet,BR,mobile,0,0
3194,2026-01-12 02:05:00,192,8.31,USD,online_services,card,BR,mobile,0,0
3195,2026-01-12 02:10:00,740,40.34,USD,online_services,pix,AR,mobile,1,0
3196,2026-01-12 02:15:00,176,281.37,USD,entertainment,pix,MX,mobile,1,0
3197,2026-01-12 02:20:00,226,13.89,USD,entertainment,pix,BR,desktop,1,0
3198,2026-01-12 02:25:00,812,31.21,USD,entertainment,bank_transfer,AR,mobile,1,0
3199,2026-01-12 02:30:00,980,136.12,USD,transport,card,BR,mobile,0,0
3200,2026-01-12 02:35:00,265,61.38,USD,online_services,pix,BR,mobile,0,0
3201,2026-01-12 02:40:00,922,395.5,USD,transport,card,BR,mobile,0,0
3202,2026-01-12 02:45:00,914,15.91,USD,utilities,card,BR,desktop,0,0
3203,2026-01-12 02:50:00,770,12.31,USD,utilities,pix,US,mobile,1,0
3204,2026-01-12 02:55:00,141,112.63,USD,transport,card,CL,mobile,1,0
3205,2026-01-12 03:00:00,300,10.02,USD,utilities,card,MX,desktop,1,0
3206,2026-01-12 03:05:00,678,27.2,USD,utilities,card,US,mobile,1,0
3207,2026-01-12 03:10:00,1000,31.01,USD,electronics,card,US,mobile,1,1
3208,2026-01-12 03:15:00,815,93.32,USD,travel,card,CO,desktop,1,0
3209,2026-01-12 03:20:00,421,61.21,USD,travel,card,BR,mobile,1,0
3210,2026-01-12 03:25:00,236,52.3,USD,groceries,card,MX,mobile,1,0
3211,2026-01-12 03:30:00,961,22.14,USD,travel,pix,AR,mobile,1,0
3212,2026-01-12 03:35:00,277,111.61,USD,entertainment,pix,BR,mobile,0,0
3213,2026-01-12 03:40:00,343,1855.34,USD,travel,digital_wallet,BR,desktop,1,0
3214,2026-01-12 03:45:00,965,66.11,USD,electronics,digital_wallet,BR,mobile,0,1
3215,2026-01-12 03:50:00,562,36.59,USD,travel,bank_transfer,AR,mobile,1,0
3216,2026-01-12 03:55:00,265,9.04,USD,travel,pix,MX,desktop,1,0
3217,2026-01-12 04:00:00,6,17.51,USD,online_services,card,AR,mobile,1,0
3218,2026-01-12 04:05:00,430,26.74,USD,electronics,card,BR,mobile,1,0
3219,2026-01-12 04:10:00,987,19.4,USD,restaurants,digital_wallet,BR,mobile,0,0
3220,2026-01-12 04:15:00,433,32.59,USD,groceries,digital_wallet,US,mobile,1,0
3221,2026-01-12 04:20:00,700,195.98,USD,utilities,pix,BR,mobile,0,0
3222,2026-01-12 04:25:00,254,115.26,USD,restaurants,pix,BR,mobile,0,0
3223,2026-01-12 04:30:00,776,28.25,USD,electronics,card,CO,mobile,1,0
3224,2026-01-12 04:35:00,776,9.89,USD,utilities,card,MX,mobile,1,0
3225,2026-01-12 04:40:00,609,126.14,USD,restaurants,pix,AR,desktop,1,0
3226,2026-01-12 04:45:00,772,31.53,USD,restaurants,card,CL,mobile,1,0
3227,2026-01-12 04:50:00,579,5.89,USD,entertainment,pix,BR,desktop,1,0
3228,2026-01-12 04:55:00,379,67.52,USD,entertainment,bank_transfer,US,mobile,1,0
3229,2026-01-12 05:00:00,738,92.36,USD,restaurants,bank_transfer,AR,mobile,0,0
3230,2026-01-12 05:05:00,836,2.93,USD,travel,bank_transfer,CO,mobile,1,0
3231,2026-01-12 05:10:00,842,14.52,USD,entertainment,card,BR,mobile,0,0
3232,2026-01-12 05:15:00,214,29.65,USD,restaurants,card,CL,desktop,1,0
3233,2026-01-12 05:20:00,677,69.03,USD,electronics,pix,BR,mobile,0,0
3234,2026-01-12 05:25:00,5,19.77,USD,transport,pix,AR,mobile,1,0
3235,2026-01-12 05:30:00,572,14.41,USD,online_services,digital_wallet,CL,mobile,0,0
3236,2026-01-12 05:35:00,572,68.52,USD,electronics,card,MX,mobile,1,0
3237,2026-01-12 05:40:00,364,20.73,USD,utilities,card,BR,mobile,1,0
3238,2026-01-12 05:45:00,995,56.94,USD,online_services,card,US,mobile,1,0
3239,2026-01-12 05:50:00,883,10.9,USD,restaurants,pix,BR,mobile,1,0
3240,2026-01-12 05:55:00,39,8.56,USD,online_services,card,AR,mobile,1,0
3241,2026-01-12 06:00:00,209,70.48,USD,groceries,card,BR,mobile,0,0
3242,2026-01-12 06:05:00,208,42.63,USD,electronics,card,BR,mobile,1,0
3243,2026-01-12 06:10:00,898,83.3,USD,restaurants,card,US,desktop,1,0
3244,2026-01-12 06:15:00,519,19.44,USD,groceries,pix,BR,mobile,0,0
3245,2026-01-12 06:20:00,729,14.95,USD,travel,card,US,mobile,1,0
3246,2026-01-12 06:25:00,810,129.12,USD,travel,bank_transfer,BR,tablet,1,0
3247,2026-01-12 06:30:00,768,7.22,USD,travel,pix,CL,mobile,1,0
3248,2026-01-12 06:35:00,90,115.75,USD,electronics,card,BR,mobile,1,0
3249,2026-01-12 06:40:00,141,124.03,USD,utilities,card,CL,tablet,1,0
3250,2026-01-12 06:45:00,396,78.26,USD,electronics,card,US,mobile,1,0
3251,2026-01-12 06:50:00,339,16.65,USD,travel,card,AR,mobile,1,0
3252,2026-01-12 06:55:00,748,14.64,USD,electronics,pix,BR,mobile,1,0
3253,2026-01-12 07:00:00,157,26.84,USD,restaurants,digital_wallet,MX,mobile,1,1
3254,2026-01-12 07:05:00,372,9.07,USD,entertainment,card,CO,desktop,1,1
3255,2026-01-12 07:10:00,237,12.66,USD,utilities,card,BR,mobile,0,0
3256,2026-01-12 07:15:00,189,63.1,USD,transport,bank_transfer,CL,desktop,1,0
3257,2026-01-12 07:20:00,173,63.39,USD,electronics,pix,CL,mobile,0,0
3258,2026-01-12 07:25:00,196,11.59,USD,online_services,card,CO,mobile,1,0
3259,2026-01-12 07:30:00,565,65.11,USD,restaurants,pix,BR,mobile,1,0
3260,2026-01-12 07:35:00,411,52.16,USD,electronics,card,BR,desktop,1,0
3261,2026-01-12 07:40:00,436,149.89,USD,transport,card,PT,mobile,1,0
3262,2026-01-12 07:45:00,480,58.51,USD,transport,digital_wallet,AR,mobile,1,0
3263,2026-01-12 07:50:00,742,95.45,USD,electronics,pix,AR,mobile,1,0
3264,2026-01-12 07:55:00,862,53.36,USD,online_services,card,PT,mobile,1,0
3265,2026-01-12 08:00:00,527,88.23,USD,groceries,digital_wallet,BR,mobile,1,0
3266,2026-01-12 08:05:00,643,9.14,USD,transport,card,BR,desktop,0,0
3267,2026-01-12 08:10:00,739,29.32,USD,utilities,card,CO,mobile,1,0
3268,2026-01-12 08:15:00,691,31.85,USD,groceries,digital_wallet,CO,mobile,1,0
3269,2026-01-12 08:20:00,135,25.95,USD,travel,pix,PT,mobile,1,0
3270,2026-01-12 08:25:00,983,51.62,USD,restaurants,bank_transfer,CL,mobile,1,0
3271,2026-01-12 08:30:00,165,62.45,USD,travel,card,BR,desktop,1,0
3272,2026-01-12 08:35:00,412,49.02,USD,entertainment,card,BR,desktop,0,0
3273,2026-01-12 08:40:00,653,27.75,USD,entertainment,digital_wallet,BR,mobile,0,0
3274,2026-01-12 08:45:00,404,15.87,USD,travel,card,US,desktop,1,0
3275,2026-01-12 08:50:00,244,99.2,USD,entertainment,bank_transfer,BR,desktop,1,0
3276,2026-01-12 08:55:00,924,46.98,USD,travel,bank_transfer,AR,mobile,1,0
3277,2026-01-12 09:00:00,72,11.96,USD,travel,card,BR,mobile,1,0
3278,2026-01-12 09:05:00,246,27.28,USD,groceries,bank_transfer,BR,mobile,0,0
3279,2026-01-12 09:10:00,993,5.79,USD,groceries,digital_wallet,BR,tablet,1,0
3280,2026-01-12 09:15:00,730,34.31,USD,restaurants,bank_transfer,CL,desktop,1,0
3281,2026-01-12 09:20:00,87,27.16,USD,travel,card,BR,mobile,1,0
3282,2026-01-12 09:25:00,755,18.64,USD,electronics,pix,PT,mobile,1,0
3283,2026-01-12 09:30:00,970,161.52,USD,transport,card,US,desktop,1,0
3284,2026-01-12 09:35:00,98,10.42,USD,electronics,card,BR,mobile,0,0
3285,2026-01-12 09:40:00,415,67.11,USD,online_services,digital_wallet,US,desktop,1,0
3286,2026-01-12 09:45:00,469,294.92,USD,electronics,digital_wallet,BR,mobile,1,0
3287,2026-01-12 09:50:00,132,97.25,USD,electronics,card,BR,mobile,1,0
3288,2026-01-12 09:55:00,201,32.09,USD,travel,pix,BR,mobile,1,0
3289,2026-01-12 10:00:00,174,10.65,USD,utilities,digital_wallet,MX,mobile,1,0
3290,2026-01-12 10:05:00,186,8.48,USD,entertainment,pix,CL,mobile,0,0
3291,2026-01-12 10:10:00,404,21.94,USD,online_services,card,BR,mobile,0,0
3292,2026-01-12 10:15:00,464,16.66,USD,entertainment,card,CO,desktop,1,0
3293,2026-01-12 10:20:00,238,16.13,USD,online_services,pix,CO,desktop,1,0
3294,2026-01-12 10:25:00,290,23.9,USD,travel,digital_wallet,CO,mobile,1,0
3295,2026-01-12 10:30:00,193,29.9,USD,travel,card,AR,mobile,1,0
3296,2026-01-12 10:35:00,797,53.8,USD,travel,card,MX,mobile,1,0
3297,2026-01-12 10:40:00,212,9.6,USD,electronics,bank_transfer,CL,mobile,1,0
3298,2026-01-12 10:45:00,908,16.74,USD,restaurants,bank_transfer,BR,mobile,1,0
3299,2026-01-12 10:50:00,539,28.23,USD,transport,digital_wallet,MX,mobile,1,0
3300,2026-01-12 10:55:00,803,27.24,USD,travel,bank_transfer,BR,mobile,0,0
3301,2026-01-12 11:00:00,637,207.77,USD,travel,pix,CO,desktop,1,0
3302,2026-01-12 11:05:00,267,41.77,USD,restaurants,digital_wallet,CL,mobile,1,0
3303,2026-01-12 11:10:00,602,6.6,USD,utilities,pix,BR,mobile,0,0
3304,2026-01-12 11:15:00,275,50.31,USD,entertainment,pix,BR,desktop,1,0
3305,2026-01-12 11:20:00,119,57.15,USD,travel,card,CL,mobile,0,0
3306,2026-01-12 11:25:00,255,29.22,USD,electronics,pix,MX,mobile,1,0
3307,2026-01-12 11:30:00,276,9.84,USD,travel,card,MX,mobile,1,0
3308,2026-01-12 11:35:00,136,192.11,USD,travel,bank_transfer,CL,mobile,1,0
3309,2026-01-12 11:40:00,24,11.36,USD,electronics,card,BR,mobile,1,0
3310,2026-01-12 11:45:00,944,64.12,USD,utilities,card,BR,desktop,0,0
3311,2026-01-12 11:50:00,514,40.45,USD,restaurants,digital_wallet,CO,mobile,1,0
3312,2026-01-12 11:55:00,403,60.39,USD,transport,bank_transfer,BR,desktop,1,0
3313,2026-01-12 12:00:00,930,182.52,USD,electronics,bank_transfer,CO,mobile,1,0
3314,2026-01-12 12:05:00,225,58.07,USD,groceries,pix,BR,mobile,0,0
3315,2026-01-12 12:10:00,403,18.94,USD,groceries,card,BR,mobile,1,0
3316,2026-01-12 12:15:00,847,100.08,USD,online_services,card,CL,mobile,1,0
3317,2026-01-12 12:20:00,633,17.62,USD,utilities,bank_transfer,CL,tablet,1,1
3318,2026-01-12 12:25:00,400,39.0,USD,transport,bank_transfer,CL,mobile,1,0
3319,2026-01-12 12:30:00,256,9.09,USD,transport,card,BR,desktop,0,0
3320,2026-01-12 12:35:00,36,11.78,USD,electronics,card,MX,mobile,1,0
3321,2026-01-12 12:40:00,86,34.86,USD,entertainment,card,AR,tablet,1,1
3322,2026-01-12 12:45:00,162,47.85,USD,transport,pix,CO,mobile,1,0
3323,2026-01-12 12:50:00,787,6.04,USD,groceries,card,CL,mobile,1,0
3324,2026-01-12 12:55:00,640,54.45,USD,electronics,card,BR,desktop,0,0
3325,2026-01-12 13:00:00,434,14.59,USD,travel,card,CL,mobile,1,0
3326,2026-01-12 13:05:00,783,119.07,USD,travel,pix,AR,desktop,1,0
3327,2026-01-12 13:10:00,161,23.29,USD,restaurants,pix,AR,mobile,1,0
3328,2026-01-12 13:15:00,211,10.77,USD,utilities,card,CL,mobile,1,0
3329,2026-01-12 13:20:00,393,35.72,USD,entertainment,card,BR,mobile,1,0
3330,2026-01-12 13:25:00,918,13.25,USD,entertainment,card,US,mobile,1,0
3331,2026-01-12 13:30:00,615,117.79,USD,online_services,pix,BR,mobile,0,0
3332,2026-01-12 13:35:00,851,33.13,USD,travel,card,BR,desktop,0,0
3333,2026-01-12 13:40:00,249,28.45,USD,travel,digital_wallet,CO,mobile,1,0
3334,2026-01-12 13:45:00,849,59.85,USD,utilities,card,BR,desktop,0,0
3335,2026-01-12 13:50:00,73,12.12,USD,utilities,bank_transfer,PT,mobile,1,0
3336,2026-01-12 13:55:00,228,9.12,USD,utilities,card,BR,mobile,0,0
3337,2026-01-12 14:00:00,524,49.82,USD,entertainment,pix,BR,mobile,0,0
3338,2026-01-12 14:05:00,51,11.03,USD,groceries,pix,BR,tablet,0,0
3339,2026-01-12 14:10:00,859,11.02,USD,transport,card,BR,mobile,0,0
3340,2026-01-12 14:15:00,868,76.46,USD,travel,card,BR,desktop,1,0
3341,2026-01-12 14:20:00,542,55.98,USD,electronics,card,BR,mobile,1,0
3342,2026-01-12 14:25:00,306,9.45,USD,groceries,pix,BR,mobile,0,0
3343,2026-01-12 14:30:00,99,17.83,USD,transport,digital_wallet,BR,desktop,1,0
3344,2026-01-12 14:35:00,619,13.41,USD,transport,pix,BR,mobile,1,0
3345,2026-01-12 14:40:00,538,195.65,USD,groceries,pix,BR,mobile,1,0
3346,2026-01-12 14:45:00,760,81.94,USD,utilities,card,BR,mobile,1,0
3347,2026-01-12 14:50:00,603,21.74,USD,electronics,pix,BR,mobile,0,0
3348,2026-01-12 14:55:00,129,58.92,USD,utilities,pix,BR,desktop,1,0
3349,2026-01-12 15:00:00,122,8.53,USD,utilities,card,BR,mobile,1,0
3350,2026-01-12 15:05:00,781,16.9,USD,online_services,card,BR,mobile,0,0
3351,2026-01-12 15:10:00,160,36.78,USD,online_services,card,BR,mobile,1,1
3352,2026-01-12 15:15:00,939,52.05,USD,electronics,card,US,mobile,1,0
3353,2026-01-12 15:20:00,106,30.04,USD,restaurants,digital_wallet,BR,desktop,0,0
3354,2026-01-12 15:25:00,729,42.44,USD,groceries,card,BR,mobile,1,0
3355,2026-01-12 15:30:00,976,35.81,USD,travel,card,CL,tablet,1,1
3356,2026-01-12 15:35:00,442,28.12,USD,restaurants,card,AR,mobile,1,0
3357,2026-01-12 15:40:00,57,24.63,USD,restaurants,card,BR,mobile,1,0
3358,2026-01-12 15:45:00,877,21.62,USD,restaurants,card,MX,mobile,1,0
3359,2026-01-12 15:50:00,188,41.76,USD,transport,card,CO,desktop,1,0
3360,2026-01-12 15:55:00,528,49.94,USD,transport,card,PT,mobile,1,0
3361,2026-01-12 16:00:00,985,40.38,USD,transport,card,US,mobile,1,0
3362,2026-01-12 16:05:00,745,10.19,USD,travel,bank_transfer,AR,mobile,1,0
3363,2026-01-12 16:10:00,47,12.2,USD,online_services,pix,CL,tablet,1,0
3364,2026-01-12 16:15:00,821,49.35,USD,entertainment,pix,BR,mobile,1,0
3365,2026-01-12 16:20:00,162,144.27,USD,entertainment,card,US,mobile,1,0
3366,2026-01-12 16:25:00,750,38.57,USD,restaurants,card,AR,mobile,1,0
3367,2026-01-12 16:30:00,621,21.94,USD,groceries,digital_wallet,BR,mobile,1,0
3368,2026-01-12 16:35:00,288,41.44,USD,restaurants,card,BR,mobile,1,0
3369,2026-01-12 16:40:00,424,10.62,USD,utilities,card,AR,mobile,1,0
3370,2026-01-12 16:45:00,118,122.6,USD,restaurants,card,AR,mobile,1,0
3371,2026-01-12 16:50:00,987,39.91,USD,online_services,card,MX,mobile,1,0
3372,2026-01-12 16:55:00,239,16.95,USD,utilities,pix,BR,mobile,0,0
3373,2026-01-12 17:00:00,309,28.03,USD,utilities,pix,MX,mobile,1,0
3374,2026-01-12 17:05:00,503,19.55,USD,transport,card,BR,desktop,0,0
3375,2026-01-12 17:10:00,673,122.94,USD,restaurants,pix,AR,mobile,1,0
3376,2026-01-12 17:15:00,506,27.05,USD,restaurants,card,BR,mobile,1,0
3377,2026-01-12 17:20:00,506,38.68,USD,utilities,pix,BR,mobile,1,0
3378,2026-01-12 17:25:00,583,58.78,USD,electronics,bank_transfer,BR,mobile,1,0
3379,2026-01-12 17:30:00,858,15.79,USD,electronics,pix,BR,mobile,0,1
3380,2026-01-12 17:35:00,396,40.19,USD,restaurants,card,BR,mobile,0,0
3381,2026-01-12 17:40:00,833,43.57,USD,transport,card,MX,mobile,1,0
3382,2026-01-12 17:45:00,787,7.0,USD,transport,pix,BR,desktop,0,0
3383,2026-01-12 17:50:00,962,42.64,USD,entertainment,card,CO,desktop,1,0
3384,2026-01-12 17:55:00,914,31.63,USD,utilities,digital_wallet,CO,mobile,1,0
3385,2026-01-12 18:00:00,799,37.71,USD,electronics,bank_transfer,BR,mobile,1,0
3386,2026-01-12 18:05:00,247,34.32,USD,transport,card,US,mobile,1,0
3387,2026-01-12 18:10:00,775,42.91,USD,electronics,bank_transfer,MX,mobile,1,0
3388,2026-01-12 18:15:00,737,126.13,USD,restaurants,card,MX,mobile,0,0
3389,2026-01-12 18:20:00,290,10.18,USD,groceries,card,MX,mobile,1,0
3390,2026-01-12 18:25:00,678,23.52,USD,restaurants,digital_wallet,AR,mobile,0,0
3391,2026-01-12 18:30:00,253,64.5,USD,groceries,bank_transfer,PT,mobile,1,0
3392,2026-01-12 18:35:00,524,53.57,USD,groceries,pix,BR,desktop,0,0
3393,2026-01-12 18:40:00,797,52.43,USD,restaurants,bank_transfer,BR,mobile,1,0
3394,2026-01-12 18:45:00,189,519.87,USD,online_services,card,CO,mobile,1,0
3395,2026-01-12 18:50:00,337,61.2,USD,restaurants,pix,BR,mobile,1,0
3396,2026-01-12 18:55:00,796,102.61,USD,entertainment,digital_wallet,CL,mobile,1,0
3397,2026-01-12 19:00:00,454,24.36,USD,restaurants,bank_transfer,BR,mobile,1,0
3398,2026-01-12 19:05:00,961,12.27,USD,electronics,card,BR,mobile,1,0
3399,2026-01-12 19:10:00,8,24.18,USD,travel,card,US,mobile,1,0
3400,2026-01-12 19:15:00,722,67.49,USD,travel,bank_transfer,BR,mobile,0,0
3401,2026-01-12 19:20:00,815,49.74,USD,utilities,card,BR,mobile,0,0
3402,2026-01-12 19:25:00,918,49.56,USD,transport,digital_wallet,CL,mobile,1,0
3403,2026-01-12 19:30:00,157,26.73,USD,entertainment,card,MX,desktop,1,0
3404,2026-01-12 19:35:00,985,22.79,USD,electronics,card,MX,mobile,0,0
3405,2026-01-12 19:40:00,393,27.66,USD,electronics,card,BR,mobile,1,0
3406,2026-01-12 19:45:00,353,68.34,USD,transport,pix,US,mobile,1,0
3407,2026-01-12 19:50:00,356,76.76,USD,online_services,card,CL,mobile,1,0
3408,2026-01-12 19:55:00,639,12.11,USD,utilities,card,MX,mobile,1,0
3409,2026-01-12 20:00:00,660,70.98,USD,electronics,digital_wallet,BR,tablet,0,0
3410,2026-01-12 20:05:00,474,17.28,USD,entertainment,card,BR,mobile,1,0
3411,2026-01-12 20:10:00,72,52.93,USD,online_services,pix,AR,desktop,1,0
3412,2026-01-12 20:15:00,987,27.33,USD,transport,card,AR,mobile,1,0
3413,2026-01-12 20:20:00,223,158.51,USD,transport,pix,BR,mobile,0,0
3414,2026-01-12 20:25:00,94,21.8,USD,utilities,pix,AR,mobile,1,0
3415,2026-01-12 20:30:00,598,39.59,USD,transport,bank_transfer,CL,mobile,1,0
3416,2026-01-12 20:35:00,413,60.74,USD,groceries,card,BR,mobile,1,0
3417,2026-01-12 20:40:00,616,13.82,USD,travel,pix,AR,mobile,1,0
3418,2026-01-12 20:45:00,876,30.79,USD,restaurants,card,BR,mobile,1,0
3419,2026-01-12 20:50:00,98,25.37,USD,travel,pix,US,mobile,1,0
3420,2026-01-12 20:55:00,285,19.81,USD,groceries,card,AR,tablet,1,0
3421,2026-01-12 21:00:00,517,21.33,USD,electronics,pix,AR,mobile,1,0
3422,2026-01-12 21:05:00,788,100.69,USD,restaurants,card,US,desktop,1,0
3423,2026-01-12 21:10:00,601,18.2,USD,travel,bank_transfer,CL,mobile,1,0
3424,2026-01-12 21:15:00,383,58.35,USD,restaurants,card,BR,mobile,1,0
3425,2026-01-12 21:20:00,611,45.36,USD,transport,pix,CL,mobile,1,0
3426,2026-01-12 21:25:00,980,8.19,USD,online_services,card,PT,desktop,1,0
3427,2026-01-12 21:30:00,481,55.65,USD,online_services,pix,BR,mobile,1,0
3428,2026-01-12 21:35:00,884,8.06,USD,transport,digital_wallet,CL,mobile,1,0
3429,2026-01-12 21:40:00,780,62.06,USD,entertainment,card,BR,mobile,0,0
3430,2026-01-12 21:45:00,302,19.94,USD,transport,card,MX,mobile,1,0
3431,2026-01-12 21:50:00,250,33.39,USD,restaurants,pix,CL,mobile,1,1
3432,2026-01-12 21:55:00,771,9.08,USD,groceries,card,US,mobile,1,0
3433,2026-01-12 22:00:00,208,37.43,USD,online_services,pix,CL,mobile,1,0
3434,2026-01-12 22:05:00,337,83.68,USD,groceries,card,BR,mobile,1,0
3435,2026-01-12 22:10:00,236,14.78,USD,electronics,card,AR,mobile,1,0
3436,2026-01-12 22:15:00,607,18.04,USD,restaurants,bank_transfer,US,mobile,1,0
3437,2026-01-12 22:20:00,295,52.18,USD,utilities,card,BR,mobile,0,0
3438,2026-01-12 22:25:00,659,53.5,USD,restaurants,pix,BR,mobile,0,0
3439,2026-01-12 22:30:00,935,2.9,USD,travel,card,CO,mobile,1,0
3440,2026-01-12 22:35:00,830,248.49,USD,transport,card,AR,mobile,1,0
3441,2026-01-12 22:40:00,948,56.18,USD,travel,pix,BR,mobile,1,0
3442,2026-01-12 22:45:00,25,66.48,USD,restaurants,pix,BR,mobile,0,0
3443,2026-01-12 22:50:00,456,28.69,USD,groceries,bank_transfer,BR,mobile,0,0
3444,2026-01-12 22:55:00,221,5.18,USD,restaurants,card,CL,mobile,0,0
3445,2026-01-12 23:00:00,918,65.02,USD,travel,card,AR,mobile,1,0
3446,2026-01-12 23:05:00,712,18.82,USD,entertainment,card,AR,mobile,1,0
3447,2026-01-12 23:10:00,321,57.05,USD,online_services,pix,MX,mobile,1,0
3448,2026-01-12 23:15:00,564,26.61,USD,online_services,pix,BR,tablet,1,0
3449,2026-01-12 23:20:00,606,42.02,USD,utilities,bank_transfer,CL,mobile,1,0
3450,2026-01-12 23:25:00,496,15.26,USD,groceries,bank_transfer,BR,mobile,0,0
3451,2026-01-12 23:30:00,475,78.6,USD,entertainment,card,BR,mobile,1,0
3452,2026-01-12 23:35:00,56,10.09,USD,entertainment,digital_wallet,AR,mobile,1,0
3453,2026-01-12 23:40:00,453,312.8,USD,entertainment,digital_wallet,CL,mobile,1,0
3454,2026-01-12 23:45:00,349,310.43,USD,entertainment,card,US,mobile,1,1
3455,2026-01-12 23:50:00,819,169.47,USD,entertainment,card,BR,desktop,1,0
3456,2026-01-12 23:55:00,866,118.57,USD,travel,bank_transfer,BR,desktop,0,0
3457,2026-01-13 00:00:00,751,30.43,USD,travel,pix,BR,tablet,0,0
3458,2026-01-13 00:05:00,31,106.33,USD,entertainment,card,AR,mobile,1,0
3459,2026-01-13 00:10:00,842,30.08,USD,groceries,card,BR,desktop,0,0
3460,2026-01-13 00:15:00,397,7.0,USD,travel,pix,US,mobile,1,0
3461,2026-01-13 00:20:00,417,148.89,USD,restaurants,bank_transfer,MX,mobile,1,0
3462,2026-01-13 00:25:00,946,102.39,USD,online_services,bank_transfer,AR,desktop,1,0
3463,2026-01-13 00:30:00,868,32.09,USD,online_services,digital_wallet,AR,tablet,1,0
3464,2026-01-13 00:35:00,51,9.73,USD,restaurants,pix,BR,mobile,0,0
3465,2026-01-13 00:40:00,360,18.43,USD,online_services,bank_transfer,AR,desktop,1,0
3466,2026-01-13 00:45:00,750,5.36,USD,electronics,card,AR,desktop,1,1
3467,2026-01-13 00:50:00,539,85.21,USD,entertainment,pix,US,mobile,1,0
3468,2026-01-13 00:55:00,258,6.66,USD,entertainment,digital_wallet,AR,mobile,0,0
3469,2026-01-13 01:00:00,525,44.12,USD,groceries,bank_transfer,BR,mobile,0,0
3470,2026-01-13 01:05:00,867,14.24,USD,online_services,pix,BR,tablet,0,0
3471,2026-01-13 01:10:00,224,7.95,USD,entertainment,card,BR,mobile,0,0
3472,2026-01-13 01:15:00,747,42.03,USD,electronics,card,US,mobile,1,0
3473,2026-01-13 01:20:00,735,23.72,USD,travel,pix,MX,mobile,1,0
3474,2026-01-13 01:25:00,886,76.57,USD,online_services,card,MX,mobile,1,0
3475,2026-01-13 01:30:00,298,9.32,USD,entertainment,card,MX,mobile,1,0
3476,2026-01-13 01:35:00,216,15.53,USD,entertainment,bank_transfer,BR,mobile,0,0
3477,2026-01-13 01:40:00,548,3.04,USD,online_services,card,CO,desktop,1,1
3478,2026-01-13 01:45:00,532,3.73,USD,entertainment,card,CO,mobile,1,0
3479,2026-01-13 01:50:00,410,199.98,USD,restaurants,card,BR,tablet,0,0
3480,2026-01-13 01:55:00,780,266.03,USD,utilities,card,AR,desktop,1,0
3481,2026-01-13 02:00:00,800,36.33,USD,online_services,card,CL,mobile,1,0
3482,2026-01-13 02:05:00,246,14.53,USD,entertainment,card,US,mobile,1,0
3483,2026-01-13 02:10:00,796,24.57,USD,restaurants,pix,BR,mobile,0,0
3484,2026-01-13 02:15:00,231,79.33,USD,travel,card,US,tablet,1,0
3485,2026-01-13 02:20:00,408,19.8,USD,groceries,pix,US,mobile,1,0
3486,2026-01-13 02:25:00,28,42.0,USD,utilities,bank_transfer,US,desktop,1,0
3487,2026-01-13 02:30:00,341,32.7,USD,online_services,pix,BR,tablet,0,0
3488,2026-01-13 02:35:00,959,18.75,USD,groceries,pix,BR,mobile,1,0
3489,2026-01-13 02:40:00,443,19.57,USD,groceries,pix,CL,desktop,1,0
3490,2026-01-13 02:45:00,711,44.4,USD,online_services,pix,BR,desktop,0,0
3491,2026-01-13 02:50:00,108,12.47,USD,utilities,card,BR,mobile,0,0
3492,2026-01-13 02:55:00,636,52.03,USD,utilities,digital_wallet,CO,desktop,0,0
3493,2026-01-13 03:00:00,372,20.66,USD,restaurants,card,BR,mobile,0,0
3494,2026-01-13 03:05:00,744,37.61,USD,entertainment,pix,BR,mobile,0,0
3495,2026-01-13 03:10:00,929,132.15,USD,utilities,pix,US,mobile,1,0
3496,2026-01-13 03:15:00,532,27.99,USD,groceries,bank_transfer,BR,mobile,1,0
3497,2026-01-13 03:20:00,103,83.08,USD,transport,pix,US,desktop,1,0
3498,2026-01-13 03:25:00,477,5.52,USD,transport,pix,BR,mobile,0,0
3499,2026-01-13 03:30:00,124,20.69,USD,travel,pix,BR,mobile,0,0
3500,2026-01-13 03:35:00,450,34.05,USD,transport,bank_transfer,BR,mobile,1,0
3501,2026-01-13 03:40:00,62,226.63,USD,transport,card,BR,mobile,1,0
3502,2026-01-13 03:45:00,641,4.66,USD,transport,digital_wallet,BR,mobile,1,0
3503,2026-01-13 03:50:00,311,30.08,USD,groceries,bank_transfer,MX,desktop,1,0
3504,2026-01-13 03:55:00,202,142.12,USD,entertainment,card,US,mobile,1,0
3505,2026-01-13 04:00:00,18,15.1,USD,entertainment,card,BR,mobile,1,1
3506,2026-01-13 04:05:00,889,26.77,USD,online_services,digital_wallet,BR,mobile,0,0
3507,2026-01-13 04:10:00,838,46.14,USD,travel,card,CL,desktop,1,0
3508,2026-01-13 04:15:00,812,39.83,USD,entertainment,card,AR,mobile,1,0
3509,2026-01-13 04:20:00,59,158.5,USD,transport,card,BR,mobile,1,0
3510,2026-01-13 04:25:00,350,51.86,USD,electronics,card,BR,mobile,1,0
3511,2026-01-13 04:30:00,972,124.93,USD,electronics,pix,BR,mobile,1,0
3512,2026-01-13 04:35:00,579,23.1,USD,online_services,bank_transfer,AR,mobile,1,0
3513,2026-01-13 04:40:00,129,15.79,USD,electronics,pix,BR,mobile,1,0
3514,2026-01-13 04:45:00,142,26.42,USD,utilities,card,CO,mobile,1,0
3515,2026-01-13 04:50:00,264,10.39,USD,transport,pix,BR,mobile,1,0
3516,2026-01-13 04:55:00,973,53.71,USD,entertainment,card,BR,mobile,0,0
3517,2026-01-13 05:00:00,170,22.51,USD,transport,pix,AR,mobile,1,0
3518,2026-01-13 05:05:00,903,16.92,USD,electronics,card,BR,mobile,0,0
3519,2026-01-13 05:10:00,679,54.52,USD,utilities,digital_wallet,US,mobile,1,0
3520,2026-01-13 05:15:00,922,10.55,USD,entertainment,bank_transfer,CL,mobile,1,0
3521,2026-01-13 05:20:00,827,71.56,USD,electronics,pix,US,mobile,1,0
3522,2026-01-13 05:25:00,333,20.53,USD,electronics,pix,AR,mobile,1,0
3523,2026-01-13 05:30:00,828,105.54,USD,utilities,pix,BR,mobile,0,0
3524,2026-01-13 05:35:00,170,22.36,USD,restaurants,card,BR,mobile,0,0
3525,2026-01-13 05:40:00,291,62.3,USD,utilities,bank_transfer,AR,mobile,1,0
3526,2026-01-13 05:45:00,212,39.63,USD,travel,digital_wallet,AR,desktop,1,0
3527,2026-01-13 05:50:00,134,69.68,USD,transport,digital_wallet,BR,desktop,0,1
3528,2026-01-13 05:55:00,91,36.96,USD,entertainment,pix,BR,mobile,0,0
3529,2026-01-13 06:00:00,188,6.28,USD,online_services,pix,BR,desktop,0,0
3530,2026-01-13 06:05:00,121,90.81,USD,transport,card,BR,mobile,1,0
3531,2026-01-13 06:10:00,381,30.34,USD,electronics,card,BR,mobile,1,0
3532,2026-01-13 06:15:00,72,72.93,USD,online_services,pix,AR,mobile,1,1
3533,2026-01-13 06:20:00,62,66.04,USD,transport,digital_wallet,PT,desktop,1,0
3534,2026-01-13 06:25:00,990,15.28,USD,utilities,bank_transfer,BR,mobile,0,0
3535,2026-01-13 06:30:00,88,13.27,USD,online_services,bank_transfer,BR,mobile,0,0
3536,2026-01-13 06:35:00,75,63.77,USD,travel,card,BR,desktop,0,0
3537,2026-01-13 06:40:00,31,24.45,USD,groceries,pix,BR,desktop,1,0
3538,2026-01-13 06:45:00,133,84.47,USD,groceries,pix,CL,desktop,1,0
3539,2026-01-13 06:50:00,528,27.71,USD,transport,pix,BR,mobile,1,0
3540,2026-01-13 06:55:00,828,92.15,USD,groceries,card,PT,mobile,1,0
3541,2026-01-13 07:00:00,735,50.57,USD,utilities,pix,US,mobile,1,0
3542,2026-01-13 07:05:00,581,44.17,USD,entertainment,card,AR,mobile,0,0
3543,2026-01-13 07:10:00,86,22.78,USD,electronics,pix,US,mobile,1,0
3544,2026-01-13 07:15:00,775,41.78,USD,utilities,digital_wallet,CL,desktop,1,0
3545,2026-01-13 07:20:00,38,109.16,USD,restaurants,pix,PT,mobile,1,0
3546,2026-01-13 07:25:00,631,31.37,USD,travel,card,BR,mobile,1,0
3547,2026-01-13 07:30:00,410,56.33,USD,transport,pix,PT,mobile,1,0
3548,2026-01-13 07:35:00,883,34.69,USD,groceries,pix,BR,mobile,1,0
3549,2026-01-13 07:40:00,308,37.51,USD,electronics,pix,BR,desktop,1,0
3550,2026-01-13 07:45:00,639,185.57,USD,restaurants,card,US,mobile,1,0
3551,2026-01-13 07:50:00,440,110.14,USD,groceries,pix,BR,desktop,0,0
3552,2026-01-13 07:55:00,523,35.85,USD,restaurants,bank_transfer,BR,mobile,1,0
3553,2026-01-13 08:00:00,939,41.04,USD,restaurants,card,BR,mobile,0,0
3554,2026-01-13 08:05:00,713,16.41,USD,entertainment,pix,BR,mobile,1,0
3555,2026-01-13 08:10:00,415,27.86,USD,utilities,bank_transfer,BR,mobile,1,0
3556,2026-01-13 08:15:00,448,45.12,USD,electronics,bank_transfer,BR,tablet,1,0
3557,2026-01-13 08:20:00,705,77.53,USD,entertainment,digital_wallet,AR,mobile,1,0
3558,2026-01-13 08:25:00,347,70.05,USD,groceries,bank_transfer,MX,mobile,1,0
3559,2026-01-13 08:30:00,168,10.92,USD,utilities,pix,BR,tablet,1,0
3560,2026-01-13 08:35:00,468,87.97,USD,travel,pix,MX,mobile,1,0
3561,2026-01-13 08:40:00,69,30.3,USD,electronics,card,AR,mobile,1,0
3562,2026-01-13 08:45:00,170,12.34,USD,utilities,card,CO,desktop,1,0
3563,2026-01-13 08:50:00,421,126.01,USD,transport,pix,CO,desktop,1,0
3564,2026-01-13 08:55:00,797,143.06,USD,electronics,card,US,mobile,1,0
3565,2026-01-13 09:00:00,782,43.11,USD,online_services,card,BR,mobile,1,0
3566,2026-01-13 09:05:00,261,67.28,USD,restaurants,bank_transfer,AR,mobile,1,0
3567,2026-01-13 09:10:00,422,71.34,USD,travel,card,US,desktop,1,0
3568,2026-01-13 09:15:00,154,133.72,USD,travel,card,CO,mobile,1,0
3569,2026-01-13 09:20:00,756,68.58,USD,entertainment,pix,BR,desktop,1,0
3570,2026-01-13 09:25:00,247,8.78,USD,online_services,card,CL,desktop,1,0
3571,2026-01-13 09:30:00,800,247.1,USD,transport,pix,MX,desktop,1,0
3572,2026-01-13 09:35:00,843,96.13,USD,groceries,card,BR,mobile,1,0
3573,2026-01-13 09:40:00,690,19.9,USD,electronics,bank_transfer,CL,mobile,1,0
3574,2026-01-13 09:45:00,331,11.83,USD,restaurants,pix,MX,mobile,1,0
3575,2026-01-13 09:50:00,953,54.86,USD,entertainment,pix,AR,mobile,1,0
3576,2026-01-13 09:55:00,687,25.07,USD,travel,card,BR,mobile,0,0
3577,2026-01-13 10:00:00,646,46.06,USD,utilities,pix,AR,mobile,1,0
3578,2026-01-13 10:05:00,857,69.64,USD,transport,card,AR,mobile,1,0
3579,2026-01-13 10:10:00,882,18.79,USD,online_services,pix,BR,mobile,0,0
3580,2026-01-13 10:15:00,78,10.85,USD,online_services,card,CL,mobile,1,0
3581,2026-01-13 10:20:00,882,48.71,USD,online_services,card,BR,mobile,0,0
3582,2026-01-13 10:25:00,766,19.43,USD,entertainment,card,US,mobile,1,0
3583,2026-01-13 10:30:00,207,38.32,USD,restaurants,card,MX,mobile,1,0
3584,2026-01-13 10:35:00,308,8.64,USD,restaurants,card,MX,mobile,1,0
3585,2026-01-13 10:40:00,753,25.73,USD,online_services,card,AR,mobile,1,0
3586,2026-01-13 10:45:00,217,67.69,USD,utilities,bank_transfer,BR,mobile,0,0
3587,2026-01-13 10:50:00,453,60.7,USD,online_services,pix,CO,mobile,1,0
3588,2026-01-13 10:55:00,689,15.05,USD,entertainment,pix,BR,mobile,1,0
3589,2026-01-13 11:00:00,651,10.3,USD,utilities,card,AR,desktop,1,0
3590,2026-01-13 11:05:00,910,33.64,USD,electronics,card,BR,tablet,0,0
3591,2026-01-13 11:10:00,112,58.03,USD,restaurants,digital_wallet,AR,mobile,1,0
3592,2026-01-13 11:15:00,296,49.66,USD,transport,card,CL,mobile,1,0
3593,2026-01-13 11:20:00,985,19.84,USD,utilities,bank_transfer,BR,desktop,1,0
3594,2026-01-13 11:25:00,569,44.6,USD,entertainment,pix,BR,mobile,1,0
3595,2026-01-13 11:30:00,249,148.76,USD,online_services,card,BR,mobile,1,0
3596,2026-01-13 11:35:00,290,40.66,USD,online_services,pix,BR,mobile,0,0
3597,2026-01-13 11:40:00,340,6.47,USD,utilities,bank_transfer,BR,desktop,1,0
3598,2026-01-13 11:45:00,555,40.58,USD,groceries,bank_transfer,US,mobile,1,0
3599,2026-01-13 11:50:00,285,255.69,USD,restaurants,pix,US,mobile,1,0
3600,2026-01-13 11:55:00,622,9.14,USD,electronics,card,PT,desktop,1,0
3601,2026-01-13 12:00:00,446,34.11,USD,groceries,pix,BR,mobile,0,0
3602,2026-01-13 12:05:00,611,26.41,USD,online_services,card,BR,desktop,1,0
3603,2026-01-13 12:10:00,156,36.45,USD,restaurants,card,AR,tablet,0,0
3604,2026-01-13 12:15:00,624,40.22,USD,electronics,pix,CL,mobile,1,0
3605,2026-01-13 12:20:00,925,103.54,USD,entertainment,card,CO,mobile,1,0
3606,2026-01-13 12:25:00,136,36.05,USD,groceries,bank_transfer,MX,mobile,1,0
3607,2026-01-13 12:30:00,328,118.78,USD,entertainment,digital_wallet,AR,mobile,1,0
3608,2026-01-13 12:35:00,694,29.44,USD,groceries,card,AR,mobile,1,0
3609,2026-01-13 12:40:00,618,23.33,USD,online_services,card,PT,mobile,1,0
3610,2026-01-13 12:45:00,675,16.96,USD,entertainment,pix,BR,mobile,1,0
3611,2026-01-13 12:50:00,560,5.38,USD,transport,card,MX,mobile,1,0
3612,2026-01-13 12:55:00,683,43.63,USD,entertainment,card,CO,mobile,1,0
3613,2026-01-13 13:00:00,610,258.27,USD,transport,digital_wallet,BR,desktop,0,0
3614,2026-01-13 13:05:00,75,52.36,USD,groceries,card,US,mobile,1,0
3615,2026-01-13 13:10:00,752,65.81,USD,groceries,card,US,mobile,1,0
3616,2026-01-13 13:15:00,447,21.91,USD,restaurants,card,CO,mobile,1,0
3617,2026-01-13 13:20:00,52,25.94,USD,entertainment,card,BR,mobile,1,0
3618,2026-01-13 13:25:00,410,88.65,USD,travel,bank_transfer,BR,mobile,0,0
3619,2026-01-13 13:30:00,436,246.83,USD,transport,bank_transfer,CL,mobile,1,0
3620,2026-01-13 13:35:00,87,146.64,USD,entertainment,card,BR,mobile,1,0
3621,2026-01-13 13:40:00,997,74.09,USD,electronics,card,BR,mobile,0,0
3622,2026-01-13 13:45:00,223,34.3,USD,restaurants,bank_transfer,BR,tablet,0,0
3623,2026-01-13 13:50:00,331,40.84,USD,entertainment,pix,BR,tablet,1,0
3624,2026-01-13 13:55:00,441,15.59,USD,electronics,pix,CO,mobile,1,1
3625,2026-01-13 14:00:00,833,7.78,USD,entertainment,card,AR,mobile,0,0
3626,2026-01-13 14:05:00,743,10.73,USD,travel,pix,BR,mobile,1,0
3627,2026-01-13 14:10:00,771,34.81,USD,groceries,card,AR,mobile,1,0
3628,2026-01-13 14:15:00,238,24.73,USD,groceries,card,BR,mobile,1,0
3629,2026-01-13 14:20:00,846,7.62,USD,groceries,pix,BR,mobile,1,0
3630,2026-01-13 14:25:00,830,31.9,USD,restaurants,card,AR,mobile,1,0
3631,2026-01-13 14:30:00,464,24.08,USD,restaurants,pix,AR,tablet,1,0
3632,2026-01-13 14:35:00,546,10.25,USD,online_services,pix,BR,mobile,1,0
3633,2026-01-13 14:40:00,38,22.87,USD,utilities,bank_transfer,CL,mobile,1,0
3634,2026-01-13 14:45:00,761,24.02,USD,online_services,pix,BR,desktop,1,0
3635,2026-01-13 14:50:00,961,17.87,USD,electronics,card,AR,mobile,1,0
3636,2026-01-13 14:55:00,473,83.65,USD,transport,pix,BR,mobile,1,0
3637,2026-01-13 15:00:00,541,4.94,USD,electronics,bank_transfer,CO,desktop,1,0
3638,2026-01-13 15:05:00,500,4.55,USD,utilities,card,AR,mobile,1,0
3639,2026-01-13 15:10:00,83,33.22,USD,transport,bank_transfer,BR,mobile,1,0
3640,2026-01-13 15:15:00,620,36.46,USD,entertainment,digital_wallet,CL,mobile,1,0
3641,2026-01-13 15:20:00,722,49.61,USD,restaurants,pix,MX,mobile,1,0
3642,2026-01-13 15:25:00,928,19.32,USD,online_services,card,BR,mobile,1,0
3643,2026-01-13 15:30:00,930,13.22,USD,entertainment,pix,CL,desktop,1,0
3644,2026-01-13 15:35:00,492,32.87,USD,online_services,card,MX,desktop,1,1
3645,2026-01-13 15:40:00,959,21.29,USD,transport,card,BR,mobile,1,0
3646,2026-01-13 15:45:00,529,156.19,USD,travel,card,US,mobile,1,0
3647,2026-01-13 15:50:00,643,23.95,USD,transport,pix,BR,tablet,0,0
3648,2026-01-13 15:55:00,602,31.4,USD,electronics,pix,CO,desktop,1,0
3649,2026-01-13 16:00:00,999,393.63,USD,transport,pix,US,mobile,1,0
3650,2026-01-13 16:05:00,738,27.26,USD,restaurants,card,PT,desktop,1,0
3651,2026-01-13 16:10:00,121,57.75,USD,electronics,card,AR,desktop,1,0
3652,2026-01-13 16:15:00,72,63.2,USD,travel,pix,CO,mobile,1,0
3653,2026-01-13 16:20:00,410,68.81,USD,restaurants,pix,BR,mobile,0,0
3654,2026-01-13 16:25:00,516,44.23,USD,electronics,card,BR,desktop,1,0
3655,2026-01-13 16:30:00,669,40.2,USD,groceries,card,US,mobile,1,0
3656,2026-01-13 16:35:00,482,36.61,USD,entertainment,card,BR,mobile,0,0
3657,2026-01-13 16:40:00,515,18.62,USD,transport,bank_transfer,MX,tablet,1,0
3658,2026-01-13 16:45:00,922,45.86,USD,groceries,pix,BR,desktop,0,0
3659,2026-01-13 16:50:00,335,251.8,USD,travel,bank_transfer,BR,mobile,0,0
3660,2026-01-13 16:55:00,494,111.13,USD,utilities,card,BR,mobile,0,0
3661,2026-01-13 17:00:00,558,44.88,USD,online_services,card,AR,desktop,1,0
3662,2026-01-13 17:05:00,469,77.93,USD,online_services,card,BR,mobile,1,0
3663,2026-01-13 17:10:00,969,13.89,USD,restaurants,card,BR,mobile,1,0
3664,2026-01-13 17:15:00,963,25.52,USD,restaurants,card,PT,desktop,1,0
3665,2026-01-13 17:20:00,514,85.44,USD,online_services,bank_transfer,MX,desktop,1,0
3666,2026-01-13 17:25:00,451,146.52,USD,entertainment,card,CO,mobile,1,0
3667,2026-01-13 17:30:00,589,15.32,USD,travel,card,BR,mobile,1,0
3668,2026-01-13 17:35:00,181,20.42,USD,utilities,card,BR,desktop,0,0
3669,2026-01-13 17:40:00,426,293.35,USD,groceries,card,CL,mobile,1,0
3670,2026-01-13 17:45:00,217,36.46,USD,travel,pix,BR,mobile,0,0
3671,2026-01-13 17:50:00,145,205.07,USD,travel,card,BR,desktop,0,0
3672,2026-01-13 17:55:00,96,40.73,USD,online_services,card,US,desktop,1,0
3673,2026-01-13 18:00:00,588,42.36,USD,electronics,pix,BR,mobile,1,0
3674,2026-01-13 18:05:00,1,24.4,USD,travel,card,US,mobile,1,0
3675,2026-01-13 18:10:00,647,84.99,USD,utilities,card,BR,mobile,1,0
3676,2026-01-13 18:15:00,432,128.74,USD,transport,pix,BR,mobile,0,0
3677,2026-01-13 18:20:00,367,11.76,USD,groceries,card,BR,tablet,1,0
3678,2026-01-13 18:25:00,770,23.28,USD,electronics,bank_transfer,US,mobile,1,0
3679,2026-01-13 18:30:00,539,82.69,USD,travel,bank_transfer,CL,mobile,1,0
3680,2026-01-13 18:35:00,734,29.09,USD,electronics,card,CO,mobile,0,0
3681,2026-01-13 18:40:00,710,20.22,USD,entertainment,pix,BR,mobile,0,0
3682,2026-01-13 18:45:00,33,90.88,USD,transport,card,US,mobile,1,0
3683,2026-01-13 18:50:00,216,99.83,USD,groceries,bank_transfer,AR,mobile,1,0
3684,2026-01-13 18:55:00,570,21.12,USD,utilities,card,AR,mobile,1,0
3685,2026-01-13 19:00:00,976,40.95,USD,utilities,pix,CO,desktop,1,0
3686,2026-01-13 19:05:00,155,9.89,USD,travel,card,CO,desktop,1,0
3687,2026-01-13 19:10:00,106,13.52,USD,transport,bank_transfer,CL,mobile,1,1
3688,2026-01-13 19:15:00,942,37.49,USD,transport,digital_wallet,BR,mobile,0,0
3689,2026-01-13 19:20:00,967,34.17,USD,electronics,card,US,mobile,1,0
3690,2026-01-13 19:25:00,168,12.59,USD,electronics,card,BR,mobile,1,0
3691,2026-01-13 19:30:00,402,16.18,USD,restaurants,pix,PT,desktop,1,0
3692,2026-01-13 19:35:00,627,11.42,USD,transport,pix,BR,desktop,0,0
3693,2026-01-13 19:40:00,196,52.2,USD,transport,card,BR,mobile,1,0
3694,2026-01-13 19:45:00,327,4.63,USD,electronics,pix,BR,mobile,0,0
3695,2026-01-13 19:50:00,396,12.04,USD,electronics,pix,AR,mobile,1,0
3696,2026-01-13 19:55:00,642,5.14,USD,travel,digital_wallet,BR,mobile,1,0
3697,2026-01-13 20:00:00,309,50.35,USD,utilities,pix,MX,mobile,1,0
3698,2026-01-13 20:05:00,413,5.46,USD,transport,pix,CL,mobile,0,0
3699,2026-01-13 20:10:00,290,34.18,USD,groceries,card,BR,mobile,0,0
3700,2026-01-13 20:15:00,760,170.63,USD,utilities,card,AR,mobile,0,0
3701,2026-01-13 20:20:00,154,176.52,USD,restaurants,pix,MX,mobile,1,0
3702,2026-01-13 20:25:00,231,5.44,USD,online_services,pix,US,mobile,1,0
3703,2026-01-13 20:30:00,250,44.63,USD,travel,bank_transfer,BR,mobile,1,0
3704,2026-01-13 20:35:00,906,12.32,USD,travel,card,US,mobile,1,0
3705,2026-01-13 20:40:00,945,10.04,USD,electronics,card,BR,mobile,0,0
3706,2026-01-13 20:45:00,501,29.56,USD,entertainment,card,CL,mobile,1,0
3707,2026-01-13 20:50:00,157,113.1,USD,entertainment,pix,MX,mobile,1,0
3708,2026-01-13 20:55:00,757,60.32,USD,online_services,card,BR,mobile,0,0
3709,2026-01-13 21:00:00,493,16.2,USD,groceries,card,BR,desktop,0,0
3710,2026-01-13 21:05:00,850,67.02,USD,restaurants,card,CL,mobile,1,0
3711,2026-01-13 21:10:00,360,3.51,USD,transport,card,BR,desktop,1,0
3712,2026-01-13 21:15:00,999,15.6,USD,restaurants,card,BR,mobile,1,0
3713,2026-01-13 21:20:00,808,14.53,USD,online_services,digital_wallet,BR,desktop,1,0
3714,2026-01-13 21:25:00,224,35.81,USD,groceries,bank_transfer,CO,mobile,1,0
3715,2026-01-13 21:30:00,726,27.04,USD,groceries,card,BR,tablet,0,0
3716,2026-01-13 21:35:00,287,28.75,USD,electronics,bank_transfer,AR,mobile,1,0
3717,2026-01-13 21:40:00,350,27.81,USD,transport,pix,PT,tablet,1,0
3718,2026-01-13 21:45:00,251,33.87,USD,transport,digital_wallet,CO,mobile,1,0
3719,2026-01-13 21:50:00,683,56.83,USD,travel,pix,AR,mobile,1,0
3720,2026-01-13 21:55:00,263,38.45,USD,travel,card,AR,mobile,1,0
3721,2026-01-13 22:00:00,639,24.92,USD,utilities,card,BR,mobile,1,0
3722,2026-01-13 22:05:00,583,49.49,USD,electronics,digital_wallet,BR,mobile,1,0
3723,2026-01-13 22:10:00,751,75.65,USD,online_services,digital_wallet,BR,mobile,0,0
3724,2026-01-13 22:15:00,994,18.99,USD,restaurants,pix,BR,mobile,1,0
3725,2026-01-13 22:20:00,9,31.21,USD,restaurants,pix,BR,mobile,0,0
3726,2026-01-13 22:25:00,991,105.84,USD,electronics,pix,CL,mobile,1,0
3727,2026-01-13 22:30:00,110,10.99,USD,groceries,bank_transfer,BR,mobile,1,0
3728,2026-01-13 22:35:00,527,201.28,USD,groceries,pix,BR,mobile,1,0
3729,2026-01-13 22:40:00,341,8.68,USD,transport,card,US,mobile,1,0
3730,2026-01-13 22:45:00,640,23.44,USD,travel,card,BR,desktop,0,0
3731,2026-01-13 22:50:00,722,12.8,USD,transport,pix,CO,mobile,1,0
3732,2026-01-13 22:55:00,860,295.28,USD,transport,card,BR,desktop,1,0
3733,2026-01-13 23:00:00,402,20.02,USD,groceries,bank_transfer,AR,mobile,1,0
3734,2026-01-13 23:05:00,933,20.07,USD,groceries,digital_wallet,BR,mobile,0,0
3735,2026-01-13 23:10:00,323,22.86,USD,online_services,card,BR,desktop,0,0
3736,2026-01-13 23:15:00,204,36.44,USD,groceries,bank_transfer,MX,mobile,1,0
3737,2026-01-13 23:20:00,380,23.84,USD,entertainment,pix,AR,mobile,1,0
3738,2026-01-13 23:25:00,529,28.99,USD,entertainment,pix,BR,mobile,0,0
3739,2026-01-13 23:30:00,669,0.97,USD,restaurants,card,BR,mobile,0,0
3740,2026-01-13 23:35:00,833,35.06,USD,restaurants,card,AR,mobile,0,0
3741,2026-01-13 23:40:00,225,33.71,USD,transport,digital_wallet,BR,tablet,0,0
3742,2026-01-13 23:45:00,304,93.56,USD,entertainment,pix,AR,desktop,0,0
3743,2026-01-13 23:50:00,939,122.62,USD,groceries,pix,AR,mobile,1,0
3744,2026-01-13 23:55:00,440,27.45,USD,utilities,card,CL,mobile,1,0
3745,2026-01-14 00:00:00,242,74.91,USD,transport,card,MX,mobile,1,0
3746,2026-01-14 00:05:00,986,11.01,USD,electronics,pix,BR,mobile,0,0
3747,2026-01-14 00:10:00,449,71.33,USD,online_services,pix,US,mobile,1,0
3748,2026-01-14 00:15:00,986,18.68,USD,restaurants,bank_transfer,AR,desktop,1,0
3749,2026-01-14 00:20:00,920,10.13,USD,online_services,pix,AR,mobile,1,0
3750,2026-01-14 00:25:00,907,27.51,USD,travel,card,CL,mobile,1,0
3751,2026-01-14 00:30:00,582,134.35,USD,electronics,card,CL,mobile,1,0
3752,2026-01-14 00:35:00,799,39.69,USD,groceries,card,BR,mobile,1,0
3753,2026-01-14 00:40:00,961,147.89,USD,groceries,card,PT,desktop,1,0
3754,2026-01-14 00:45:00,270,15.66,USD,utilities,card,US,mobile,1,0
3755,2026-01-14 00:50:00,38,94.43,USD,electronics,bank_transfer,BR,mobile,1,0
3756,2026-01-14 00:55:00,321,17.25,USD,utilities,card,AR,mobile,1,0
3757,2026-01-14 01:00:00,637,41.48,USD,utilities,bank_transfer,CO,mobile,1,0
3758,2026-01-14 01:05:00,548,41.13,USD,electronics,digital_wallet,US,mobile,1,0
3759,2026-01-14 01:10:00,81,64.17,USD,transport,card,AR,mobile,1,1
3760,2026-01-14 01:15:00,561,42.55,USD,transport,pix,BR,desktop,1,0
3761,2026-01-14 01:20:00,175,15.81,USD,entertainment,card,CL,mobile,1,0
3762,2026-01-14 01:25:00,506,79.86,USD,entertainment,card,BR,desktop,1,1
3763,2026-01-14 01:30:00,576,187.1,USD,transport,card,CL,desktop,1,0
3764,2026-01-14 01:35:00,637,18.47,USD,travel,card,AR,mobile,1,0
3765,2026-01-14 01:40:00,413,5.28,USD,travel,pix,CL,desktop,0,0
3766,2026-01-14 01:45:00,409,54.56,USD,restaurants,pix,BR,mobile,0,0
3767,2026-01-14 01:50:00,679,23.78,USD,travel,pix,AR,desktop,1,0
3768,2026-01-14 01:55:00,750,29.05,USD,utilities,pix,CL,mobile,1,0
3769,2026-01-14 02:00:00,808,57.75,USD,online_services,bank_transfer,BR,desktop,1,0
3770,2026-01-14 02:05:00,334,20.98,USD,transport,bank_transfer,BR,mobile,0,0
3771,2026-01-14 02:10:00,425,25.31,USD,restaurants,bank_transfer,BR,mobile,1,0
3772,2026-01-14 02:15:00,331,29.96,USD,online_services,pix,US,tablet,1,0
3773,2026-01-14 02:20:00,528,143.99,USD,online_services,card,AR,desktop,1,0
3774,2026-01-14 02:25:00,128,34.13,USD,utilities,pix,CL,mobile,1,0
3775,2026-01-14 02:30:00,431,9.62,USD,transport,pix,AR,mobile,1,0
3776,2026-01-14 02:35:00,189,10.02,USD,transport,card,MX,tablet,1,0
3777,2026-01-14 02:40:00,533,38.06,USD,travel,bank_transfer,AR,mobile,1,0
3778,2026-01-14 02:45:00,851,10.7,USD,transport,digital_wallet,BR,mobile,0,0
3779,2026-01-14 02:50:00,986,6.94,USD,utilities,digital_wallet,BR,mobile,0,0
3780,2026-01-14 02:55:00,447,62.52,USD,electronics,card,BR,mobile,0,0
3781,2026-01-14 03:00:00,57,65.66,USD,transport,card,MX,mobile,1,1
3782,2026-01-14 03:05:00,228,22.92,USD,utilities,card,CL,mobile,1,0
3783,2026-01-14 03:10:00,105,44.42,USD,transport,bank_transfer,CO,mobile,1,0
3784,2026-01-14 03:15:00,760,39.97,USD,restaurants,pix,CO,mobile,1,0
3785,2026-01-14 03:20:00,985,60.49,USD,utilities,bank_transfer,MX,mobile,0,0
3786,2026-01-14 03:25:00,554,60.63,USD,transport,digital_wallet,PT,desktop,1,0
3787,2026-01-14 03:30:00,177,2.45,USD,entertainment,card,CL,mobile,1,0
3788,2026-01-14 03:35:00,22,26.04,USD,entertainment,card,BR,mobile,1,0
3789,2026-01-14 03:40:00,977,55.58,USD,groceries,bank_transfer,BR,desktop,0,0
3790,2026-01-14 03:45:00,317,21.97,USD,groceries,card,AR,desktop,0,0
3791,2026-01-14 03:50:00,113,34.34,USD,utilities,pix,CO,mobile,1,0
3792,2026-01-14 03:55:00,178,70.15,USD,groceries,card,AR,desktop,0,0
3793,2026-01-14 04:00:00,256,35.91,USD,transport,pix,BR,mobile,0,0
3794,2026-01-14 04:05:00,656,149.59,USD,utilities,digital_wallet,CO,mobile,1,0
3795,2026-01-14 04:10:00,892,102.21,USD,restaurants,card,BR,desktop,0,0
3796,2026-01-14 04:15:00,276,29.41,USD,travel,pix,BR,mobile,0,0
3797,2026-01-14 04:20:00,688,27.17,USD,groceries,digital_wallet,MX,mobile,1,0
3798,2026-01-14 04:25:00,65,1.91,USD,travel,card,AR,desktop,1,0
3799,2026-01-14 04:30:00,11,23.89,USD,entertainment,pix,BR,mobile,0,0
3800,2026-01-14 04:35:00,55,8.56,USD,restaurants,digital_wallet,BR,desktop,0,0
3801,2026-01-14 04:40:00,924,41.32,USD,transport,card,AR,mobile,1,0
3802,2026-01-14 04:45:00,582,38.59,USD,travel,card,BR,mobile,1,0
3803,2026-01-14 04:50:00,806,66.41,USD,utilities,card,BR,mobile,1,0
3804,2026-01-14 04:55:00,22,133.84,USD,travel,card,CL,mobile,1,0
3805,2026-01-14 05:00:00,23,32.26,USD,entertainment,card,CL,desktop,1,0
3806,2026-01-14 05:05:00,849,323.89,USD,electronics,card,BR,desktop,0,0
3807,2026-01-14 05:10:00,103,41.78,USD,restaurants,card,AR,mobile,1,0
3808,2026-01-14 05:15:00,156,8.93,USD,online_services,bank_transfer,AR,mobile,0,0
3809,2026-01-14 05:20:00,519,18.88,USD,utilities,card,BR,mobile,0,0
3810,2026-01-14 05:25:00,607,22.81,USD,groceries,pix,BR,mobile,0,0
3811,2026-01-14 05:30:00,229,59.87,USD,transport,card,BR,mobile,0,0
3812,2026-01-14 05:35:00,445,12.84,USD,electronics,pix,BR,mobile,1,0
3813,2026-01-14 05:40:00,675,24.58,USD,groceries,card,MX,mobile,0,0
3814,2026-01-14 05:45:00,443,28.19,USD,utilities,card,AR,mobile,1,0
3815,2026-01-14 05:50:00,383,21.16,USD,restaurants,digital_wallet,PT,mobile,1,0
3816,2026-01-14 05:55:00,72,74.55,USD,restaurants,bank_transfer,BR,mobile,1,0
3817,2026-01-14 06:00:00,452,62.89,USD,transport,pix,CL,tablet,1,0
3818,2026-01-14 06:05:00,803,106.33,USD,online_services,pix,AR,mobile,1,0
3819,2026-01-14 06:10:00,627,23.78,USD,restaurants,card,CO,mobile,1,0
3820,2026-01-14 06:15:00,894,110.23,USD,electronics,card,US,mobile,1,0
3821,2026-01-14 06:20:00,127,8.47,USD,entertainment,pix,AR,mobile,1,0
3822,2026-01-14 06:25:00,12,8.26,USD,restaurants,bank_transfer,AR,mobile,1,0
3823,2026-01-14 06:30:00,549,9.84,USD,groceries,digital_wallet,US,desktop,1,0
3824,2026-01-14 06:35:00,179,33.42,USD,groceries,pix,US,mobile,1,0
3825,2026-01-14 06:40:00,594,110.21,USD,restaurants,card,PT,tablet,1,1
3826,2026-01-14 06:45:00,904,18.14,USD,transport,pix,BR,mobile,0,0
3827,2026-01-14 06:50:00,338,20.56,USD,online_services,pix,BR,desktop,0,0
3828,2026-01-14 06:55:00,550,26.68,USD,online_services,card,BR,mobile,0,0
3829,2026-01-14 07:00:00,682,58.72,USD,travel,card,CO,mobile,1,0
3830,2026-01-14 07:05:00,151,20.54,USD,online_services,card,BR,desktop,1,0
3831,2026-01-14 07:10:00,898,19.43,USD,groceries,card,BR,mobile,0,0
3832,2026-01-14 07:15:00,203,8.62,USD,travel,bank_transfer,AR,mobile,1,0
3833,2026-01-14 07:20:00,809,18.7,USD,electronics,card,BR,mobile,0,0
3834,2026-01-14 07:25:00,660,107.5,USD,groceries,pix,CO,mobile,1,0
3835,2026-01-14 07:30:00,141,36.27,USD,travel,card,BR,mobile,1,0
3836,2026-01-14 07:35:00,725,15.8,USD,electronics,card,MX,desktop,1,0
3837,2026-01-14 07:40:00,197,113.99,USD,utilities,pix,BR,mobile,1,0
3838,2026-01-14 07:45:00,600,18.44,USD,electronics,pix,AR,desktop,1,0
3839,2026-01-14 07:50:00,960,137.0,USD,electronics,bank_transfer,AR,desktop,1,0
3840,2026-01-14 07:55:00,954,134.78,USD,restaurants,pix,BR,desktop,1,0
3841,2026-01-14 08:00:00,872,35.02,USD,electronics,bank_transfer,BR,mobile,1,0
3842,2026-01-14 08:05:00,495,7.4,USD,groceries,card,MX,mobile,1,0
3843,2026-01-14 08:10:00,560,326.85,USD,travel,pix,AR,desktop,0,0
3844,2026-01-14 08:15:00,301,48.78,USD,electronics,card,BR,desktop,1,0
3845,2026-01-14 08:20:00,921,23.95,USD,transport,pix,CO,mobile,1,0
3846,2026-01-14 08:25:00,478,86.15,USD,transport,pix,BR,desktop,0,0
3847,2026-01-14 08:30:00,772,66.84,USD,online_services,card,AR,mobile,0,0
3848,2026-01-14 08:35:00,360,122.85,USD,entertainment,pix,AR,mobile,1,0
3849,2026-01-14 08:40:00,741,17.08,USD,utilities,pix,AR,mobile,1,0
3850,2026-01-14 08:45:00,225,45.53,USD,electronics,card,BR,mobile,0,0
3851,2026-01-14 08:50:00,734,10.12,USD,electronics,pix,BR,mobile,1,0
3852,2026-01-14 08:55:00,46,64.48,USD,groceries,bank_transfer,BR,mobile,1,1
3853,2026-01-14 09:00:00,105,32.36,USD,entertainment,card,BR,mobile,0,0
3854,2026-01-14 09:05:00,353,43.86,USD,groceries,pix,CL,mobile,1,0
3855,2026-01-14 09:10:00,483,28.61,USD,online_services,bank_transfer,CL,mobile,0,0
3856,2026-01-14 09:15:00,712,25.76,USD,entertainment,card,BR,mobile,0,0
3857,2026-01-14 09:20:00,360,13.9,USD,electronics,card,BR,mobile,1,0
3858,2026-01-14 09:25:00,19,73.0,USD,entertainment,pix,CL,mobile,0,0
3859,2026-01-14 09:30:00,326,146.89,USD,online_services,pix,AR,mobile,1,0
3860,2026-01-14 09:35:00,440,18.98,USD,restaurants,bank_transfer,MX,mobile,1,0
3861,2026-01-14 09:40:00,544,57.6,USD,entertainment,pix,BR,mobile,0,0
3862,2026-01-14 09:45:00,645,51.02,USD,utilities,pix,BR,desktop,1,0
3863,2026-01-14 09:50:00,248,33.38,USD,travel,pix,BR,mobile,0,0
3864,2026-01-14 09:55:00,611,7.2,USD,entertainment,card,CL,mobile,1,0
3865,2026-01-14 10:00:00,632,9.01,USD,travel,pix,AR,desktop,1,0
3866,2026-01-14 10:05:00,777,15.17,USD,restaurants,card,BR,mobile,1,0
3867,2026-01-14 10:10:00,523,3.9,USD,online_services,digital_wallet,BR,mobile,1,0
3868,2026-01-14 10:15:00,811,135.37,USD,transport,card,CL,desktop,1,0
3869,2026-01-14 10:20:00,222,47.83,USD,electronics,card,BR,mobile,1,0
3870,2026-01-14 10:25:00,712,32.14,USD,online_services,bank_transfer,CL,tablet,1,0
3871,2026-01-14 10:30:00,46,3.71,USD,groceries,card,BR,mobile,1,0
3872,2026-01-14 10:35:00,103,5.34,USD,electronics,card,BR,desktop,0,0
3873,2026-01-14 10:40:00,865,33.04,USD,travel,digital_wallet,BR,desktop,1,0
3874,2026-01-14 10:45:00,476,237.58,USD,restaurants,bank_transfer,PT,desktop,1,0
3875,2026-01-14 10:50:00,621,16.47,USD,entertainment,card,BR,mobile,1,0
3876,2026-01-14 10:55:00,604,78.55,USD,travel,card,BR,mobile,1,0
3877,2026-01-14 11:00:00,695,20.49,USD,transport,pix,MX,mobile,1,0
3878,2026-01-14 11:05:00,246,35.0,USD,restaurants,pix,BR,mobile,0,0
3879,2026-01-14 11:10:00,179,111.57,USD,transport,card,BR,desktop,0,0
3880,2026-01-14 11:15:00,43,23.43,USD,utilities,card,BR,mobile,1,0
3881,2026-01-14 11:20:00,865,16.61,USD,travel,bank_transfer,CL,mobile,0,0
3882,2026-01-14 11:25:00,224,136.74,USD,utilities,card,BR,mobile,0,0
3883,2026-01-14 11:30:00,576,34.66,USD,entertainment,bank_transfer,MX,mobile,1,0
3884,2026-01-14 11:35:00,455,98.61,USD,utilities,card,CO,mobile,1,0
3885,2026-01-14 11:40:00,163,16.69,USD,utilities,pix,AR,mobile,1,0
3886,2026-01-14 11:45:00,414,135.19,USD,travel,pix,BR,mobile,1,0
3887,2026-01-14 11:50:00,84,43.54,USD,transport,card,MX,mobile,0,0
3888,2026-01-14 11:55:00,177,51.15,USD,entertainment,pix,US,desktop,1,0
3889,2026-01-14 12:00:00,140,37.77,USD,online_services,card,MX,mobile,1,0
3890,2026-01-14 12:05:00,825,19.98,USD,transport,bank_transfer,BR,mobile,1,0
3891,2026-01-14 12:10:00,568,33.06,USD,electronics,pix,CL,mobile,1,0
3892,2026-01-14 12:15:00,926,21.27,USD,online_services,card,CO,mobile,1,0
3893,2026-01-14 12:20:00,436,86.45,USD,travel,pix,US,mobile,1,0
3894,2026-01-14 12:25:00,202,27.03,USD,restaurants,digital_wallet,BR,desktop,0,0
3895,2026-01-14 12:30:00,609,7.41,USD,transport,card,MX,mobile,1,0
3896,2026-01-14 12:35:00,930,6.18,USD,transport,card,CL,mobile,1,0
3897,2026-01-14 12:40:00,533,5.89,USD,electronics,bank_transfer,US,mobile,1,0
3898,2026-01-14 12:45:00,18,61.43,USD,online_services,card,CL,mobile,1,0
3899,2026-01-14 12:50:00,304,10.47,USD,utilities,pix,US,desktop,1,0
3900,2026-01-14 12:55:00,925,44.71,USD,online_services,card,BR,mobile,1,0
3901,2026-01-14 13:00:00,519,37.96,USD,entertainment,pix,BR,mobile,0,0
3902,2026-01-14 13:05:00,952,31.04,USD,travel,card,BR,mobile,1,1
3903,2026-01-14 13:10:00,510,51.34,USD,entertainment,card,MX,mobile,1,0
3904,2026-01-14 13:15:00,13,38.8,USD,electronics,bank_transfer,BR,mobile,0,0
3905,2026-01-14 13:20:00,874,2.2,USD,groceries,pix,CL,mobile,1,0
3906,2026-01-14 13:25:00,764,23.96,USD,groceries,card,PT,mobile,1,0
3907,2026-01-14 13:30:00,716,50.66,USD,travel,pix,US,desktop,1,0
3908,2026-01-14 13:35:00,971,170.76,USD,entertainment,pix,CL,mobile,1,0
3909,2026-01-14 13:40:00,197,178.83,USD,transport,card,MX,mobile,1,0
3910,2026-01-14 13:45:00,906,8.47,USD,groceries,pix,BR,mobile,1,0
3911,2026-01-14 13:50:00,233,23.34,USD,groceries,digital_wallet,AR,mobile,1,0
3912,2026-01-14 13:55:00,971,6.92,USD,transport,card,AR,mobile,1,0
3913,2026-01-14 14:00:00,192,151.39,USD,utilities,bank_transfer,MX,mobile,1,0
3914,2026-01-14 14:05:00,551,91.18,USD,electronics,pix,BR,mobile,0,0
3915,2026-01-14 14:10:00,790,47.02,USD,online_services,card,BR,desktop,0,0
3916,2026-01-14 14:15:00,79,39.1,USD,online_services,pix,CL,mobile,1,0
3917,2026-01-14 14:20:00,67,131.71,USD,utilities,card,AR,mobile,1,0
3918,2026-01-14 14:25:00,850,111.2,USD,online_services,bank_transfer,MX,mobile,1,0
3919,2026-01-14 14:30:00,61,105.43,USD,restaurants,pix,AR,mobile,1,0
3920,2026-01-14 14:35:00,614,52.28,USD,online_services,card,MX,mobile,1,0
3921,2026-01-14 14:40:00,939,23.35,USD,online_services,card,AR,mobile,1,0
3922,2026-01-14 14:45:00,615,71.32,USD,utilities,card,MX,mobile,1,0
3923,2026-01-14 14:50:00,482,74.89,USD,restaurants,pix,CO,mobile,1,0
3924,2026-01-14 14:55:00,418,27.37,USD,transport,digital_wallet,BR,mobile,1,0
3925,2026-01-14 15:00:00,639,23.31,USD,entertainment,bank_transfer,BR,mobile,1,0
3926,2026-01-14 15:05:00,572,102.85,USD,groceries,bank_transfer,US,mobile,1,0
3927,2026-01-14 15:10:00,502,174.88,USD,utilities,pix,BR,mobile,0,0
3928,2026-01-14 15:15:00,154,15.65,USD,electronics,card,CL,desktop,1,0
3929,2026-01-14 15:20:00,663,25.45,USD,groceries,pix,BR,desktop,1,0
3930,2026-01-14 15:25:00,740,47.04,USD,transport,card,CO,mobile,1,0
3931,2026-01-14 15:30:00,709,53.87,USD,electronics,card,BR,mobile,1,0
3932,2026-01-14 15:35:00,76,19.64,USD,entertainment,card,AR,mobile,1,0
3933,2026-01-14 15:40:00,703,217.79,USD,travel,digital_wallet,AR,desktop,1,1
3934,2026-01-14 15:45:00,730,50.51,USD,transport,pix,BR,mobile,1,0
3935,2026-01-14 15:50:00,184,56.34,USD,travel,card,AR,mobile,1,0
3936,2026-01-14 15:55:00,849,192.27,USD,online_services,digital_wallet,US,desktop,1,0
3937,2026-01-14 16:00:00,524,21.14,USD,transport,bank_transfer,CL,mobile,1,0
3938,2026-01-14 16:05:00,473,30.31,USD,transport,pix,PT,tablet,1,0
3939,2026-01-14 16:10:00,723,9.46,USD,groceries,card,MX,mobile,1,0
3940,2026-01-14 16:15:00,510,27.87,USD,electronics,card,CL,mobile,1,0
3941,2026-01-14 16:20:00,545,7.47,USD,transport,card,AR,mobile,1,0
3942,2026-01-14 16:25:00,313,69.95,USD,utilities,pix,US,desktop,1,0
3943,2026-01-14 16:30:00,928,50.4,USD,groceries,pix,AR,mobile,1,0
3944,2026-01-14 16:35:00,970,25.1,USD,travel,card,BR,mobile,1,0
3945,2026-01-14 16:40:00,131,29.95,USD,utilities,card,MX,mobile,1,0
3946,2026-01-14 16:45:00,734,70.91,USD,transport,pix,US,mobile,1,0
3947,2026-01-14 16:50:00,24,10.64,USD,groceries,bank_transfer,AR,mobile,1,0
3948,2026-01-14 16:55:00,369,40.62,USD,entertainment,card,BR,mobile,1,0
3949,2026-01-14 17:00:00,970,66.65,USD,travel,pix,CL,mobile,1,0
3950,2026-01-14 17:05:00,175,5.57,USD,travel,digital_wallet,CO,mobile,1,0
3951,2026-01-14 17:10:00,377,65.69,USD,online_services,pix,BR,mobile,0,0
3952,2026-01-14 17:15:00,220,6.21,USD,groceries,card,CO,mobile,1,0
3953,2026-01-14 17:20:00,729,29.44,USD,restaurants,pix,AR,mobile,0,0
3954,2026-01-14 17:25:00,464,10.35,USD,electronics,bank_transfer,BR,desktop,0,0
3955,2026-01-14 17:30:00,594,138.55,USD,travel,bank_transfer,CL,mobile,1,0
3956,2026-01-14 17:35:00,943,10.41,USD,online_services,card,BR,mobile,1,0
3957,2026-01-14 17:40:00,522,6.36,USD,travel,card,MX,desktop,1,0
3958,2026-01-14 17:45:00,735,37.84,USD,restaurants,card,BR,desktop,1,0
3959,2026-01-14 17:50:00,98,21.9,USD,utilities,card,MX,mobile,1,1
3960,2026-01-14 17:55:00,216,7.36,USD,electronics,pix,BR,mobile,0,0
3961,2026-01-14 18:00:00,947,56.03,USD,utilities,card,PT,desktop,1,0
3962,2026-01-14 18:05:00,860,4.52,USD,transport,pix,CO,desktop,1,0
3963,2026-01-14 18:10:00,657,11.75,USD,utilities,pix,BR,mobile,1,0
3964,2026-01-14 18:15:00,379,18.63,USD,travel,pix,PT,mobile,1,0
3965,2026-01-14 18:20:00,200,73.86,USD,travel,card,AR,mobile,1,0
3966,2026-01-14 18:25:00,852,120.96,USD,online_services,card,AR,tablet,1,0
3967,2026-01-14 18:30:00,786,99.76,USD,restaurants,card,US,mobile,1,0
3968,2026-01-14 18:35:00,242,28.41,USD,transport,digital_wallet,US,desktop,1,0
3969,2026-01-14 18:40:00,590,2.92,USD,restaurants,card,CL,mobile,1,0
3970,2026-01-14 18:45:00,619,48.95,USD,utilities,card,PT,mobile,1,0
3971,2026-01-14 18:50:00,478,144.11,USD,utilities,card,BR,mobile,0,0
3972,2026-01-14 18:55:00,927,113.73,USD,utilities,pix,BR,mobile,0,0
3973,2026-01-14 19:00:00,125,52.61,USD,restaurants,pix,BR,mobile,0,0
3974,2026-01-14 19:05:00,258,10.08,USD,transport,digital_wallet,BR,desktop,1,0
3975,2026-01-14 19:10:00,96,19.58,USD,electronics,card,CL,mobile,1,0
3976,2026-01-14 19:15:00,693,229.02,USD,utilities,card,BR,mobile,1,0
3977,2026-01-14 19:20:00,645,8.03,USD,utilities,bank_transfer,AR,tablet,1,0
3978,2026-01-14 19:25:00,988,10.51,USD,online_services,card,BR,mobile,0,0
3979,2026-01-14 19:30:00,543,84.99,USD,utilities,card,BR,desktop,1,0
3980,2026-01-14 19:35:00,151,21.52,USD,online_services,digital_wallet,CO,mobile,1,0
3981,2026-01-14 19:40:00,451,10.16,USD,transport,pix,BR,mobile,1,0
3982,2026-01-14 19:45:00,89,152.62,USD,travel,card,CO,mobile,1,0
3983,2026-01-14 19:50:00,671,52.51,USD,travel,digital_wallet,CO,tablet,1,0
3984,2026-01-14 19:55:00,675,22.61,USD,restaurants,card,AR,mobile,1,0
3985,2026-01-14 20:00:00,858,10.53,USD,online_services,card,US,mobile,1,0
3986,2026-01-14 20:05:00,340,256.57,USD,groceries,card,PT,tablet,1,0
3987,2026-01-14 20:10:00,311,32.32,USD,utilities,card,BR,desktop,0,0
3988,2026-01-14 20:15:00,72,133.93,USD,transport,card,CL,mobile,0,0
3989,2026-01-14 20:20:00,416,80.93,USD,restaurants,bank_transfer,BR,mobile,1,0
3990,2026-01-14 20:25:00,476,19.67,USD,travel,digital_wallet,BR,mobile,1,0
3991,2026-01-14 20:30:00,755,19.83,USD,electronics,pix,CL,mobile,0,0
3992,2026-01-14 20:35:00,754,140.66,USD,electronics,digital_wallet,CO,mobile,1,0
3993,2026-01-14 20:40:00,141,142.95,USD,online_services,card,MX,mobile,1,0
3994,2026-01-14 20:45:00,286,5.07,USD,entertainment,card,CO,mobile,1,0
3995,2026-01-14 20:50:00,512,57.38,USD,travel,card,CO,mobile,1,0
3996,2026-01-14 20:55:00,336,29.34,USD,utilities,pix,AR,mobile,0,0
3997,2026-01-14 21:00:00,26,11.78,USD,utilities,card,BR,desktop,0,0
3998,2026-01-14 21:05:00,846,43.02,USD,restaurants,card,BR,mobile,1,0
3999,2026-01-14 21:10:00,732,8.59,USD,electronics,digital_wallet,AR,mobile,1,0
4000,2026-01-14 21:15:00,521,20.77,USD,online_services,card,CO,mobile,1,0
4001,2026-01-14 21:20:00,318,14.9,USD,utilities,pix,BR,mobile,0,0
4002,2026-01-14 21:25:00,843,20.09,USD,groceries,card,BR,mobile,1,0
4003,2026-01-14 21:30:00,36,30.83,USD,restaurants,pix,BR,mobile,0,0
4004,2026-01-14 21:35:00,447,11.99,USD,transport,pix,AR,mobile,1,1
4005,2026-01-14 21:40:00,801,159.68,USD,travel,card,BR,mobile,0,0
4006,2026-01-14 21:45:00,953,54.23,USD,utilities,card,BR,desktop,0,0
4007,2026-01-14 21:50:00,252,199.25,USD,electronics,pix,BR,mobile,1,0
4008,2026-01-14 21:55:00,651,28.22,USD,restaurants,pix,BR,mobile,0,0
4009,2026-01-14 22:00:00,190,19.13,USD,travel,card,AR,desktop,1,0
4010,2026-01-14 22:05:00,116,192.18,USD,restaurants,card,US,mobile,1,0
4011,2026-01-14 22:10:00,354,18.58,USD,entertainment,card,BR,mobile,1,0
4012,2026-01-14 22:15:00,886,27.71,USD,online_services,card,AR,mobile,1,0
4013,2026-01-14 22:20:00,690,68.04,USD,entertainment,bank_transfer,AR,mobile,1,1
4014,2026-01-14 22:25:00,490,9.6,USD,online_services,card,CL,mobile,0,0
4015,2026-01-14 22:30:00,283,67.44,USD,travel,pix,BR,mobile,0,0
4016,2026-01-14 22:35:00,142,59.34,USD,utilities,pix,BR,tablet,1,0
4017,2026-01-14 22:40:00,271,117.84,USD,online_services,bank_transfer,US,desktop,1,0
4018,2026-01-14 22:45:00,153,80.64,USD,restaurants,card,PT,mobile,1,0
4019,2026-01-14 22:50:00,188,121.51,USD,entertainment,pix,BR,mobile,0,0
4020,2026-01-14 22:55:00,688,29.65,USD,transport,pix,AR,mobile,1,0
4021,2026-01-14 23:00:00,133,13.98,USD,groceries,card,BR,mobile,1,0
4022,2026-01-14 23:05:00,48,273.14,USD,restaurants,card,BR,mobile,0,0
4023,2026-01-14 23:10:00,543,7.19,USD,restaurants,bank_transfer,BR,tablet,1,0
4024,2026-01-14 23:15:00,287,7.95,USD,restaurants,card,CO,tablet,1,0
4025,2026-01-14 23:20:00,455,58.27,USD,groceries,card,BR,mobile,0,0
4026,2026-01-14 23:25:00,140,168.17,USD,online_services,pix,BR,mobile,1,0
4027,2026-01-14 23:30:00,210,40.03,USD,electronics,card,BR,mobile,1,0
4028,2026-01-14 23:35:00,442,89.95,USD,restaurants,card,BR,mobile,0,0
4029,2026-01-14 23:40:00,691,4.5,USD,transport,card,BR,mobile,0,0
4030,2026-01-14 23:45:00,415,20.09,USD,entertainment,card,AR,mobile,1,0
4031,2026-01-14 23:50:00,542,5.08,USD,entertainment,pix,AR,mobile,1,0
4032,2026-01-14 23:55:00,522,72.27,USD,groceries,card,AR,mobile,0,0
4033,2026-01-15 00:00:00,269,7.05,USD,restaurants,card,AR,mobile,1,0
4034,2026-01-15 00:05:00,280,9.23,USD,travel,pix,CO,mobile,1,0
4035,2026-01-15 00:10:00,426,55.37,USD,online_services,pix,BR,mobile,0,0
4036,2026-01-15 00:15:00,33,95.76,USD,groceries,pix,BR,desktop,1,1
4037,2026-01-15 00:20:00,686,28.25,USD,utilities,card,US,mobile,1,0
4038,2026-01-15 00:25:00,615,58.57,USD,groceries,card,CL,desktop,1,0
4039,2026-01-15 00:30:00,307,56.7,USD,electronics,digital_wallet,AR,mobile,0,0
4040,2026-01-15 00:35:00,374,26.7,USD,restaurants,card,BR,mobile,0,0
4041,2026-01-15 00:40:00,329,11.08,USD,electronics,card,BR,mobile,1,0
4042,2026-01-15 00:45:00,652,58.26,USD,online_services,pix,BR,mobile,1,0
4043,2026-01-15 00:50:00,760,61.14,USD,restaurants,bank_transfer,US,mobile,1,0
4044,2026-01-15 00:55:00,109,80.97,USD,entertainment,digital_wallet,AR,desktop,1,0
4045,2026-01-15 01:00:00,414,45.24,USD,transport,card,BR,mobile,1,0
4046,2026-01-15 01:05:00,14,10.29,USD,entertainment,digital_wallet,BR,mobile,1,0
4047,2026-01-15 01:10:00,453,66.05,USD,groceries,card,BR,mobile,0,0
4048,2026-01-15 01:15:00,249,33.07,USD,transport,bank_transfer,BR,mobile,1,0
4049,2026-01-15 01:20:00,336,20.44,USD,online_services,card,AR,mobile,0,0
4050,2026-01-15 01:25:00,457,24.66,USD,entertainment,digital_wallet,BR,mobile,1,0
4051,2026-01-15 01:30:00,324,16.61,USD,online_services,bank_transfer,US,mobile,1,0
4052,2026-01-15 01:35:00,395,80.55,USD,entertainment,bank_transfer,CO,mobile,1,0
4053,2026-01-15 01:40:00,765,8.02,USD,restaurants,pix,US,mobile,1,1
4054,2026-01-15 01:45:00,811,12.26,USD,electronics,card,US,mobile,1,0
4055,2026-01-15 01:50:00,6,23.84,USD,online_services,pix,US,mobile,1,0
4056,2026-01-15 01:55:00,378,166.29,USD,entertainment,card,PT,tablet,1,0
4057,2026-01-15 02:00:00,847,95.04,USD,travel,pix,BR,mobile,1,0
4058,2026-01-15 02:05:00,531,6.42,USD,utilities,card,BR,desktop,1,0
4059,2026-01-15 02:10:00,206,127.91,USD,groceries,card,BR,mobile,0,0
4060,2026-01-15 02:15:00,594,127.67,USD,online_services,card,CL,mobile,1,0
4061,2026-01-15 02:20:00,145,10.24,USD,restaurants,bank_transfer,CL,tablet,1,0
4062,2026-01-15 02:25:00,22,2.66,USD,online_services,card,BR,mobile,1,0
4063,2026-01-15 02:30:00,633,30.81,USD,utilities,pix,MX,desktop,1,0
4064,2026-01-15 02:35:00,516,101.74,USD,electronics,card,MX,mobile,1,0
4065,2026-01-15 02:40:00,757,162.59,USD,electronics,card,CL,mobile,1,0
4066,2026-01-15 02:45:00,345,13.86,USD,groceries,pix,BR,tablet,0,0
4067,2026-01-15 02:50:00,855,190.94,USD,transport,card,BR,desktop,0,0
4068,2026-01-15 02:55:00,422,3.57,USD,restaurants,pix,AR,desktop,1,0
4069,2026-01-15 03:00:00,739,22.92,USD,entertainment,card,BR,desktop,1,0
4070,2026-01-15 03:05:00,101,21.82,USD,restaurants,digital_wallet,CL,mobile,1,0
4071,2026-01-15 03:10:00,98,104.83,USD,utilities,card,BR,mobile,0,0
4072,2026-01-15 03:15:00,783,121.3,USD,transport,card,BR,mobile,0,0
4073,2026-01-15 03:20:00,834,85.99,USD,utilities,digital_wallet,BR,mobile,0,0
4074,2026-01-15 03:25:00,943,8.58,USD,transport,bank_transfer,AR,mobile,1,0
4075,2026-01-15 03:30:00,325,78.46,USD,utilities,pix,BR,mobile,1,0
4076,2026-01-15 03:35:00,23,55.09,USD,entertainment,card,PT,desktop,1,1
4077,2026-01-15 03:40:00,980,6.23,USD,online_services,card,BR,mobile,0,0
4078,2026-01-15 03:45:00,602,4.19,USD,travel,pix,US,mobile,1,0
4079,2026-01-15 03:50:00,248,93.5,USD,transport,card,BR,mobile,0,0
4080,2026-01-15 03:55:00,764,27.66,USD,entertainment,card,BR,desktop,1,0
4081,2026-01-15 04:00:00,904,9.16,USD,groceries,pix,PT,desktop,1,0
4082,2026-01-15 04:05:00,285,26.89,USD,online_services,card,CO,mobile,1,0
4083,2026-01-15 04:10:00,770,47.66,USD,entertainment,bank_transfer,CL,mobile,1,0
4084,2026-01-15 04:15:00,788,30.48,USD,groceries,card,CO,mobile,1,0
4085,2026-01-15 04:20:00,502,7.01,USD,restaurants,digital_wallet,BR,desktop,0,0
4086,2026-01-15 04:25:00,633,218.23,USD,groceries,pix,MX,desktop,1,0
4087,2026-01-15 04:30:00,270,90.4,USD,entertainment,digital_wallet,BR,mobile,0,0
4088,2026-01-15 04:35:00,930,23.68,USD,entertainment,bank_transfer,MX,mobile,1,0
4089,2026-01-15 04:40:00,984,24.65,USD,restaurants,card,US,mobile,1,0
4090,2026-01-15 04:45:00,982,47.44,USD,travel,card,US,mobile,1,0
4091,2026-01-15 04:50:00,738,10.7,USD,electronics,card,CO,mobile,1,0
4092,2026-01-15 04:55:00,43,45.73,USD,electronics,pix,CL,desktop,1,0
4093,2026-01-15 05:00:00,367,8.75,USD,travel,card,AR,mobile,1,1
4094,2026-01-15 05:05:00,445,30.86,USD,utilities,pix,BR,mobile,1,0
4095,2026-01-15 05:10:00,960,10.29,USD,online_services,bank_transfer,US,mobile,1,0
4096,2026-01-15 05:15:00,547,10.83,USD,restaurants,card,CL,mobile,0,0
4097,2026-01-15 05:20:00,537,171.7,USD,online_services,pix,BR,mobile,1,0
4098,2026-01-15 05:25:00,147,35.14,USD,travel,bank_transfer,MX,desktop,1,0
4099,2026-01-15 05:30:00,794,40.75,USD,restaurants,bank_transfer,BR,mobile,1,0
4100,2026-01-15 05:35:00,337,4.43,USD,online_services,card,MX,mobile,0,0
4101,2026-01-15 05:40:00,92,18.23,USD,transport,card,MX,mobile,1,0
4102,2026-01-15 05:45:00,988,52.52,USD,electronics,pix,BR,desktop,0,0
4103,2026-01-15 05:50:00,191,40.21,USD,online_services,card,BR,mobile,1,0
4104,2026-01-15 05:55:00,17,3.84,USD,travel,pix,CO,mobile,1,0
4105,2026-01-15 06:00:00,78,40.74,USD,restaurants,digital_wallet,BR,mobile,0,0
4106,2026-01-15 06:05:00,453,47.78,USD,groceries,pix,PT,desktop,1,0
4107,2026-01-15 06:10:00,103,119.55,USD,utilities,card,BR,mobile,0,0
4108,2026-01-15 06:15:00,843,17.2,USD,transport,card,BR,desktop,1,0
4109,2026-01-15 06:20:00,513,3.52,USD,groceries,digital_wallet,BR,mobile,0,0
4110,2026-01-15 06:25:00,324,12.22,USD,groceries,card,MX,desktop,1,0
4111,2026-01-15 06:30:00,4,11.06,USD,online_services,card,AR,mobile,1,0
4112,2026-01-15 06:35:00,480,69.18,USD,travel,pix,MX,tablet,1,0
4113,2026-01-15 06:40:00,152,2.19,USD,travel,pix,PT,mobile,1,0
4114,2026-01-15 06:45:00,979,21.15,USD,travel,card,CL,mobile,1,0
4115,2026-01-15 06:50:00,292,137.8,USD,electronics,pix,BR,desktop,0,0
4116,2026-01-15 06:55:00,475,33.36,USD,online_services,pix,BR,desktop,1,0
4117,2026-01-15 07:00:00,19,81.15,USD,travel,card,US,mobile,1,0
4118,2026-01-15 07:05:00,131,6.41,USD,entertainment,card,BR,mobile,0,0
4119,2026-01-15 07:10:00,208,6.67,USD,online_services,pix,US,mobile,1,0
4120,2026-01-15 07:15:00,52,139.39,USD,groceries,card,US,mobile,1,1
4121,2026-01-15 07:20:00,726,36.64,USD,transport,digital_wallet,CL,mobile,1,0
4122,2026-01-15 07:25:00,946,36.72,USD,utilities,card,CL,mobile,0,0
4123,2026-01-15 07:30:00,986,10.82,USD,groceries,pix,PT,mobile,1,0
4124,2026-01-15 07:35:00,266,36.63,USD,transport,pix,CO,mobile,1,0
4125,2026-01-15 07:40:00,789,10.53,USD,restaurants,pix,CL,mobile,1,0
4126,2026-01-15 07:45:00,505,108.51,USD,entertainment,card,BR,mobile,0,0
4127,2026-01-15 07:50:00,46,506.66,USD,utilities,pix,AR,mobile,1,0
4128,2026-01-15 07:55:00,91,53.73,USD,transport,digital_wallet,BR,tablet,0,0
4129,2026-01-15 08:00:00,548,17.55,USD,entertainment,card,US,mobile,1,0
4130,2026-01-15 08:05:00,424,2.63,USD,utilities,card,CL,desktop,1,0
4131,2026-01-15 08:10:00,9,6.14,USD,online_services,card,MX,tablet,1,0
4132,2026-01-15 08:15:00,931,156.78,USD,online_services,card,BR,mobile,1,0
4133,2026-01-15 08:20:00,731,11.83,USD,electronics,card,US,mobile,1,0
4134,2026-01-15 08:25:00,503,22.85,USD,groceries,bank_transfer,BR,mobile,0,0
4135,2026-01-15 08:30:00,987,63.77,USD,entertainment,digital_wallet,CO,mobile,1,0
4136,2026-01-15 08:35:00,972,145.81,USD,travel,digital_wallet,BR,mobile,1,0
4137,2026-01-15 08:40:00,974,27.12,USD,electronics,card,US,mobile,1,0
4138,2026-01-15 08:45:00,259,22.09,USD,travel,pix,CL,desktop,1,0
4139,2026-01-15 08:50:00,881,35.57,USD,entertainment,card,AR,mobile,1,0
4140,2026-01-15 08:55:00,505,17.68,USD,transport,card,BR,mobile,0,0
4141,2026-01-15 09:00:00,727,18.66,USD,transport,pix,BR,mobile,1,0
4142,2026-01-15 09:05:00,860,49.99,USD,transport,card,BR,mobile,1,0
4143,2026-01-15 09:10:00,164,39.86,USD,electronics,card,BR,mobile,1,0
4144,2026-01-15 09:15:00,449,279.11,USD,entertainment,bank_transfer,AR,mobile,1,0
4145,2026-01-15 09:20:00,129,51.36,USD,groceries,bank_transfer,AR,mobile,1,0
4146,2026-01-15 09:25:00,280,104.7,USD,transport,digital_wallet,BR,mobile,0,0
4147,2026-01-15 09:30:00,414,11.34,USD,entertainment,card,CO,mobile,1,0
4148,2026-01-15 09:35:00,856,55.99,USD,groceries,bank_transfer,BR,mobile,0,0
4149,2026-01-15 09:40:00,863,16.07,USD,utilities,card,BR,mobile,1,0
4150,2026-01-15 09:45:00,390,49.18,USD,utilities,card,US,mobile,1,0
4151,2026-01-15 09:50:00,330,65.92,USD,transport,pix,BR,mobile,1,0
4152,2026-01-15 09:55:00,531,34.81,USD,entertainment,pix,CL,mobile,1,0
4153,2026-01-15 10:00:00,912,367.72,USD,electronics,card,US,mobile,1,0
4154,2026-01-15 10:05:00,977,138.1,USD,transport,bank_transfer,CO,mobile,1,0
4155,2026-01-15 10:10:00,227,107.47,USD,restaurants,card,AR,desktop,1,0
4156,2026-01-15 10:15:00,187,71.11,USD,online_services,digital_wallet,AR,mobile,1,0
4157,2026-01-15 10:20:00,707,193.13,USD,utilities,card,MX,mobile,0,0
4158,2026-01-15 10:25:00,302,7.87,USD,online_services,pix,MX,mobile,1,0
4159,2026-01-15 10:30:00,200,130.36,USD,restaurants,digital_wallet,BR,mobile,0,0
4160,2026-01-15 10:35:00,32,12.29,USD,online_services,pix,CL,desktop,1,0
4161,2026-01-15 10:40:00,404,18.83,USD,entertainment,bank_transfer,US,mobile,1,0
4162,2026-01-15 10:45:00,392,58.06,USD,travel,pix,MX,mobile,1,0
4163,2026-01-15 10:50:00,564,113.66,USD,transport,card,BR,mobile,1,0
4164,2026-01-15 10:55:00,201,10.45,USD,restaurants,pix,BR,mobile,1,0
4165,2026-01-15 11:00:00,715,19.84,USD,transport,pix,AR,mobile,1,0
4166,2026-01-15 11:05:00,681,36.51,USD,restaurants,card,BR,tablet,1,1
4167,2026-01-15 11:10:00,463,27.48,USD,utilities,card,CL,mobile,1,0
4168,2026-01-15 11:15:00,182,77.79,USD,online_services,card,AR,mobile,1,0
4169,2026-01-15 11:20:00,507,1028.57,USD,online_services,card,BR,mobile,1,0
4170,2026-01-15 11:25:00,675,50.37,USD,online_services,digital_wallet,BR,mobile,1,0
4171,2026-01-15 11:30:00,373,15.88,USD,restaurants,digital_wallet,US,mobile,1,0
4172,2026-01-15 11:35:00,264,9.06,USD,entertainment,pix,US,desktop,1,0
4173,2026-01-15 11:40:00,507,23.92,USD,utilities,card,MX,mobile,1,0
4174,2026-01-15 11:45:00,356,12.93,USD,travel,card,US,tablet,1,0
4175,2026-01-15 11:50:00,401,52.85,USD,travel,card,PT,mobile,1,0
4176,2026-01-15 11:55:00,349,52.04,USD,electronics,card,AR,mobile,1,0
4177,2026-01-15 12:00:00,304,20.84,USD,utilities,bank_transfer,BR,mobile,1,0
4178,2026-01-15 12:05:00,717,241.04,USD,entertainment,pix,MX,mobile,1,0
4179,2026-01-15 12:10:00,461,15.87,USD,entertainment,pix,CL,mobile,1,0
4180,2026-01-15 12:15:00,467,29.39,USD,groceries,card,BR,mobile,0,0
4181,2026-01-15 12:20:00,654,62.75,USD,online_services,digital_wallet,PT,mobile,1,0
4182,2026-01-15 12:25:00,362,80.81,USD,travel,card,BR,mobile,1,0
4183,2026-01-15 12:30:00,102,118.82,USD,online_services,card,US,tablet,1,0
4184,2026-01-15 12:35:00,853,50.83,USD,entertainment,card,AR,desktop,1,0
4185,2026-01-15 12:40:00,56,94.72,USD,travel,card,BR,mobile,0,0
4186,2026-01-15 12:45:00,572,17.03,USD,utilities,pix,US,mobile,1,0
4187,2026-01-15 12:50:00,266,82.94,USD,restaurants,pix,CO,mobile,1,0
4188,2026-01-15 12:55:00,214,81.84,USD,electronics,pix,CL,mobile,1,0
4189,2026-01-15 13:00:00,42,150.34,USD,groceries,card,CL,mobile,1,0
4190,2026-01-15 13:05:00,901,6.24,USD,entertainment,digital_wallet,BR,mobile,1,0
4191,2026-01-15 13:10:00,430,13.37,USD,transport,pix,BR,mobile,1,0
4192,2026-01-15 13:15:00,343,75.43,USD,groceries,bank_transfer,BR,mobile,1,0
4193,2026-01-15 13:20:00,742,2.34,USD,utilities,card,BR,mobile,1,0
4194,2026-01-15 13:25:00,39,54.16,USD,restaurants,digital_wallet,BR,mobile,1,0
4195,2026-01-15 13:30:00,565,95.56,USD,restaurants,pix,AR,mobile,1,0
4196,2026-01-15 13:35:00,495,18.61,USD,restaurants,pix,BR,mobile,0,0
4197,2026-01-15 13:40:00,554,21.54,USD,travel,card,AR,mobile,1,0
4198,2026-01-15 13:45:00,124,11.31,USD,transport,card,BR,mobile,0,0
4199,2026-01-15 13:50:00,953,19.66,USD,travel,bank_transfer,BR,mobile,0,0
4200,2026-01-15 13:55:00,239,20.24,USD,transport,card,US,mobile,1,0
4201,2026-01-15 14:00:00,679,16.73,USD,utilities,pix,PT,desktop,1,0
4202,2026-01-15 14:05:00,748,15.84,USD,transport,pix,MX,mobile,1,0
4203,2026-01-15 14:10:00,344,25.25,USD,utilities,bank_transfer,BR,mobile,0,0
4204,2026-01-15 14:15:00,131,24.95,USD,electronics,card,CO,mobile,1,0
4205,2026-01-15 14:20:00,297,215.75,USD,groceries,digital_wallet,BR,mobile,1,0
4206,2026-01-15 14:25:00,807,22.33,USD,electronics,card,AR,mobile,1,0
4207,2026-01-15 14:30:00,907,46.72,USD,restaurants,bank_transfer,US,mobile,1,0
4208,2026-01-15 14:35:00,937,18.6,USD,electronics,card,BR,mobile,0,0
4209,2026-01-15 14:40:00,227,18.36,USD,groceries,card,US,mobile,1,0
4210,2026-01-15 14:45:00,607,6.02,USD,utilities,card,CO,mobile,1,0
4211,2026-01-15 14:50:00,152,6.88,USD,travel,bank_transfer,BR,mobile,0,0
4212,2026-01-15 14:55:00,711,9.9,USD,restaurants,pix,BR,desktop,0,0
4213,2026-01-15 15:00:00,416,39.79,USD,online_services,card,MX,desktop,0,0
4214,2026-01-15 15:05:00,714,97.14,USD,transport,card,AR,mobile,1,0
4215,2026-01-15 15:10:00,686,5.55,USD,restaurants,pix,BR,tablet,1,0
4216,2026-01-15 15:15:00,993,19.12,USD,groceries,card,BR,mobile,1,0
4217,2026-01-15 15:20:00,489,8.44,USD,restaurants,card,PT,desktop,1,0
4218,2026-01-15 15:25:00,342,25.42,USD,groceries,pix,BR,tablet,1,1
4219,2026-01-15 15:30:00,527,97.1,USD,electronics,card,PT,mobile,1,0
4220,2026-01-15 15:35:00,163,21.18,USD,travel,card,CL,mobile,1,0
4221,2026-01-15 15:40:00,112,31.58,USD,transport,card,BR,desktop,1,0
4222,2026-01-15 15:45:00,520,141.92,USD,online_services,pix,BR,mobile,1,0
4223,2026-01-15 15:50:00,826,52.35,USD,online_services,pix,CO,mobile,0,0
4224,2026-01-15 15:55:00,534,15.49,USD,transport,card,BR,desktop,0,0
4225,2026-01-15 16:00:00,782,38.82,USD,entertainment,pix,BR,mobile,1,0
4226,2026-01-15 16:05:00,178,14.48,USD,electronics,card,BR,mobile,1,0
4227,2026-01-15 16:10:00,450,50.42,USD,transport,card,US,mobile,1,0
4228,2026-01-15 16:15:00,614,55.44,USD,restaurants,card,CL,desktop,1,0
4229,2026-01-15 16:20:00,348,8.44,USD,travel,card,AR,mobile,0,0
4230,2026-01-15 16:25:00,15,39.45,USD,restaurants,pix,BR,desktop,1,0
4231,2026-01-15 16:30:00,74,29.44,USD,entertainment,card,AR,mobile,0,0
4232,2026-01-15 16:35:00,928,57.09,USD,online_services,digital_wallet,MX,mobile,1,0
4233,2026-01-15 16:40:00,606,76.05,USD,transport,digital_wallet,BR,mobile,1,0
4234,2026-01-15 16:45:00,265,53.38,USD,travel,card,PT,mobile,1,0
4235,2026-01-15 16:50:00,259,24.45,USD,online_services,pix,US,mobile,1,0
4236,2026-01-15 16:55:00,40,84.21,USD,entertainment,pix,BR,mobile,0,0
4237,2026-01-15 17:00:00,945,13.83,USD,electronics,card,US,mobile,1,0
4238,2026-01-15 17:05:00,109,8.84,USD,online_services,card,CL,mobile,1,0
4239,2026-01-15 17:10:00,760,1.36,USD,groceries,digital_wallet,CL,mobile,1,0
4240,2026-01-15 17:15:00,241,30.87,USD,travel,card,BR,mobile,1,0
4241,2026-01-15 17:20:00,336,14.56,USD,transport,pix,US,desktop,1,0
4242,2026-01-15 17:25:00,274,49.29,USD,restaurants,pix,AR,mobile,0,0
4243,2026-01-15 17:30:00,825,4.61,USD,travel,card,MX,desktop,1,0
4244,2026-01-15 17:35:00,33,17.34,USD,entertainment,pix,BR,mobile,1,0
4245,2026-01-15 17:40:00,353,53.0,USD,entertainment,digital_wallet,BR,desktop,0,0
4246,2026-01-15 17:45:00,280,11.82,USD,entertainment,card,PT,desktop,1,0
4247,2026-01-15 17:50:00,273,49.86,USD,transport,card,AR,mobile,1,1
4248,2026-01-15 17:55:00,193,18.97,USD,electronics,card,BR,mobile,0,0
4249,2026-01-15 18:00:00,913,32.05,USD,groceries,bank_transfer,MX,mobile,1,0
4250,2026-01-15 18:05:00,379,60.05,USD,travel,pix,BR,desktop,1,0
4251,2026-01-15 18:10:00,419,85.87,USD,utilities,pix,US,mobile,1,1
4252,2026-01-15 18:15:00,386,36.32,USD,electronics,bank_transfer,US,mobile,1,0
4253,2026-01-15 18:20:00,981,14.67,USD,transport,digital_wallet,BR,desktop,1,0
4254,2026-01-15 18:25:00,340,20.95,USD,transport,card,AR,tablet,0,0
4255,2026-01-15 18:30:00,342,62.61,USD,entertainment,bank_transfer,PT,mobile,1,0
4256,2026-01-15 18:35:00,328,11.93,USD,entertainment,card,US,mobile,1,0
4257,2026-01-15 18:40:00,327,27.71,USD,electronics,card,AR,mobile,1,0
4258,2026-01-15 18:45:00,90,22.51,USD,restaurants,card,CL,mobile,1,0
4259,2026-01-15 18:50:00,605,29.86,USD,electronics,card,CL,mobile,1,1
4260,2026-01-15 18:55:00,26,12.07,USD,transport,bank_transfer,BR,tablet,0,0
4261,2026-01-15 19:00:00,226,5.2,USD,groceries,pix,CL,mobile,1,0
4262,2026-01-15 19:05:00,203,55.74,USD,electronics,pix,BR,mobile,0,0
4263,2026-01-15 19:10:00,292,86.85,USD,utilities,card,BR,mobile,0,0
4264,2026-01-15 19:15:00,757,5.52,USD,travel,card,BR,mobile,0,0
4265,2026-01-15 19:20:00,600,47.89,USD,restaurants,digital_wallet,US,mobile,1,0
4266,2026-01-15 19:25:00,991,97.83,USD,utilities,bank_transfer,BR,mobile,1,0
4267,2026-01-15 19:30:00,352,60.09,USD,restaurants,pix,BR,mobile,1,0
4268,2026-01-15 19:35:00,929,21.83,USD,travel,card,BR,mobile,0,0
4269,2026-01-15 19:40:00,45,12.89,USD,travel,card,BR,mobile,1,0
4270,2026-01-15 19:45:00,505,35.91,USD,entertainment,digital_wallet,PT,mobile,1,0
4271,2026-01-15 19:50:00,799,42.43,USD,utilities,card,BR,mobile,1,1
4272,2026-01-15 19:55:00,532,36.45,USD,transport,card,BR,mobile,1,0
4273,2026-01-15 20:00:00,934,27.66,USD,utilities,pix,PT,desktop,1,0
4274,2026-01-15 20:05:00,315,11.22,USD,travel,digital_wallet,BR,mobile,0,0
4275,2026-01-15 20:10:00,34,50.54,USD,transport,card,AR,mobile,1,0
4276,2026-01-15 20:15:00,774,53.03,USD,groceries,bank_transfer,MX,mobile,1,0
4277,2026-01-15 20:20:00,69,40.48,USD,travel,card,CO,mobile,1,0
4278,2026-01-15 20:25:00,765,37.0,USD,electronics,pix,BR,mobile,1,0
4279,2026-01-15 20:30:00,734,177.55,USD,electronics,card,CO,mobile,0,0
4280,2026-01-15 20:35:00,845,17.74,USD,entertainment,bank_transfer,CL,mobile,1,0
4281,2026-01-15 20:40:00,479,119.28,USD,entertainment,pix,CL,desktop,1,0
4282,2026-01-15 20:45:00,896,15.89,USD,restaurants,digital_wallet,BR,mobile,0,0
4283,2026-01-15 20:50:00,170,100.38,USD,transport,pix,MX,mobile,1,0
4284,2026-01-15 20:55:00,435,113.68,USD,online_services,bank_transfer,AR,tablet,1,0
4285,2026-01-15 21:00:00,122,24.7,USD,travel,pix,CO,mobile,1,0
4286,2026-01-15 21:05:00,767,174.33,USD,electronics,pix,US,mobile,1,0
4287,2026-01-15 21:10:00,715,52.93,USD,online_services,card,US,mobile,1,0
4288,2026-01-15 21:15:00,807,13.77,USD,entertainment,bank_transfer,MX,mobile,1,0
4289,2026-01-15 21:20:00,765,22.78,USD,utilities,card,BR,mobile,1,0
4290,2026-01-15 21:25:00,309,102.8,USD,electronics,pix,BR,desktop,1,0
4291,2026-01-15 21:30:00,69,83.35,USD,restaurants,pix,AR,mobile,1,0
4292,2026-01-15 21:35:00,930,11.5,USD,entertainment,bank_transfer,BR,mobile,1,0
4293,2026-01-15 21:40:00,493,28.81,USD,utilities,pix,CO,mobile,1,0
4294,2026-01-15 21:45:00,95,40.59,USD,travel,pix,CO,mobile,1,0
4295,2026-01-15 21:50:00,928,19.93,USD,electronics,pix,AR,desktop,1,0
4296,2026-01-15 21:55:00,995,349.95,USD,groceries,pix,BR,desktop,1,0
4297,2026-01-15 22:00:00,446,41.83,USD,restaurants,card,US,desktop,1,0
4298,2026-01-15 22:05:00,771,31.13,USD,online_services,bank_transfer,AR,mobile,1,0
4299,2026-01-15 22:10:00,37,108.95,USD,restaurants,bank_transfer,AR,tablet,0,0
4300,2026-01-15 22:15:00,94,22.98,USD,entertainment,pix,AR,mobile,1,0
4301,2026-01-15 22:20:00,277,90.69,USD,entertainment,card,BR,mobile,0,0
4302,2026-01-15 22:25:00,657,6.25,USD,electronics,card,CO,mobile,1,0
4303,2026-01-15 22:30:00,134,21.04,USD,online_services,bank_transfer,BR,desktop,0,0
4304,2026-01-15 22:35:00,35,94.54,USD,entertainment,digital_wallet,AR,mobile,1,0
4305,2026-01-15 22:40:00,669,159.21,USD,online_services,card,BR,mobile,0,0
4306,2026-01-15 22:45:00,771,15.28,USD,transport,digital_wallet,BR,mobile,0,0
4307,2026-01-15 22:50:00,740,13.6,USD,entertainment,card,BR,mobile,0,0
4308,2026-01-15 22:55:00,800,58.41,USD,utilities,digital_wallet,BR,mobile,1,1
4309,2026-01-15 23:00:00,803,17.76,USD,online_services,digital_wallet,US,mobile,1,0
4310,2026-01-15 23:05:00,603,25.32,USD,electronics,pix,MX,mobile,1,0
4311,2026-01-15 23:10:00,520,79.55,USD,transport,digital_wallet,BR,mobile,1,0
4312,2026-01-15 23:15:00,857,19.22,USD,utilities,pix,BR,desktop,1,0
4313,2026-01-15 23:20:00,349,4.64,USD,entertainment,card,MX,mobile,1,0
4314,2026-01-15 23:25:00,98,9.02,USD,transport,bank_transfer,BR,mobile,0,0
4315,2026-01-15 23:30:00,752,33.45,USD,transport,card,AR,mobile,1,0
4316,2026-01-15 23:35:00,276,5.14,USD,utilities,card,BR,mobile,0,0
4317,2026-01-15 23:40:00,979,24.6,USD,travel,card,AR,desktop,1,0
4318,2026-01-15 23:45:00,415,8.23,USD,online_services,pix,PT,mobile,1,0
4319,2026-01-15 23:50:00,852,170.71,USD,entertainment,pix,BR,desktop,0,0
4320,2026-01-15 23:55:00,43,288.63,USD,online_services,bank_transfer,PT,mobile,1,0
4321,2026-01-16 00:00:00,660,11.49,USD,transport,bank_transfer,US,mobile,1,0
4322,2026-01-16 00:05:00,449,42.81,USD,utilities,bank_transfer,PT,mobile,1,0
4323,2026-01-16 00:10:00,463,12.67,USD,restaurants,pix,CO,mobile,1,0
4324,2026-01-16 00:15:00,266,24.31,USD,entertainment,digital_wallet,US,mobile,1,0
4325,2026-01-16 00:20:00,972,201.03,USD,electronics,card,AR,mobile,1,0
4326,2026-01-16 00:25:00,393,20.77,USD,travel,pix,US,mobile,1,0
4327,2026-01-16 00:30:00,851,24.88,USD,utilities,card,BR,mobile,0,0
4328,2026-01-16 00:35:00,426,12.9,USD,groceries,card,CO,mobile,1,0
4329,2026-01-16 00:40:00,49,104.19,USD,restaurants,card,CL,mobile,1,1
4330,2026-01-16 00:45:00,880,1.27,USD,travel,card,BR,mobile,0,0
4331,2026-01-16 00:50:00,186,21.27,USD,electronics,digital_wallet,BR,mobile,1,0
4332,2026-01-16 00:55:00,271,31.63,USD,travel,pix,BR,mobile,0,0
4333,2026-01-16 01:00:00,862,17.1,USD,electronics,digital_wallet,BR,mobile,0,0
4334,2026-01-16 01:05:00,894,78.54,USD,groceries,pix,BR,mobile,0,0
4335,2026-01-16 01:10:00,917,110.17,USD,online_services,pix,BR,mobile,1,0
4336,2026-01-16 01:15:00,426,8.07,USD,entertainment,card,BR,mobile,0,0
4337,2026-01-16 01:20:00,757,268.67,USD,travel,digital_wallet,AR,mobile,1,0
4338,2026-01-16 01:25:00,328,7.98,USD,restaurants,card,BR,mobile,1,0
4339,2026-01-16 01:30:00,741,120.14,USD,restaurants,pix,BR,mobile,0,0
4340,2026-01-16 01:35:00,503,38.47,USD,travel,digital_wallet,BR,mobile,0,0
4341,2026-01-16 01:40:00,52,20.01,USD,groceries,bank_transfer,BR,mobile,1,0
4342,2026-01-16 01:45:00,418,21.99,USD,electronics,bank_transfer,BR,mobile,1,0
4343,2026-01-16 01:50:00,468,32.02,USD,online_services,card,PT,mobile,1,0
4344,2026-01-16 01:55:00,258,40.79,USD,online_services,pix,BR,mobile,1,0
4345,2026-01-16 02:00:00,375,13.2,USD,travel,card,BR,mobile,0,1
4346,2026-01-16 02:05:00,503,26.21,USD,restaurants,card,AR,mobile,1,0
4347,2026-01-16 02:10:00,50,15.32,USD,groceries,card,US,mobile,1,0
4348,2026-01-16 02:15:00,152,9.83,USD,restaurants,bank_transfer,AR,mobile,1,0
4349,2026-01-16 02:20:00,767,14.62,USD,transport,digital_wallet,BR,mobile,1,1
4350,2026-01-16 02:25:00,352,10.49,USD,travel,pix,AR,desktop,1,0
4351,2026-01-16 02:30:00,609,21.76,USD,entertainment,bank_transfer,AR,desktop,1,0
4352,2026-01-16 02:35:00,566,51.03,USD,electronics,pix,BR,mobile,0,0
4353,2026-01-16 02:40:00,552,37.36,USD,utilities,card,PT,desktop,1,0
4354,2026-01-16 02:45:00,414,238.49,USD,restaurants,pix,PT,mobile,1,0
4355,2026-01-16 02:50:00,484,3.63,USD,electronics,card,AR,mobile,1,0
4356,2026-01-16 02:55:00,824,52.95,USD,travel,pix,BR,mobile,0,0
4357,2026-01-16 03:00:00,966,33.33,USD,groceries,digital_wallet,AR,mobile,0,0
4358,2026-01-16 03:05:00,257,74.86,USD,online_services,card,PT,mobile,1,0
4359,2026-01-16 03:10:00,670,67.79,USD,online_services,card,US,mobile,1,0
4360,2026-01-16 03:15:00,970,28.08,USD,entertainment,card,BR,mobile,1,0
4361,2026-01-16 03:20:00,8,39.36,USD,entertainment,pix,BR,mobile,0,0
4362,2026-01-16 03:25:00,785,15.74,USD,restaurants,card,BR,mobile,1,0
4363,2026-01-16 03:30:00,497,61.17,USD,restaurants,pix,MX,mobile,1,0
4364,2026-01-16 03:35:00,968,5.06,USD,restaurants,card,AR,mobile,1,0
4365,2026-01-16 03:40:00,579,72.01,USD,restaurants,bank_transfer,BR,mobile,1,0
4366,2026-01-16 03:45:00,839,32.36,USD,travel,bank_transfer,BR,mobile,0,0
4367,2026-01-16 03:50:00,167,20.35,USD,online_services,card,BR,mobile,1,0
4368,2026-01-16 03:55:00,143,26.24,USD,entertainment,bank_transfer,US,tablet,1,0
4369,2026-01-16 04:00:00,927,28.24,USD,online_services,card,BR,mobile,0,0
4370,2026-01-16 04:05:00,527,121.18,USD,online_services,card,BR,mobile,1,1
4371,2026-01-16 04:10:00,559,840.08,USD,entertainment,card,CO,mobile,1,0
4372,2026-01-16 04:15:00,170,112.15,USD,groceries,card,CL,mobile,1,0
4373,2026-01-16 04:20:00,227,18.82,USD,online_services,digital_wallet,CO,mobile,1,0
4374,2026-01-16 04:25:00,819,62.16,USD,travel,bank_transfer,MX,desktop,1,0
4375,2026-01-16 04:30:00,304,64.93,USD,travel,bank_transfer,BR,mobile,1,0
4376,2026-01-16 04:35:00,585,13.13,USD,online_services,card,BR,mobile,0,0
4377,2026-01-16 04:40:00,317,9.39,USD,entertainment,pix,BR,mobile,1,0
4378,2026-01-16 04:45:00,264,31.08,USD,groceries,pix,CO,tablet,1,0
4379,2026-01-16 04:50:00,167,74.27,USD,utilities,card,US,mobile,1,0
4380,2026-01-16 04:55:00,930,6.61,USD,online_services,bank_transfer,BR,mobile,1,0
4381,2026-01-16 05:00:00,941,16.1,USD,restaurants,bank_transfer,MX,mobile,1,0
4382,2026-01-16 05:05:00,116,58.71,USD,electronics,digital_wallet,CO,mobile,1,1
4383,2026-01-16 05:10:00,354,34.53,USD,groceries,digital_wallet,PT,desktop,1,0
4384,2026-01-16 05:15:00,564,136.49,USD,entertainment,card,AR,mobile,0,0
4385,2026-01-16 05:20:00,384,8.07,USD,restaurants,bank_transfer,BR,mobile,0,0
4386,2026-01-16 05:25:00,722,347.99,USD,electronics,digital_wallet,CO,desktop,1,0
4387,2026-01-16 05:30:00,261,7.11,USD,entertainment,pix,MX,desktop,1,0
4388,2026-01-16 05:35:00,59,4.35,USD,utilities,card,CO,mobile,1,0
4389,2026-01-16 05:40:00,337,31.22,USD,transport,card,US,mobile,1,0
4390,2026-01-16 05:45:00,598,10.65,USD,online_services,card,BR,mobile,0,0
4391,2026-01-16 05:50:00,181,31.86,USD,groceries,card,CL,mobile,1,0
4392,2026-01-16 05:55:00,816,30.76,USD,restaurants,digital_wallet,BR,desktop,0,0
4393,2026-01-16 06:00:00,13,27.23,USD,groceries,digital_wallet,BR,mobile,0,0
4394,2026-01-16 06:05:00,68,14.26,USD,entertainment,digital_wallet,BR,mobile,0,0
4395,2026-01-16 06:10:00,509,51.04,USD,transport,card,BR,mobile,1,0
4396,2026-01-16 06:15:00,513,24.11,USD,groceries,pix,BR,mobile,0,0
4397,2026-01-16 06:20:00,295,99.85,USD,utilities,pix,CL,mobile,1,0
4398,2026-01-16 06:25:00,259,27.65,USD,transport,pix,US,mobile,1,0
4399,2026-01-16 06:30:00,70,12.62,USD,entertainment,card,BR,tablet,1,0
4400,2026-01-16 06:35:00,663,6.12,USD,travel,digital_wallet,BR,mobile,1,0
4401,2026-01-16 06:40:00,380,27.88,USD,groceries,bank_transfer,BR,mobile,0,0
4402,2026-01-16 06:45:00,119,9.31,USD,travel,bank_transfer,BR,mobile,1,0
4403,2026-01-16 06:50:00,400,8.59,USD,utilities,card,BR,mobile,1,0
4404,2026-01-16 06:55:00,938,56.12,USD,transport,card,AR,mobile,0,0
4405,2026-01-16 07:00:00,262,5.6,USD,utilities,pix,US,desktop,1,0
4406,2026-01-16 07:05:00,895,135.94,USD,transport,pix,AR,mobile,1,0
4407,2026-01-16 07:10:00,259,38.85,USD,transport,bank_transfer,CL,mobile,1,0
4408,2026-01-16 07:15:00,186,31.69,USD,restaurants,card,CO,mobile,1,0
4409,2026-01-16 07:20:00,261,11.77,USD,restaurants,card,BR,mobile,0,0
4410,2026-01-16 07:25:00,324,71.12,USD,restaurants,bank_transfer,BR,mobile,0,0
4411,2026-01-16 07:30:00,121,33.02,USD,entertainment,pix,BR,mobile,1,0
4412,2026-01-16 07:35:00,588,16.67,USD,restaurants,pix,BR,mobile,1,0
4413,2026-01-16 07:40:00,334,40.44,USD,travel,bank_transfer,US,mobile,1,0
4414,2026-01-16 07:45:00,719,6.15,USD,transport,pix,AR,mobile,1,0
4415,2026-01-16 07:50:00,491,6.45,USD,restaurants,pix,AR,mobile,1,0
4416,2026-01-16 07:55:00,443,10.8,USD,utilities,card,BR,mobile,0,0
4417,2026-01-16 08:00:00,471,46.97,USD,travel,pix,BR,desktop,1,0
4418,2026-01-16 08:05:00,157,33.01,USD,transport,pix,US,desktop,1,0
4419,2026-01-16 08:10:00,713,94.54,USD,entertainment,pix,BR,mobile,1,0
4420,2026-01-16 08:15:00,105,13.2,USD,online_services,pix,CO,mobile,1,0
4421,2026-01-16 08:20:00,722,58.83,USD,transport,card,BR,mobile,0,0
4422,2026-01-16 08:25:00,1000,29.55,USD,restaurants,card,BR,desktop,0,0
4423,2026-01-16 08:30:00,764,12.9,USD,entertainment,pix,BR,mobile,1,0
4424,2026-01-16 08:35:00,456,48.68,USD,electronics,pix,US,mobile,1,0
4425,2026-01-16 08:40:00,315,31.0,USD,entertainment,card,BR,mobile,0,0
4426,2026-01-16 08:45:00,873,17.65,USD,restaurants,bank_transfer,CO,mobile,1,0
4427,2026-01-16 08:50:00,258,34.54,USD,online_services,card,BR,mobile,1,0
4428,2026-01-16 08:55:00,483,29.09,USD,groceries,pix,CL,mobile,0,0
4429,2026-01-16 09:00:00,771,28.4,USD,transport,pix,AR,mobile,1,1
4430,2026-01-16 09:05:00,923,21.92,USD,entertainment,pix,CL,desktop,1,0
4431,2026-01-16 09:10:00,921,8.98,USD,travel,card,BR,mobile,1,0
4432,2026-01-16 09:15:00,88,35.69,USD,transport,card,BR,mobile,0,0
4433,2026-01-16 09:20:00,899,14.84,USD,online_services,card,US,mobile,1,0
4434,2026-01-16 09:25:00,115,11.94,USD,transport,card,AR,mobile,1,0
4435,2026-01-16 09:30:00,585,26.03,USD,entertainment,card,BR,mobile,0,0
4436,2026-01-16 09:35:00,930,68.99,USD,electronics,pix,BR,mobile,1,0
4437,2026-01-16 09:40:00,655,39.87,USD,electronics,pix,BR,mobile,0,0
4438,2026-01-16 09:45:00,948,19.47,USD,utilities,card,AR,mobile,1,0
4439,2026-01-16 09:50:00,345,18.7,USD,transport,pix,BR,mobile,0,0
4440,2026-01-16 09:55:00,315,62.54,USD,electronics,card,BR,mobile,0,0
4441,2026-01-16 10:00:00,327,3.01,USD,utilities,digital_wallet,BR,mobile,0,0
4442,2026-01-16 10:05:00,356,73.51,USD,groceries,pix,CL,mobile,1,0
4443,2026-01-16 10:10:00,683,5.08,USD,electronics,pix,US,mobile,1,1
4444,2026-01-16 10:15:00,453,8.04,USD,transport,card,CO,desktop,1,0
4445,2026-01-16 10:20:00,738,19.8,USD,electronics,pix,AR,mobile,0,0
4446,2026-01-16 10:25:00,417,290.07,USD,travel,card,CO,mobile,1,0
4447,2026-01-16 10:30:00,308,177.22,USD,electronics,digital_wallet,BR,desktop,1,0
4448,2026-01-16 10:35:00,191,67.12,USD,online_services,card,CL,mobile,1,0
4449,2026-01-16 10:40:00,552,47.3,USD,online_services,pix,BR,mobile,1,0
4450,2026-01-16 10:45:00,899,5.14,USD,restaurants,bank_transfer,BR,mobile,0,0
4451,2026-01-16 10:50:00,859,38.74,USD,entertainment,pix,CL,mobile,1,0
4452,2026-01-16 10:55:00,254,19.12,USD,transport,pix,BR,mobile,0,0
4453,2026-01-16 11:00:00,478,14.63,USD,entertainment,digital_wallet,CL,mobile,1,0
4454,2026-01-16 11:05:00,706,38.66,USD,electronics,card,CL,mobile,1,0
4455,2026-01-16 11:10:00,613,20.67,USD,online_services,card,BR,desktop,1,0
4456,2026-01-16 11:15:00,68,78.99,USD,online_services,digital_wallet,BR,mobile,0,0
4457,2026-01-16 11:20:00,592,4.78,USD,groceries,card,CL,desktop,1,0
4458,2026-01-16 11:25:00,39,35.7,USD,groceries,bank_transfer,CO,mobile,0,0
4459,2026-01-16 11:30:00,117,13.75,USD,groceries,card,MX,desktop,1,0
4460,2026-01-16 11:35:00,654,21.99,USD,utilities,card,BR,desktop,1,0
4461,2026-01-16 11:40:00,103,44.91,USD,restaurants,card,MX,desktop,1,0
4462,2026-01-16 11:45:00,340,10.83,USD,entertainment,bank_transfer,BR,tablet,1,0
4463,2026-01-16 11:50:00,589,39.03,USD,transport,card,BR,desktop,1,0
4464,2026-01-16 11:55:00,656,26.78,USD,transport,card,CL,desktop,1,0
4465,2026-01-16 12:00:00,446,17.11,USD,travel,card,BR,mobile,0,0
4466,2026-01-16 12:05:00,95,20.69,USD,utilities,card,BR,desktop,0,0
4467,2026-01-16 12:10:00,800,28.37,USD,travel,card,BR,mobile,1,0
4468,2026-01-16 12:15:00,950,15.37,USD,travel,digital_wallet,MX,tablet,1,0
4469,2026-01-16 12:20:00,889,33.35,USD,entertainment,pix,US,mobile,1,0
4470,2026-01-16 12:25:00,749,25.07,USD,restaurants,card,PT,mobile,1,0
4471,2026-01-16 12:30:00,403,17.97,USD,travel,card,BR,mobile,1,0
4472,2026-01-16 12:35:00,877,162.36,USD,transport,card,AR,mobile,1,0
4473,2026-01-16 12:40:00,489,50.16,USD,restaurants,card,MX,mobile,1,0
4474,2026-01-16 12:45:00,137,22.59,USD,transport,card,BR,mobile,0,0
4475,2026-01-16 12:50:00,851,38.32,USD,restaurants,digital_wallet,BR,mobile,0,0
4476,2026-01-16 12:55:00,321,11.86,USD,transport,card,BR,mobile,0,0
4477,2026-01-16 13:00:00,939,21.4,USD,groceries,card,AR,mobile,1,0
4478,2026-01-16 13:05:00,369,24.04,USD,entertainment,pix,CL,desktop,1,0
4479,2026-01-16 13:10:00,870,9.52,USD,transport,card,BR,mobile,1,0
4480,2026-01-16 13:15:00,538,48.78,USD,entertainment,bank_transfer,BR,mobile,1,0
4481,2026-01-16 13:20:00,468,19.97,USD,entertainment,pix,CO,mobile,1,0
4482,2026-01-16 13:25:00,297,23.21,USD,utilities,card,CL,mobile,1,0
4483,2026-01-16 13:30:00,836,18.75,USD,groceries,bank_transfer,BR,mobile,1,0
4484,2026-01-16 13:35:00,61,638.48,USD,travel,card,BR,desktop,1,0
4485,2026-01-16 13:40:00,469,17.07,USD,electronics,card,PT,mobile,1,0
4486,2026-01-16 13:45:00,369,4.18,USD,transport,pix,CL,desktop,1,0
4487,2026-01-16 13:50:00,544,6.69,USD,utilities,pix,AR,mobile,1,0
4488,2026-01-16 13:55:00,255,70.76,USD,groceries,card,CL,mobile,1,0
4489,2026-01-16 14:00:00,665,126.02,USD,transport,card,PT,mobile,1,0
4490,2026-01-16 14:05:00,386,16.75,USD,utilities,bank_transfer,BR,mobile,1,0
4491,2026-01-16 14:10:00,189,118.98,USD,electronics,pix,BR,mobile,0,0
4492,2026-01-16 14:15:00,197,69.52,USD,groceries,pix,BR,mobile,1,0
4493,2026-01-16 14:20:00,697,27.4,USD,restaurants,pix,MX,desktop,1,0
4494,2026-01-16 14:25:00,262,25.52,USD,transport,pix,BR,mobile,1,0
4495,2026-01-16 14:30:00,308,39.68,USD,restaurants,pix,BR,desktop,1,0
4496,2026-01-16 14:35:00,627,79.64,USD,entertainment,card,BR,mobile,0,0
4497,2026-01-16 14:40:00,330,49.27,USD,restaurants,card,CL,mobile,1,0
4498,2026-01-16 14:45:00,389,16.83,USD,utilities,pix,CL,mobile,1,0
4499,2026-01-16 14:50:00,245,27.82,USD,transport,pix,BR,desktop,0,0
4500,2026-01-16 14:55:00,346,240.15,USD,groceries,pix,BR,tablet,0,0
4501,2026-01-16 15:00:00,693,42.57,USD,groceries,pix,CO,mobile,1,0
4502,2026-01-16 15:05:00,534,78.99,USD,travel,pix,BR,mobile,0,0
4503,2026-01-16 15:10:00,998,56.82,USD,entertainment,card,CO,mobile,1,0
4504,2026-01-16 15:15:00,772,43.53,USD,restaurants,bank_transfer,BR,mobile,1,0
4505,2026-01-16 15:20:00,17,36.92,USD,transport,digital_wallet,US,mobile,1,0
4506,2026-01-16 15:25:00,379,81.24,USD,utilities,bank_transfer,BR,mobile,1,0
4507,2026-01-16 15:30:00,290,67.94,USD,utilities,bank_transfer,CL,mobile,1,0
4508,2026-01-16 15:35:00,588,43.12,USD,entertainment,digital_wallet,BR,desktop,1,0
4509,2026-01-16 15:40:00,266,16.55,USD,travel,card,BR,desktop,0,0
4510,2026-01-16 15:45:00,967,48.69,USD,entertainment,pix,CO,mobile,1,0
4511,2026-01-16 15:50:00,300,30.97,USD,transport,pix,AR,mobile,1,0
4512,2026-01-16 15:55:00,522,24.33,USD,groceries,pix,CO,mobile,1,0
4513,2026-01-16 16:00:00,123,482.4,USD,travel,bank_transfer,AR,mobile,1,0
4514,2026-01-16 16:05:00,910,7.11,USD,travel,card,AR,mobile,1,0
4515,2026-01-16 16:10:00,912,86.36,USD,utilities,card,US,mobile,1,0
4516,2026-01-16 16:15:00,794,13.98,USD,restaurants,card,BR,mobile,1,0
4517,2026-01-16 16:20:00,352,37.76,USD,online_services,card,US,mobile,1,0
4518,2026-01-16 16:25:00,59,432.07,USD,electronics,card,BR,mobile,1,0
4519,2026-01-16 16:30:00,711,12.65,USD,electronics,card,BR,mobile,0,0
4520,2026-01-16 16:35:00,430,16.06,USD,online_services,card,CO,mobile,1,0
4521,2026-01-16 16:40:00,991,32.54,USD,travel,pix,BR,mobile,1,0
4522,2026-01-16 16:45:00,699,14.19,USD,groceries,pix,BR,mobile,1,0
4523,2026-01-16 16:50:00,539,80.16,USD,transport,pix,BR,mobile,0,0
4524,2026-01-16 16:55:00,987,19.4,USD,travel,card,AR,mobile,1,0
4525,2026-01-16 17:00:00,801,63.69,USD,restaurants,digital_wallet,CL,mobile,1,0
4526,2026-01-16 17:05:00,459,8.77,USD,restaurants,card,BR,mobile,0,0
4527,2026-01-16 17:10:00,19,5.44,USD,transport,pix,BR,desktop,1,0
4528,2026-01-16 17:15:00,93,26.34,USD,travel,bank_transfer,BR,mobile,0,0
4529,2026-01-16 17:20:00,444,6.9,USD,groceries,bank_transfer,BR,desktop,0,0
4530,2026-01-16 17:25:00,563,151.15,USD,travel,pix,BR,mobile,0,0
4531,2026-01-16 17:30:00,31,7.17,USD,entertainment,card,BR,mobile,1,0
4532,2026-01-16 17:35:00,127,11.73,USD,electronics,bank_transfer,MX,desktop,1,0
4533,2026-01-16 17:40:00,705,50.08,USD,entertainment,pix,CO,desktop,1,0
4534,2026-01-16 17:45:00,752,18.42,USD,entertainment,bank_transfer,BR,mobile,0,0
4535,2026-01-16 17:50:00,30,7.25,USD,electronics,card,BR,mobile,1,0
4536,2026-01-16 17:55:00,508,254.67,USD,online_services,digital_wallet,BR,mobile,0,0
4537,2026-01-16 18:00:00,81,12.16,USD,travel,digital_wallet,BR,desktop,1,0
4538,2026-01-16 18:05:00,724,27.21,USD,utilities,pix,BR,mobile,0,0
4539,2026-01-16 18:10:00,835,26.86,USD,entertainment,digital_wallet,US,mobile,1,1
4540,2026-01-16 18:15:00,870,67.38,USD,online_services,pix,CO,mobile,1,0
4541,2026-01-16 18:20:00,599,52.58,USD,electronics,card,AR,mobile,1,0
4542,2026-01-16 18:25:00,629,14.49,USD,restaurants,pix,BR,mobile,0,0
4543,2026-01-16 18:30:00,927,23.91,USD,restaurants,pix,CL,mobile,1,0
4544,2026-01-16 18:35:00,613,26.39,USD,online_services,pix,US,desktop,1,0
4545,2026-01-16 18:40:00,447,70.03,USD,utilities,card,BR,desktop,0,0
4546,2026-01-16 18:45:00,755,10.3,USD,transport,pix,MX,mobile,1,0
4547,2026-01-16 18:50:00,591,249.16,USD,electronics,card,BR,mobile,0,0
4548,2026-01-16 18:55:00,843,15.5,USD,groceries,bank_transfer,CO,mobile,0,0
4549,2026-01-16 19:00:00,525,32.83,USD,online_services,digital_wallet,BR,mobile,0,1
4550,2026-01-16 19:05:00,870,10.38,USD,electronics,card,CL,desktop,0,0
4551,2026-01-16 19:10:00,45,9.04,USD,electronics,bank_transfer,BR,mobile,1,0
4552,2026-01-16 19:15:00,37,13.81,USD,restaurants,card,AR,mobile,0,0
4553,2026-01-16 19:20:00,100,12.55,USD,groceries,pix,CL,desktop,1,0
4554,2026-01-16 19:25:00,557,21.88,USD,utilities,digital_wallet,CL,mobile,1,0
4555,2026-01-16 19:30:00,709,12.44,USD,restaurants,card,CL,desktop,1,0
4556,2026-01-16 19:35:00,217,66.39,USD,groceries,card,BR,mobile,0,0
4557,2026-01-16 19:40:00,156,15.14,USD,online_services,digital_wallet,CO,mobile,1,0
4558,2026-01-16 19:45:00,861,13.55,USD,travel,card,BR,mobile,0,0
4559,2026-01-16 19:50:00,751,22.35,USD,groceries,card,CL,mobile,1,0
4560,2026-01-16 19:55:00,649,89.37,USD,transport,pix,BR,tablet,1,0
4561,2026-01-16 20:00:00,489,41.05,USD,travel,card,AR,mobile,1,0
4562,2026-01-16 20:05:00,421,29.97,USD,restaurants,card,BR,mobile,1,0
4563,2026-01-16 20:10:00,21,7.9,USD,online_services,bank_transfer,PT,mobile,1,0
4564,2026-01-16 20:15:00,189,10.56,USD,online_services,pix,CL,mobile,1,0
4565,2026-01-16 20:20:00,897,9.22,USD,online_services,card,BR,desktop,0,0
4566,2026-01-16 20:25:00,340,122.35,USD,travel,pix,CO,mobile,1,0
4567,2026-01-16 20:30:00,705,56.29,USD,online_services,card,BR,mobile,0,0
4568,2026-01-16 20:35:00,704,13.99,USD,transport,card,BR,mobile,1,0
4569,2026-01-16 20:40:00,310,18.83,USD,travel,digital_wallet,BR,mobile,0,0
4570,2026-01-16 20:45:00,205,14.51,USD,entertainment,bank_transfer,CO,mobile,1,0
4571,2026-01-16 20:50:00,692,13.66,USD,travel,pix,US,tablet,1,0
4572,2026-01-16 20:55:00,94,52.47,USD,utilities,pix,US,desktop,1,0
4573,2026-01-16 21:00:00,495,24.84,USD,groceries,bank_transfer,BR,tablet,0,0
4574,2026-01-16 21:05:00,889,265.38,USD,electronics,pix,BR,mobile,0,0
4575,2026-01-16 21:10:00,712,115.63,USD,utilities,card,MX,mobile,1,0
4576,2026-01-16 21:15:00,765,122.67,USD,restaurants,card,BR,tablet,1,0
4577,2026-01-16 21:20:00,84,64.8,USD,electronics,card,AR,mobile,1,0
4578,2026-01-16 21:25:00,200,21.7,USD,online_services,digital_wallet,PT,desktop,1,0
4579,2026-01-16 21:30:00,276,60.21,USD,travel,pix,BR,mobile,0,0
4580,2026-01-16 21:35:00,293,23.36,USD,transport,card,BR,desktop,1,0
4581,2026-01-16 21:40:00,195,169.06,USD,transport,card,US,desktop,1,0
4582,2026-01-16 21:45:00,973,49.61,USD,restaurants,digital_wallet,CL,mobile,1,0
4583,2026-01-16 21:50:00,165,43.05,USD,entertainment,card,US,desktop,1,0
4584,2026-01-16 21:55:00,709,37.6,USD,groceries,bank_transfer,CL,mobile,1,0
4585,2026-01-16 22:00:00,587,188.72,USD,restaurants,bank_transfer,BR,mobile,1,0
4586,2026-01-16 22:05:00,611,7.9,USD,groceries,digital_wallet,MX,mobile,1,0
4587,2026-01-16 22:10:00,215,208.16,USD,utilities,card,CO,tablet,1,0
4588,2026-01-16 22:15:00,308,27.49,USD,online_services,bank_transfer,US,mobile,1,0
4589,2026-01-16 22:20:00,607,8.12,USD,groceries,card,AR,mobile,1,0
4590,2026-01-16 22:25:00,300,15.61,USD,online_services,digital_wallet,AR,mobile,1,0
4591,2026-01-16 22:30:00,695,6.35,USD,online_services,card,BR,desktop,0,0
4592,2026-01-16 22:35:00,40,63.67,USD,travel,pix,BR,desktop,0,0
4593,2026-01-16 22:40:00,73,11.72,USD,groceries,pix,PT,desktop,1,0
4594,2026-01-16 22:45:00,729,39.2,USD,entertainment,bank_transfer,PT,mobile,1,0
4595,2026-01-16 22:50:00,617,102.95,USD,travel,card,AR,mobile,1,0
4596,2026-01-16 22:55:00,44,16.91,USD,utilities,card,PT,mobile,1,0
4597,2026-01-16 23:00:00,900,25.33,USD,transport,bank_transfer,BR,mobile,1,0
4598,2026-01-16 23:05:00,5,8.99,USD,travel,card,MX,desktop,1,0
4599,2026-01-16 23:10:00,956,22.46,USD,online_services,card,CL,mobile,1,0
4600,2026-01-16 23:15:00,730,434.43,USD,entertainment,card,CO,mobile,1,1
4601,2026-01-16 23:20:00,989,72.09,USD,entertainment,digital_wallet,CO,mobile,1,0
4602,2026-01-16 23:25:00,949,25.41,USD,online_services,pix,CL,mobile,1,0
4603,2026-01-16 23:30:00,314,17.96,USD,electronics,pix,US,mobile,1,1
4604,2026-01-16 23:35:00,757,31.73,USD,restaurants,bank_transfer,BR,mobile,0,0
4605,2026-01-16 23:40:00,211,37.71,USD,online_services,bank_transfer,MX,mobile,0,0
4606,2026-01-16 23:45:00,472,21.78,USD,restaurants,pix,BR,mobile,0,0
4607,2026-01-16 23:50:00,241,56.26,USD,travel,card,BR,mobile,1,0
4608,2026-01-16 23:55:00,487,12.76,USD,utilities,pix,CO,mobile,1,0
4609,2026-01-17 00:00:00,873,12.7,USD,utilities,pix,CO,desktop,1,0
4610,2026-01-17 00:05:00,437,47.95,USD,entertainment,card,US,mobile,1,0
4611,2026-01-17 00:10:00,93,10.29,USD,electronics,bank_transfer,BR,mobile,0,0
4612,2026-01-17 00:15:00,325,68.65,USD,restaurants,card,BR,tablet,1,0
4613,2026-01-17 00:20:00,787,32.65,USD,groceries,card,AR,mobile,1,0
4614,2026-01-17 00:25:00,522,5.32,USD,transport,pix,US,desktop,1,0
4615,2026-01-17 00:30:00,561,36.95,USD,online_services,digital_wallet,PT,tablet,1,0
4616,2026-01-17 00:35:00,432,6.14,USD,entertainment,card,US,desktop,1,0
4617,2026-01-17 00:40:00,293,66.25,USD,electronics,card,AR,mobile,1,0
4618,2026-01-17 00:45:00,599,25.82,USD,electronics,pix,US,mobile,1,0
4619,2026-01-17 00:50:00,634,210.84,USD,transport,digital_wallet,BR,mobile,0,0
4620,2026-01-17 00:55:00,899,96.67,USD,online_services,card,US,mobile,1,0
4621,2026-01-17 01:00:00,618,11.47,USD,electronics,card,AR,mobile,0,0
4622,2026-01-17 01:05:00,996,4.39,USD,utilities,digital_wallet,BR,mobile,0,0
4623,2026-01-17 01:10:00,827,15.56,USD,groceries,pix,AR,mobile,1,0
4624,2026-01-17 01:15:00,79,9.76,USD,electronics,card,MX,mobile,1,0
4625,2026-01-17 01:20:00,393,205.56,USD,travel,card,BR,mobile,1,0
4626,2026-01-17 01:25:00,385,32.78,USD,entertainment,pix,BR,mobile,1,0
4627,2026-01-17 01:30:00,4,84.22,USD,groceries,pix,CO,mobile,0,0
4628,2026-01-17 01:35:00,181,24.9,USD,entertainment,card,PT,mobile,1,1
4629,2026-01-17 01:40:00,763,27.67,USD,utilities,card,CL,mobile,1,0
4630,2026-01-17 01:45:00,353,32.05,USD,groceries,digital_wallet,BR,mobile,0,0
4631,2026-01-17 01:50:00,148,100.14,USD,transport,pix,CL,mobile,1,0
4632,2026-01-17 01:55:00,288,45.22,USD,electronics,pix,BR,mobile,1,0
4633,2026-01-17 02:00:00,275,11.5,USD,transport,card,BR,desktop,1,0
4634,2026-01-17 02:05:00,175,167.76,USD,electronics,card,BR,mobile,0,0
4635,2026-01-17 02:10:00,102,24.71,USD,online_services,digital_wallet,AR,mobile,1,0
4636,2026-01-17 02:15:00,765,21.0,USD,online_services,pix,BR,desktop,1,0
4637,2026-01-17 02:20:00,825,1.96,USD,travel,card,BR,mobile,1,0
4638,2026-01-17 02:25:00,497,62.45,USD,online_services,pix,BR,mobile,1,0
4639,2026-01-17 02:30:00,616,36.64,USD,utilities,card,CL,mobile,1,0
4640,2026-01-17 02:35:00,920,36.6,USD,groceries,card,BR,mobile,1,0
4641,2026-01-17 02:40:00,843,22.14,USD,electronics,card,BR,mobile,1,0
4642,2026-01-17 02:45:00,33,18.63,USD,utilities,bank_transfer,AR,desktop,1,0
4643,2026-01-17 02:50:00,953,22.88,USD,electronics,pix,CO,mobile,1,0
4644,2026-01-17 02:55:00,67,52.62,USD,travel,pix,MX,mobile,1,0
4645,2026-01-17 03:00:00,27,62.75,USD,electronics,card,AR,mobile,1,0
4646,2026-01-17 03:05:00,404,26.28,USD,groceries,bank_transfer,CO,mobile,1,0
4647,2026-01-17 03:10:00,746,85.54,USD,travel,card,MX,mobile,1,1
4648,2026-01-17 03:15:00,81,30.6,USD,electronics,card,CL,desktop,0,0
4649,2026-01-17 03:20:00,293,20.0,USD,utilities,bank_transfer,AR,mobile,1,0
4650,2026-01-17 03:25:00,263,40.38,USD,online_services,bank_transfer,BR,desktop,0,0
4651,2026-01-17 03:30:00,398,8.5,USD,groceries,card,BR,mobile,1,1
4652,2026-01-17 03:35:00,987,41.79,USD,transport,card,BR,mobile,0,0
4653,2026-01-17 03:40:00,332,7.08,USD,electronics,pix,BR,desktop,1,0
4654,2026-01-17 03:45:00,209,11.85,USD,entertainment,card,PT,mobile,1,0
4655,2026-01-17 03:50:00,123,4.4,USD,electronics,pix,BR,tablet,0,0
4656,2026-01-17 03:55:00,199,27.8,USD,travel,pix,AR,mobile,1,0
4657,2026-01-17 04:00:00,134,165.61,USD,online_services,pix,PT,desktop,1,1
4658,2026-01-17 04:05:00,574,29.46,USD,travel,card,CL,mobile,1,0
4659,2026-01-17 04:10:00,421,63.03,USD,groceries,bank_transfer,BR,mobile,1,0
4660,2026-01-17 04:15:00,498,348.04,USD,electronics,digital_wallet,PT,mobile,1,0
4661,2026-01-17 04:20:00,833,49.6,USD,online_services,pix,BR,tablet,1,0
4662,2026-01-17 04:25:00,581,15.41,USD,electronics,card,BR,mobile,1,0
4663,2026-01-17 04:30:00,156,17.68,USD,online_services,digital_wallet,BR,mobile,1,0
4664,2026-01-17 04:35:00,377,33.14,USD,online_services,card,BR,mobile,0,0
4665,2026-01-17 04:40:00,313,17.59,USD,transport,card,MX,desktop,1,0
4666,2026-01-17 04:45:00,827,18.95,USD,electronics,card,BR,tablet,0,0
4667,2026-01-17 04:50:00,308,88.7,USD,restaurants,card,MX,desktop,1,0
4668,2026-01-17 04:55:00,139,92.4,USD,restaurants,card,BR,mobile,1,0
4669,2026-01-17 05:00:00,737,6.38,USD,transport,bank_transfer,US,desktop,1,0
4670,2026-01-17 05:05:00,429,14.61,USD,electronics,card,BR,mobile,1,0
4671,2026-01-17 05:10:00,96,20.82,USD,transport,card,US,mobile,1,0
4672,2026-01-17 05:15:00,690,60.29,USD,entertainment,bank_transfer,BR,mobile,1,0
4673,2026-01-17 05:20:00,211,103.86,USD,restaurants,card,US,desktop,1,0
4674,2026-01-17 05:25:00,869,493.72,USD,electronics,pix,MX,mobile,1,0
4675,2026-01-17 05:30:00,833,20.79,USD,online_services,digital_wallet,AR,desktop,0,0
4676,2026-01-17 05:35:00,370,21.85,USD,entertainment,card,BR,mobile,1,0
4677,2026-01-17 05:40:00,556,59.65,USD,restaurants,card,CL,mobile,1,0
4678,2026-01-17 05:45:00,568,16.74,USD,restaurants,card,CL,mobile,1,0
4679,2026-01-17 05:50:00,654,28.76,USD,online_services,pix,AR,mobile,1,0
4680,2026-01-17 05:55:00,70,21.87,USD,travel,card,CL,tablet,1,0
4681,2026-01-17 06:00:00,325,2.41,USD,online_services,digital_wallet,PT,mobile,1,0
4682,2026-01-17 06:05:00,171,37.46,USD,utilities,pix,PT,mobile,1,0
4683,2026-01-17 06:10:00,698,27.6,USD,electronics,pix,AR,mobile,1,0
4684,2026-01-17 06:15:00,70,118.06,USD,travel,digital_wallet,BR,desktop,1,0
4685,2026-01-17 06:20:00,517,33.3,USD,transport,card,BR,mobile,0,0
4686,2026-01-17 06:25:00,728,9.44,USD,entertainment,bank_transfer,CO,mobile,1,0
4687,2026-01-17 06:30:00,949,25.58,USD,entertainment,pix,PT,desktop,1,0
4688,2026-01-17 06:35:00,289,4.09,USD,entertainment,pix,BR,mobile,0,0
4689,2026-01-17 06:40:00,8,9.87,USD,utilities,pix,BR,mobile,0,0
4690,2026-01-17 06:45:00,724,62.52,USD,entertainment,card,BR,mobile,0,0
4691,2026-01-17 06:50:00,2,25.86,USD,groceries,bank_transfer,BR,mobile,1,0
4692,2026-01-17 06:55:00,67,83.3,USD,transport,pix,PT,mobile,1,0
4693,2026-01-17 07:00:00,991,4.63,USD,travel,bank_transfer,CL,mobile,1,0
4694,2026-01-17 07:05:00,863,25.99,USD,entertainment,bank_transfer,BR,tablet,1,0
4695,2026-01-17 07:10:00,708,20.58,USD,utilities,pix,BR,desktop,1,0
4696,2026-01-17 07:15:00,836,86.13,USD,electronics,digital_wallet,BR,desktop,1,0
4697,2026-01-17 07:20:00,76,64.89,USD,utilities,card,CL,desktop,1,0
4698,2026-01-17 07:25:00,89,62.94,USD,electronics,card,CL,mobile,1,1
4699,2026-01-17 07:30:00,301,154.69,USD,restaurants,card,BR,mobile,1,0
4700,2026-01-17 07:35:00,24,22.92,USD,electronics,card,BR,mobile,1,0
4701,2026-01-17 07:40:00,889,125.85,USD,restaurants,pix,US,mobile,1,0
4702,2026-01-17 07:45:00,57,11.66,USD,electronics,card,MX,mobile,1,0
4703,2026-01-17 07:50:00,545,11.24,USD,restaurants,pix,AR,mobile,1,0
4704,2026-01-17 07:55:00,854,70.3,USD,groceries,digital_wallet,AR,mobile,1,0
4705,2026-01-17 08:00:00,735,7.35,USD,entertainment,bank_transfer,PT,mobile,1,0
4706,2026-01-17 08:05:00,235,58.72,USD,entertainment,card,CO,mobile,1,0
4707,2026-01-17 08:10:00,471,36.65,USD,restaurants,digital_wallet,PT,desktop,1,0
4708,2026-01-17 08:15:00,549,96.72,USD,travel,bank_transfer,BR,mobile,1,0
4709,2026-01-17 08:20:00,768,31.2,USD,travel,bank_transfer,BR,mobile,0,0
4710,2026-01-17 08:25:00,427,35.02,USD,restaurants,card,BR,mobile,0,0
4711,2026-01-17 08:30:00,286,55.11,USD,travel,pix,US,mobile,1,0
4712,2026-01-17 08:35:00,796,17.07,USD,transport,card,CL,mobile,1,0
4713,2026-01-17 08:40:00,887,16.34,USD,utilities,card,BR,mobile,0,0
4714,2026-01-17 08:45:00,489,53.22,USD,travel,card,PT,mobile,1,0
4715,2026-01-17 08:50:00,29,32.16,USD,groceries,pix,PT,desktop,1,0
4716,2026-01-17 08:55:00,501,22.04,USD,travel,card,BR,mobile,1,0
4717,2026-01-17 09:00:00,890,30.48,USD,groceries,card,CL,mobile,1,0
4718,2026-01-17 09:05:00,990,163.13,USD,entertainment,pix,CL,desktop,1,0
4719,2026-01-17 09:10:00,402,21.26,USD,transport,card,BR,mobile,1,0
4720,2026-01-17 09:15:00,151,20.66,USD,electronics,card,CL,mobile,1,0
4721,2026-01-17 09:20:00,573,6.0,USD,entertainment,bank_transfer,BR,mobile,0,0
4722,2026-01-17 09:25:00,831,31.74,USD,utilities,digital_wallet,US,mobile,1,0
4723,2026-01-17 09:30:00,946,63.87,USD,travel,bank_transfer,MX,desktop,1,0
4724,2026-01-17 09:35:00,52,76.42,USD,groceries,pix,US,mobile,1,0
4725,2026-01-17 09:40:00,291,36.9,USD,transport,card,CO,desktop,0,0
4726,2026-01-17 09:45:00,478,86.13,USD,travel,card,BR,mobile,0,0
4727,2026-01-17 09:50:00,99,68.8,USD,groceries,pix,BR,mobile,1,0
4728,2026-01-17 09:55:00,887,100.78,USD,transport,digital_wallet,CO,mobile,1,0
4729,2026-01-17 10:00:00,113,88.62,USD,transport,card,BR,mobile,0,0
4730,2026-01-17 10:05:00,666,159.17,USD,transport,card,CO,desktop,1,0
4731,2026-01-17 10:10:00,919,27.95,USD,online_services,bank_transfer,BR,mobile,1,0
4732,2026-01-17 10:15:00,686,8.78,USD,online_services,pix,BR,tablet,1,0
4733,2026-01-17 10:20:00,764,64.31,USD,online_services,card,AR,mobile,1,0
4734,2026-01-17 10:25:00,264,72.28,USD,utilities,bank_transfer,CL,mobile,1,0
4735,2026-01-17 10:30:00,828,159.17,USD,online_services,pix,AR,tablet,1,0
4736,2026-01-17 10:35:00,419,119.26,USD,restaurants,digital_wallet,CL,mobile,0,0
4737,2026-01-17 10:40:00,62,231.71,USD,electronics,card,BR,mobile,1,0
4738,2026-01-17 10:45:00,367,61.55,USD,groceries,card,CO,desktop,1,0
4739,2026-01-17 10:50:00,350,41.63,USD,utilities,card,CL,mobile,1,0
4740,2026-01-17 10:55:00,522,8.29,USD,utilities,card,AR,mobile,0,0
4741,2026-01-17 11:00:00,265,45.06,USD,groceries,card,BR,mobile,0,0
4742,2026-01-17 11:05:00,463,19.06,USD,restaurants,card,AR,tablet,1,0
4743,2026-01-17 11:10:00,428,40.92,USD,restaurants,card,BR,desktop,1,0
4744,2026-01-17 11:15:00,327,34.97,USD,online_services,pix,CL,desktop,1,1
4745,2026-01-17 11:20:00,697,53.08,USD,utilities,card,BR,mobile,0,0
4746,2026-01-17 11:25:00,306,30.04,USD,transport,card,US,mobile,1,0
4747,2026-01-17 11:30:00,766,84.35,USD,groceries,pix,MX,mobile,1,0
4748,2026-01-17 11:35:00,251,2.17,USD,electronics,card,AR,mobile,1,0
4749,2026-01-17 11:40:00,865,40.04,USD,travel,card,MX,desktop,1,0
4750,2026-01-17 11:45:00,366,110.22,USD,groceries,digital_wallet,CL,mobile,1,0
4751,2026-01-17 11:50:00,41,214.87,USD,electronics,pix,BR,mobile,1,0
4752,2026-01-17 11:55:00,150,68.85,USD,travel,bank_transfer,CO,mobile,1,0
4753,2026-01-17 12:00:00,807,178.55,USD,online_services,card,PT,desktop,1,0
4754,2026-01-17 12:05:00,873,39.21,USD,restaurants,pix,BR,mobile,0,0
4755,2026-01-17 12:10:00,212,33.21,USD,restaurants,card,BR,mobile,0,0
4756,2026-01-17 12:15:00,603,56.23,USD,electronics,card,AR,desktop,1,0
4757,2026-01-17 12:20:00,575,33.01,USD,transport,bank_transfer,BR,mobile,1,0
4758,2026-01-17 12:25:00,134,15.14,USD,online_services,bank_transfer,CL,desktop,1,0
4759,2026-01-17 12:30:00,452,19.78,USD,utilities,pix,AR,mobile,0,0
4760,2026-01-17 12:35:00,694,10.89,USD,transport,card,MX,mobile,1,0
4761,2026-01-17 12:40:00,968,56.17,USD,transport,pix,BR,mobile,0,0
4762,2026-01-17 12:45:00,848,33.49,USD,entertainment,pix,BR,mobile,1,0
4763,2026-01-17 12:50:00,98,23.1,USD,utilities,pix,US,desktop,1,0
4764,2026-01-17 12:55:00,238,18.79,USD,restaurants,pix,BR,mobile,1,0
4765,2026-01-17 13:00:00,437,54.87,USD,transport,pix,AR,mobile,1,0
4766,2026-01-17 13:05:00,151,72.27,USD,travel,card,BR,mobile,1,0
4767,2026-01-17 13:10:00,571,10.69,USD,utilities,pix,BR,desktop,1,0
4768,2026-01-17 13:15:00,9,9.14,USD,transport,card,AR,mobile,1,0
4769,2026-01-17 13:20:00,114,86.01,USD,electronics,pix,BR,mobile,0,0
4770,2026-01-17 13:25:00,48,8.37,USD,entertainment,pix,CO,tablet,1,0
4771,2026-01-17 13:30:00,296,57.25,USD,electronics,card,CL,mobile,1,0
4772,2026-01-17 13:35:00,763,166.82,USD,utilities,card,US,desktop,1,0
4773,2026-01-17 13:40:00,178,167.21,USD,travel,pix,US,mobile,1,0
4774,2026-01-17 13:45:00,988,69.26,USD,online_services,pix,BR,mobile,0,0
4775,2026-01-17 13:50:00,270,67.28,USD,travel,card,BR,mobile,0,0
4776,2026-01-17 13:55:00,45,314.79,USD,online_services,card,US,desktop,1,0
4777,2026-01-17 14:00:00,336,3.21,USD,utilities,card,BR,mobile,1,0
4778,2026-01-17 14:05:00,749,20.81,USD,restaurants,card,BR,mobile,0,0
4779,2026-01-17 14:10:00,107,77.36,USD,online_services,pix,BR,desktop,1,0
4780,2026-01-17 14:15:00,72,23.63,USD,restaurants,card,CL,desktop,0,0
4781,2026-01-17 14:20:00,850,114.41,USD,transport,card,BR,mobile,1,0
4782,2026-01-17 14:25:00,593,31.84,USD,groceries,card,BR,mobile,1,0
4783,2026-01-17 14:30:00,344,37.78,USD,groceries,card,AR,mobile,1,0
4784,2026-01-17 14:35:00,757,25.16,USD,entertainment,card,CO,mobile,1,0
4785,2026-01-17 14:40:00,845,19.64,USD,groceries,digital_wallet,BR,desktop,0,0
4786,2026-01-17 14:45:00,360,19.16,USD,restaurants,pix,CO,mobile,1,0
4787,2026-01-17 14:50:00,562,43.43,USD,electronics,pix,AR,desktop,1,0
4788,2026-01-17 14:55:00,11,15.26,USD,utilities,card,BR,desktop,0,0
4789,2026-01-17 15:00:00,307,85.9,USD,utilities,digital_wallet,BR,desktop,1,0
4790,2026-01-17 15:05:00,596,63.64,USD,online_services,pix,BR,desktop,1,0
4791,2026-01-17 15:10:00,198,99.43,USD,groceries,card,BR,desktop,1,0
4792,2026-01-17 15:15:00,992,10.71,USD,restaurants,pix,US,mobile,1,0
4793,2026-01-17 15:20:00,972,6.05,USD,electronics,card,BR,desktop,1,0
4794,2026-01-17 15:25:00,258,32.98,USD,transport,digital_wallet,PT,desktop,1,0
4795,2026-01-17 15:30:00,397,601.12,USD,groceries,card,BR,mobile,1,0
4796,2026-01-17 15:35:00,190,117.47,USD,travel,bank_transfer,BR,mobile,0,0
4797,2026-01-17 15:40:00,504,19.02,USD,electronics,digital_wallet,CL,mobile,1,0
4798,2026-01-17 15:45:00,124,50.63,USD,electronics,pix,MX,mobile,1,0
4799,2026-01-17 15:50:00,391,68.55,USD,groceries,bank_transfer,BR,mobile,1,0
4800,2026-01-17 15:55:00,556,8.43,USD,electronics,card,BR,mobile,1,0
4801,2026-01-17 16:00:00,612,130.27,USD,electronics,pix,CL,mobile,1,0
4802,2026-01-17 16:05:00,597,28.01,USD,restaurants,card,BR,mobile,0,0
4803,2026-01-17 16:10:00,222,30.24,USD,utilities,card,CL,mobile,1,0
4804,2026-01-17 16:15:00,793,33.91,USD,online_services,pix,MX,desktop,1,0
4805,2026-01-17 16:20:00,692,104.02,USD,online_services,pix,BR,mobile,1,0
4806,2026-01-17 16:25:00,754,15.56,USD,entertainment,pix,MX,mobile,1,0
4807,2026-01-17 16:30:00,468,6.01,USD,entertainment,card,BR,mobile,0,0
4808,2026-01-17 16:35:00,893,45.74,USD,restaurants,card,US,mobile,1,0
4809,2026-01-17 16:40:00,390,4.29,USD,electronics,card,PT,mobile,1,1
4810,2026-01-17 16:45:00,806,24.51,USD,groceries,pix,CL,desktop,1,0
4811,2026-01-17 16:50:00,204,108.51,USD,travel,card,PT,mobile,1,0
4812,2026-01-17 16:55:00,248,59.09,USD,utilities,card,MX,mobile,1,1
4813,2026-01-17 17:00:00,527,93.91,USD,entertainment,digital_wallet,BR,mobile,1,0
4814,2026-01-17 17:05:00,556,61.58,USD,groceries,digital_wallet,BR,tablet,1,0
4815,2026-01-17 17:10:00,747,368.83,USD,travel,pix,BR,desktop,0,0
4816,2026-01-17 17:15:00,298,18.39,USD,online_services,card,AR,mobile,1,0
4817,2026-01-17 17:20:00,873,49.31,USD,groceries,pix,CL,mobile,1,0
4818,2026-01-17 17:25:00,330,21.37,USD,travel,pix,AR,mobile,1,0
4819,2026-01-17 17:30:00,535,86.21,USD,transport,card,CL,mobile,1,0
4820,2026-01-17 17:35:00,932,31.14,USD,online_services,digital_wallet,BR,mobile,1,0
4821,2026-01-17 17:40:00,540,184.72,USD,travel,card,BR,mobile,1,0
4822,2026-01-17 17:45:00,682,19.48,USD,utilities,card,BR,mobile,0,0
4823,2026-01-17 17:50:00,909,135.25,USD,travel,pix,PT,desktop,1,0
4824,2026-01-17 17:55:00,975,59.93,USD,online_services,bank_transfer,BR,mobile,0,0
4825,2026-01-17 18:00:00,500,32.06,USD,transport,bank_transfer,BR,tablet,0,0
4826,2026-01-17 18:05:00,417,56.97,USD,entertainment,card,BR,desktop,0,0
4827,2026-01-17 18:10:00,197,43.0,USD,electronics,pix,PT,mobile,1,0
4828,2026-01-17 18:15:00,538,47.27,USD,travel,bank_transfer,BR,mobile,1,0
4829,2026-01-17 18:20:00,919,26.93,USD,entertainment,pix,CL,desktop,1,0
4830,2026-01-17 18:25:00,488,16.42,USD,restaurants,card,BR,mobile,1,0
4831,2026-01-17 18:30:00,349,23.69,USD,utilities,pix,BR,mobile,1,0
4832,2026-01-17 18:35:00,108,6.15,USD,entertainment,bank_transfer,CO,mobile,1,0
4833,2026-01-17 18:40:00,390,76.86,USD,electronics,card,CL,mobile,1,0
4834,2026-01-17 18:45:00,237,9.63,USD,travel,pix,CL,mobile,1,0
4835,2026-01-17 18:50:00,977,26.64,USD,entertainment,pix,BR,mobile,0,0
4836,2026-01-17 18:55:00,528,63.31,USD,electronics,pix,PT,mobile,1,0
4837,2026-01-17 19:00:00,137,76.66,USD,entertainment,card,AR,mobile,1,0
4838,2026-01-17 19:05:00,68,5.61,USD,travel,card,PT,desktop,1,0
4839,2026-01-17 19:10:00,851,30.21,USD,utilities,pix,BR,mobile,0,0
4840,2026-01-17 19:15:00,932,52.44,USD,restaurants,card,BR,desktop,1,0
4841,2026-01-17 19:20:00,764,34.88,USD,groceries,card,BR,desktop,1,0
4842,2026-01-17 19:25:00,124,126.99,USD,electronics,card,CO,mobile,1,0
4843,2026-01-17 19:30:00,99,14.56,USD,utilities,card,CO,mobile,1,0
4844,2026-01-17 19:35:00,198,4.27,USD,groceries,pix,AR,mobile,1,0
4845,2026-01-17 19:40:00,752,74.46,USD,utilities,digital_wallet,BR,mobile,0,0
4846,2026-01-17 19:45:00,766,19.35,USD,electronics,card,BR,desktop,0,0
4847,2026-01-17 19:50:00,838,5.71,USD,restaurants,card,BR,mobile,0,0
4848,2026-01-17 19:55:00,97,28.26,USD,electronics,card,MX,desktop,1,0
4849,2026-01-17 20:00:00,154,113.36,USD,utilities,pix,BR,mobile,0,0
4850,2026-01-17 20:05:00,901,9.36,USD,utilities,pix,BR,desktop,1,0
4851,2026-01-17 20:10:00,929,342.41,USD,travel,bank_transfer,BR,mobile,0,0
4852,2026-01-17 20:15:00,726,14.33,USD,travel,pix,BR,mobile,0,0
4853,2026-01-17 20:20:00,107,36.13,USD,utilities,card,PT,desktop,1,0
4854,2026-01-17 20:25:00,69,9.79,USD,online_services,card,BR,mobile,0,0
4855,2026-01-17 20:30:00,56,34.52,USD,utilities,pix,US,mobile,1,0
4856,2026-01-17 20:35:00,692,28.97,USD,online_services,card,CL,desktop,1,0
4857,2026-01-17 20:40:00,846,7.47,USD,utilities,card,AR,mobile,1,0
4858,2026-01-17 20:45:00,632,558.82,USD,groceries,card,AR,desktop,1,0
4859,2026-01-17 20:50:00,263,20.18,USD,groceries,pix,CL,mobile,1,0
4860,2026-01-17 20:55:00,758,20.2,USD,travel,pix,CL,mobile,1,0
4861,2026-01-17 21:00:00,60,87.27,USD,online_services,bank_transfer,BR,mobile,1,0
4862,2026-01-17 21:05:00,829,203.21,USD,transport,card,US,mobile,1,0
4863,2026-01-17 21:10:00,892,102.15,USD,online_services,digital_wallet,BR,mobile,0,0
4864,2026-01-17 21:15:00,719,9.96,USD,utilities,pix,BR,mobile,0,0
4865,2026-01-17 21:20:00,880,41.01,USD,restaurants,pix,BR,mobile,0,0
4866,2026-01-17 21:25:00,587,5.05,USD,electronics,pix,CL,mobile,1,0
4867,2026-01-17 21:30:00,469,81.59,USD,restaurants,bank_transfer,BR,desktop,1,0
4868,2026-01-17 21:35:00,323,6.45,USD,groceries,pix,BR,mobile,0,0
4869,2026-01-17 21:40:00,922,14.83,USD,entertainment,card,BR,desktop,0,0
4870,2026-01-17 21:45:00,698,33.01,USD,restaurants,card,BR,mobile,0,0
4871,2026-01-17 21:50:00,191,51.68,USD,travel,digital_wallet,BR,desktop,1,1
4872,2026-01-17 21:55:00,957,25.51,USD,entertainment,pix,US,mobile,1,1
4873,2026-01-17 22:00:00,60,151.27,USD,electronics,bank_transfer,BR,desktop,1,0
4874,2026-01-17 22:05:00,588,68.25,USD,groceries,bank_transfer,PT,mobile,1,0
4875,2026-01-17 22:10:00,191,63.1,USD,groceries,card,CL,tablet,1,0
4876,2026-01-17 22:15:00,665,9.69,USD,electronics,bank_transfer,CO,mobile,1,0
4877,2026-01-17 22:20:00,413,181.16,USD,groceries,card,US,desktop,1,0
4878,2026-01-17 22:25:00,438,14.83,USD,utilities,card,BR,mobile,1,0
4879,2026-01-17 22:30:00,672,188.21,USD,restaurants,pix,AR,tablet,0,0
4880,2026-01-17 22:35:00,757,250.18,USD,groceries,bank_transfer,BR,mobile,0,0
4881,2026-01-17 22:40:00,381,55.29,USD,restaurants,pix,BR,mobile,1,0
4882,2026-01-17 22:45:00,998,92.95,USD,entertainment,card,BR,desktop,0,0
4883,2026-01-17 22:50:00,499,1.52,USD,travel,pix,CL,mobile,1,0
4884,2026-01-17 22:55:00,161,27.25,USD,entertainment,pix,MX,mobile,0,0
4885,2026-01-17 23:00:00,7,99.7,USD,transport,pix,BR,mobile,0,0
4886,2026-01-17 23:05:00,203,83.47,USD,transport,card,CO,desktop,1,0
4887,2026-01-17 23:10:00,692,9.78,USD,entertainment,card,BR,mobile,1,0
4888,2026-01-17 23:15:00,540,24.69,USD,groceries,pix,BR,mobile,1,0
4889,2026-01-17 23:20:00,338,2.62,USD,electronics,card,BR,desktop,0,0
4890,2026-01-17 23:25:00,482,50.05,USD,groceries,bank_transfer,AR,mobile,1,0
4891,2026-01-17 23:30:00,839,5.04,USD,electronics,card,AR,mobile,1,0
4892,2026-01-17 23:35:00,572,102.56,USD,online_services,pix,BR,desktop,1,0
4893,2026-01-17 23:40:00,59,108.06,USD,utilities,bank_transfer,BR,mobile,1,0
4894,2026-01-17 23:45:00,50,20.61,USD,entertainment,pix,AR,mobile,1,0
4895,2026-01-17 23:50:00,483,55.77,USD,entertainment,bank_transfer,MX,mobile,1,0
4896,2026-01-17 23:55:00,405,26.65,USD,electronics,card,BR,mobile,0,0
4897,2026-01-18 00:00:00,851,42.18,USD,entertainment,card,CO,tablet,1,0
4898,2026-01-18 00:05:00,583,10.51,USD,utilities,pix,CL,desktop,0,0
4899,2026-01-18 00:10:00,757,61.71,USD,travel,bank_transfer,AR,desktop,1,0
4900,2026-01-18 00:15:00,586,6.42,USD,groceries,pix,BR,desktop,1,0
4901,2026-01-18 00:20:00,346,5.31,USD,entertainment,card,US,desktop,1,0
4902,2026-01-18 00:25:00,658,29.31,USD,restaurants,card,AR,mobile,1,0
4903,2026-01-18 00:30:00,622,26.81,USD,transport,bank_transfer,BR,mobile,1,0
4904,2026-01-18 00:35:00,721,43.48,USD,restaurants,pix,US,desktop,1,0
4905,2026-01-18 00:40:00,190,17.3,USD,groceries,card,MX,mobile,1,0
4906,2026-01-18 00:45:00,642,218.26,USD,utilities,pix,CO,tablet,1,0
4907,2026-01-18 00:50:00,286,38.88,USD,entertainment,card,MX,desktop,1,0
4908,2026-01-18 00:55:00,791,41.8,USD,electronics,card,BR,mobile,1,0
4909,2026-01-18 01:00:00,799,40.34,USD,electronics,digital_wallet,CO,mobile,0,0
4910,2026-01-18 01:05:00,625,90.28,USD,entertainment,pix,BR,mobile,1,0
4911,2026-01-18 01:10:00,947,58.91,USD,travel,card,US,desktop,1,0
4912,2026-01-18 01:15:00,538,51.52,USD,restaurants,bank_transfer,BR,desktop,1,0
4913,2026-01-18 01:20:00,26,69.13,USD,electronics,digital_wallet,BR,mobile,0,0
4914,2026-01-18 01:25:00,607,5.34,USD,utilities,bank_transfer,BR,mobile,0,0
4915,2026-01-18 01:30:00,778,5.55,USD,travel,pix,CO,mobile,1,0
4916,2026-01-18 01:35:00,102,30.69,USD,utilities,digital_wallet,AR,mobile,1,0
4917,2026-01-18 01:40:00,105,27.18,USD,travel,card,CO,mobile,1,0
4918,2026-01-18 01:45:00,274,59.13,USD,electronics,bank_transfer,BR,tablet,1,0
4919,2026-01-18 01:50:00,845,33.78,USD,entertainment,card,BR,mobile,0,0
4920,2026-01-18 01:55:00,528,59.26,USD,restaurants,card,AR,mobile,1,0
4921,2026-01-18 02:00:00,977,9.53,USD,entertainment,card,BR,desktop,0,0
4922,2026-01-18 02:05:00,873,32.76,USD,entertainment,card,CL,desktop,1,0
4923,2026-01-18 02:10:00,555,8.66,USD,transport,bank_transfer,PT,mobile,1,0
4924,2026-01-18 02:15:00,680,48.76,USD,transport,bank_transfer,CL,mobile,1,0
4925,2026-01-18 02:20:00,332,5.06,USD,groceries,card,BR,mobile,1,0
4926,2026-01-18 02:25:00,91,46.91,USD,restaurants,bank_transfer,AR,mobile,1,0
4927,2026-01-18 02:30:00,399,7.62,USD,groceries,bank_transfer,US,mobile,1,0
4928,2026-01-18 02:35:00,593,22.57,USD,travel,card,CL,mobile,0,0
4929,2026-01-18 02:40:00,183,81.04,USD,groceries,pix,MX,mobile,1,0
4930,2026-01-18 02:45:00,222,41.57,USD,travel,card,BR,mobile,1,0
4931,2026-01-18 02:50:00,15,6.39,USD,groceries,card,CO,mobile,1,0
4932,2026-01-18 02:55:00,735,16.9,USD,utilities,pix,BR,mobile,1,0
4933,2026-01-18 03:00:00,900,7.38,USD,entertainment,digital_wallet,CO,mobile,1,0
4934,2026-01-18 03:05:00,828,6.08,USD,transport,card,US,mobile,1,0
4935,2026-01-18 03:10:00,380,37.25,USD,entertainment,card,US,mobile,1,0
4936,2026-01-18 03:15:00,594,57.99,USD,restaurants,pix,BR,mobile,1,0
4937,2026-01-18 03:20:00,961,51.45,USD,entertainment,pix,MX,mobile,1,0
4938,2026-01-18 03:25:00,592,60.5,USD,entertainment,digital_wallet,BR,mobile,1,0
4939,2026-01-18 03:30:00,296,32.72,USD,electronics,pix,AR,mobile,1,0
4940,2026-01-18 03:35:00,339,25.19,USD,entertainment,bank_transfer,CL,mobile,1,0
4941,2026-01-18 03:40:00,728,11.32,USD,online_services,pix,AR,mobile,1,0
4942,2026-01-18 03:45:00,447,21.33,USD,electronics,card,BR,mobile,0,0
4943,2026-01-18 03:50:00,838,8.83,USD,transport,pix,CL,mobile,1,0
4944,2026-01-18 03:55:00,865,14.22,USD,electronics,card,CL,mobile,0,0
4945,2026-01-18 04:00:00,36,36.2,USD,travel,pix,AR,mobile,1,0
4946,2026-01-18 04:05:00,724,29.44,USD,groceries,card,AR,mobile,1,0
4947,2026-01-18 04:10:00,370,709.62,USD,online_services,card,CO,mobile,1,0
4948,2026-01-18 04:15:00,520,8.62,USD,electronics,digital_wallet,BR,mobile,1,0
4949,2026-01-18 04:20:00,265,29.22,USD,online_services,digital_wallet,BR,mobile,0,0
4950,2026-01-18 04:25:00,369,7.97,USD,online_services,pix,AR,desktop,1,0
4951,2026-01-18 04:30:00,331,22.47,USD,groceries,bank_transfer,CO,mobile,0,0
4952,2026-01-18 04:35:00,51,23.4,USD,groceries,digital_wallet,BR,mobile,0,0
4953,2026-01-18 04:40:00,783,77.08,USD,restaurants,card,BR,desktop,0,0
4954,2026-01-18 04:45:00,144,21.12,USD,travel,pix,US,desktop,1,0
4955,2026-01-18 04:50:00,376,27.35,USD,transport,card,US,desktop,1,0
4956,2026-01-18 04:55:00,194,21.54,USD,groceries,bank_transfer,CL,mobile,1,0
4957,2026-01-18 05:00:00,161,8.16,USD,travel,card,MX,mobile,0,0
4958,2026-01-18 05:05:00,374,17.25,USD,transport,bank_transfer,PT,mobile,1,0
4959,2026-01-18 05:10:00,919,22.6,USD,utilities,card,AR,mobile,0,0
4960,2026-01-18 05:15:00,945,35.65,USD,utilities,pix,BR,mobile,0,0
4961,2026-01-18 05:20:00,382,57.91,USD,utilities,bank_transfer,CL,mobile,1,0
4962,2026-01-18 05:25:00,506,26.19,USD,travel,card,US,mobile,1,0
4963,2026-01-18 05:30:00,986,25.73,USD,entertainment,digital_wallet,CL,mobile,1,0
4964,2026-01-18 05:35:00,235,5.93,USD,groceries,card,BR,mobile,0,0
4965,2026-01-18 05:40:00,945,56.81,USD,utilities,pix,US,mobile,1,0
4966,2026-01-18 05:45:00,106,16.51,USD,electronics,pix,CO,mobile,1,0
4967,2026-01-18 05:50:00,226,69.9,USD,groceries,card,BR,mobile,1,0
4968,2026-01-18 05:55:00,339,123.52,USD,groceries,pix,PT,mobile,1,0
4969,2026-01-18 06:00:00,38,27.44,USD,transport,pix,CO,mobile,1,0
4970,2026-01-18 06:05:00,816,11.9,USD,transport,pix,MX,desktop,1,0
4971,2026-01-18 06:10:00,856,32.57,USD,restaurants,pix,US,mobile,1,0
4972,2026-01-18 06:15:00,384,46.93,USD,utilities,card,BR,mobile,0,0
4973,2026-01-18 06:20:00,837,24.15,USD,electronics,card,CO,mobile,1,1
4974,2026-01-18 06:25:00,773,18.84,USD,transport,card,BR,mobile,0,0
4975,2026-01-18 06:30:00,802,58.18,USD,entertainment,digital_wallet,US,mobile,1,0
4976,2026-01-18 06:35:00,803,54.47,USD,electronics,card,US,mobile,1,0
4977,2026-01-18 06:40:00,574,23.42,USD,utilities,card,MX,mobile,1,0
4978,2026-01-18 06:45:00,111,6.33,USD,travel,card,CO,desktop,1,0
4979,2026-01-18 06:50:00,924,52.27,USD,entertainment,bank_transfer,MX,mobile,0,0
4980,2026-01-18 06:55:00,609,15.37,USD,utilities,pix,BR,mobile,0,0
4981,2026-01-18 07:00:00,902,41.03,USD,groceries,card,BR,desktop,0,0
4982,2026-01-18 07:05:00,960,38.52,USD,groceries,bank_transfer,BR,mobile,0,0
4983,2026-01-18 07:10:00,188,5.01,USD,entertainment,digital_wallet,MX,mobile,1,0
4984,2026-01-18 07:15:00,403,35.91,USD,travel,bank_transfer,CL,mobile,0,0
4985,2026-01-18 07:20:00,193,55.4,USD,restaurants,pix,CL,desktop,1,0
4986,2026-01-18 07:25:00,51,62.62,USD,groceries,card,BR,desktop,0,0
4987,2026-01-18 07:30:00,967,37.24,USD,online_services,card,CL,mobile,1,0
4988,2026-01-18 07:35:00,924,4.59,USD,groceries,card,AR,mobile,1,0
4989,2026-01-18 07:40:00,932,118.76,USD,electronics,pix,PT,mobile,1,0
4990,2026-01-18 07:45:00,884,49.95,USD,restaurants,card,US,mobile,1,0
4991,2026-01-18 07:50:00,649,9.94,USD,electronics,pix,AR,desktop,1,0
4992,2026-01-18 07:55:00,523,15.06,USD,entertainment,pix,MX,mobile,1,0
4993,2026-01-18 08:00:00,992,41.73,USD,travel,pix,BR,mobile,0,0
4994,2026-01-18 08:05:00,553,65.35,USD,groceries,card,BR,mobile,1,0
4995,2026-01-18 08:10:00,643,20.33,USD,groceries,bank_transfer,CL,desktop,1,0
4996,2026-01-18 08:15:00,212,75.61,USD,online_services,pix,CO,desktop,1,0
4997,2026-01-18 08:20:00,747,5.51,USD,transport,pix,BR,mobile,0,0
4998,2026-01-18 08:25:00,820,11.68,USD,electronics,digital_wallet,BR,desktop,0,0
4999,2026-01-18 08:30:00,679,4.2,USD,utilities,card,AR,desktop,1,0
5000,2026-01-18 08:35:00,499,13.5,USD,utilities,bank_transfer,BR,tablet,1,0
5001,2026-01-18 08:40:00,198,149.62,USD,transport,bank_transfer,BR,mobile,1,1
5002,2026-01-18 08:45:00,34,259.25,USD,restaurants,digital_wallet,AR,mobile,1,0
5003,2026-01-18 08:50:00,628,41.87,USD,electronics,card,US,desktop,1,0
5004,2026-01-18 08:55:00,684,17.49,USD,transport,card,BR,mobile,0,0
5005,2026-01-18 09:00:00,773,26.53,USD,entertainment,card,BR,mobile,0,0
5006,2026-01-18 09:05:00,951,53.16,USD,entertainment,bank_transfer,BR,desktop,0,0
5007,2026-01-18 09:10:00,498,6.94,USD,transport,card,BR,tablet,1,0
5008,2026-01-18 09:15:00,830,18.68,USD,electronics,card,CO,mobile,1,0
5009,2026-01-18 09:20:00,717,139.06,USD,entertainment,digital_wallet,BR,mobile,1,0
5010,2026-01-18 09:25:00,278,11.64,USD,travel,card,BR,desktop,1,0
5011,2026-01-18 09:30:00,846,15.66,USD,travel,card,US,mobile,1,0
5012,2026-01-18 09:35:00,54,33.56,USD,utilities,bank_transfer,MX,mobile,1,0
5013,2026-01-18 09:40:00,599,43.95,USD,entertainment,card,BR,mobile,1,0
5014,2026-01-18 09:45:00,941,17.73,USD,entertainment,pix,BR,mobile,1,0
5015,2026-01-18 09:50:00,659,35.76,USD,electronics,card,MX,mobile,1,0
5016,2026-01-18 09:55:00,938,60.82,USD,utilities,pix,CL,mobile,1,0
5017,2026-01-18 10:00:00,57,235.44,USD,groceries,card,US,desktop,1,0
5018,2026-01-18 10:05:00,533,29.19,USD,groceries,bank_transfer,BR,mobile,0,0
5019,2026-01-18 10:10:00,781,31.78,USD,entertainment,card,CO,mobile,1,0
5020,2026-01-18 10:15:00,643,152.54,USD,travel,card,BR,mobile,0,0
5021,2026-01-18 10:20:00,881,19.12,USD,transport,digital_wallet,BR,mobile,0,0
5022,2026-01-18 10:25:00,463,8.81,USD,travel,bank_transfer,CO,desktop,1,0
5023,2026-01-18 10:30:00,683,42.53,USD,groceries,pix,CO,mobile,1,0
5024,2026-01-18 10:35:00,420,97.14,USD,travel,digital_wallet,BR,desktop,1,0
5025,2026-01-18 10:40:00,873,47.52,USD,transport,card,BR,mobile,0,0
5026,2026-01-18 10:45:00,120,30.05,USD,travel,pix,CO,tablet,1,0
5027,2026-01-18 10:50:00,255,7.78,USD,transport,digital_wallet,BR,mobile,1,0
5028,2026-01-18 10:55:00,97,31.24,USD,entertainment,pix,BR,tablet,0,0
5029,2026-01-18 11:00:00,703,113.65,USD,groceries,card,BR,mobile,1,0
5030,2026-01-18 11:05:00,233,9.64,USD,utilities,bank_transfer,BR,mobile,0,0
5031,2026-01-18 11:10:00,318,25.93,USD,electronics,card,MX,mobile,1,0
5032,2026-01-18 11:15:00,837,22.48,USD,restaurants,card,BR,mobile,0,0
5033,2026-01-18 11:20:00,361,16.48,USD,online_services,pix,AR,mobile,1,0
5034,2026-01-18 11:25:00,146,42.43,USD,groceries,card,CL,desktop,1,0
5035,2026-01-18 11:30:00,21,51.59,USD,travel,card,BR,mobile,1,0
5036,2026-01-18 11:35:00,227,51.05,USD,groceries,card,CL,mobile,1,0
5037,2026-01-18 11:40:00,915,12.47,USD,online_services,card,BR,mobile,1,0
5038,2026-01-18 11:45:00,549,6.39,USD,restaurants,pix,MX,mobile,0,0
5039,2026-01-18 11:50:00,995,43.05,USD,transport,pix,MX,mobile,1,0
5040,2026-01-18 11:55:00,216,19.97,USD,entertainment,pix,MX,mobile,1,0
5041,2026-01-18 12:00:00,352,208.16,USD,online_services,pix,BR,mobile,1,0
5042,2026-01-18 12:05:00,164,218.0,USD,electronics,card,MX,tablet,1,0
5043,2026-01-18 12:10:00,399,242.42,USD,transport,card,CL,mobile,1,0
5044,2026-01-18 12:15:00,564,12.93,USD,transport,digital_wallet,BR,mobile,1,0
5045,2026-01-18 12:20:00,809,58.52,USD,online_services,card,BR,mobile,0,0
5046,2026-01-18 12:25:00,369,79.12,USD,online_services,card,BR,mobile,1,0
5047,2026-01-18 12:30:00,772,70.69,USD,groceries,digital_wallet,BR,mobile,1,0
5048,2026-01-18 12:35:00,627,23.23,USD,online_services,card,BR,mobile,0,0
5049,2026-01-18 12:40:00,292,119.0,USD,utilities,pix,US,desktop,1,0
5050,2026-01-18 12:45:00,913,33.13,USD,travel,card,PT,mobile,1,0
5051,2026-01-18 12:50:00,435,37.64,USD,transport,pix,BR,mobile,0,0
5052,2026-01-18 12:55:00,151,7.11,USD,electronics,card,US,mobile,1,0
5053,2026-01-18 13:00:00,963,63.1,USD,utilities,pix,CO,mobile,1,0
5054,2026-01-18 13:05:00,914,25.52,USD,transport,bank_transfer,AR,mobile,1,0
5055,2026-01-18 13:10:00,50,52.71,USD,transport,pix,PT,mobile,1,0
5056,2026-01-18 13:15:00,903,41.89,USD,electronics,card,CO,mobile,1,0
5057,2026-01-18 13:20:00,948,39.68,USD,groceries,card,AR,mobile,1,0
5058,2026-01-18 13:25:00,830,31.64,USD,electronics,bank_transfer,BR,mobile,0,0
5059,2026-01-18 13:30:00,255,72.72,USD,restaurants,digital_wallet,BR,desktop,1,0
5060,2026-01-18 13:35:00,632,27.14,USD,groceries,card,US,tablet,1,1
5061,2026-01-18 13:40:00,539,7.73,USD,electronics,card,BR,mobile,0,0
5062,2026-01-18 13:45:00,621,58.5,USD,utilities,pix,BR,desktop,1,0
5063,2026-01-18 13:50:00,617,14.75,USD,online_services,bank_transfer,BR,desktop,1,0
5064,2026-01-18 13:55:00,640,8.81,USD,electronics,digital_wallet,AR,mobile,1,0
5065,2026-01-18 14:00:00,515,11.91,USD,utilities,pix,BR,mobile,0,0
5066,2026-01-18 14:05:00,691,43.96,USD,restaurants,card,US,mobile,1,0
5067,2026-01-18 14:10:00,527,30.07,USD,entertainment,bank_transfer,BR,desktop,1,0
5068,2026-01-18 14:15:00,17,3.92,USD,entertainment,bank_transfer,US,desktop,1,1
5069,2026-01-18 14:20:00,36,22.56,USD,transport,card,AR,mobile,1,0
5070,2026-01-18 14:25:00,959,106.62,USD,electronics,pix,AR,mobile,0,0
5071,2026-01-18 14:30:00,910,21.09,USD,entertainment,card,BR,mobile,0,0
5072,2026-01-18 14:35:00,586,28.07,USD,transport,card,BR,mobile,1,0
5073,2026-01-18 14:40:00,175,93.97,USD,travel,bank_transfer,US,mobile,1,0
5074,2026-01-18 14:45:00,782,73.37,USD,restaurants,card,CO,mobile,1,0
5075,2026-01-18 14:50:00,144,92.0,USD,travel,bank_transfer,BR,desktop,0,0
5076,2026-01-18 14:55:00,378,2.07,USD,groceries,card,US,mobile,1,0
5077,2026-01-18 15:00:00,330,187.45,USD,electronics,card,MX,mobile,0,0
5078,2026-01-18 15:05:00,13,62.58,USD,travel,pix,BR,mobile,0,0
5079,2026-01-18 15:10:00,808,388.18,USD,utilities,card,CL,mobile,0,0
5080,2026-01-18 15:15:00,510,15.15,USD,electronics,pix,MX,mobile,1,1
5081,2026-01-18 15:20:00,317,5.68,USD,groceries,card,MX,mobile,1,0
5082,2026-01-18 15:25:00,508,33.36,USD,groceries,pix,BR,mobile,0,0
5083,2026-01-18 15:30:00,1,25.14,USD,travel,digital_wallet,BR,desktop,1,0
5084,2026-01-18 15:35:00,437,63.67,USD,utilities,card,BR,desktop,0,0
5085,2026-01-18 15:40:00,520,97.02,USD,online_services,card,BR,mobile,1,0
5086,2026-01-18 15:45:00,340,30.35,USD,utilities,bank_transfer,BR,mobile,1,0
5087,2026-01-18 15:50:00,831,26.03,USD,transport,card,CL,mobile,1,0
5088,2026-01-18 15:55:00,250,55.85,USD,electronics,card,AR,mobile,0,0
5089,2026-01-18 16:00:00,138,25.63,USD,online_services,bank_transfer,BR,mobile,1,0
5090,2026-01-18 16:05:00,528,23.57,USD,utilities,card,AR,mobile,1,0
5091,2026-01-18 16:10:00,888,93.42,USD,electronics,pix,BR,mobile,0,0
5092,2026-01-18 16:15:00,376,116.72,USD,electronics,card,BR,mobile,1,0
5093,2026-01-18 16:20:00,47,97.9,USD,groceries,pix,MX,desktop,1,0
5094,2026-01-18 16:25:00,970,27.99,USD,restaurants,pix,US,mobile,1,0
5095,2026-01-18 16:30:00,445,3.9,USD,travel,pix,BR,mobile,1,0
5096,2026-01-18 16:35:00,173,28.55,USD,travel,pix,US,desktop,1,0
5097,2026-01-18 16:40:00,616,15.52,USD,travel,card,US,mobile,1,0
5098,2026-01-18 16:45:00,320,29.09,USD,transport,card,CL,mobile,1,0
5099,2026-01-18 16:50:00,938,16.93,USD,restaurants,bank_transfer,PT,mobile,1,0
5100,2026-01-18 16:55:00,294,32.44,USD,electronics,bank_transfer,BR,mobile,0,0
5101,2026-01-18 17:00:00,551,11.71,USD,online_services,bank_transfer,BR,mobile,0,0
5102,2026-01-18 17:05:00,544,9.2,USD,online_services,pix,MX,mobile,1,0
5103,2026-01-18 17:10:00,243,112.47,USD,groceries,pix,AR,tablet,0,0
5104,2026-01-18 17:15:00,500,12.56,USD,transport,pix,BR,mobile,0,0
5105,2026-01-18 17:20:00,110,33.13,USD,travel,pix,BR,mobile,1,0
5106,2026-01-18 17:25:00,644,86.01,USD,restaurants,card,BR,mobile,1,0
5107,2026-01-18 17:30:00,759,82.62,USD,transport,card,BR,mobile,0,0
5108,2026-01-18 17:35:00,951,73.32,USD,restaurants,card,BR,mobile,0,0
5109,2026-01-18 17:40:00,326,44.83,USD,electronics,card,PT,mobile,1,0
5110,2026-01-18 17:45:00,286,68.31,USD,online_services,pix,BR,mobile,0,0
5111,2026-01-18 17:50:00,549,130.72,USD,online_services,card,MX,desktop,0,0
5112,2026-01-18 17:55:00,693,50.65,USD,groceries,pix,BR,desktop,1,0
5113,2026-01-18 18:00:00,993,5.27,USD,entertainment,digital_wallet,BR,mobile,1,0
5114,2026-01-18 18:05:00,26,19.52,USD,online_services,digital_wallet,US,mobile,1,0
5115,2026-01-18 18:10:00,239,66.44,USD,utilities,bank_transfer,BR,mobile,0,0
5116,2026-01-18 18:15:00,263,17.69,USD,groceries,bank_transfer,BR,mobile,0,0
5117,2026-01-18 18:20:00,256,167.35,USD,electronics,card,MX,mobile,1,0
5118,2026-01-18 18:25:00,464,31.09,USD,utilities,pix,BR,tablet,0,0
5119,2026-01-18 18:30:00,873,36.06,USD,online_services,pix,BR,mobile,0,0
5120,2026-01-18 18:35:00,31,101.98,USD,transport,digital_wallet,PT,mobile,1,0
5121,2026-01-18 18:40:00,816,27.58,USD,transport,pix,BR,mobile,0,0
5122,2026-01-18 18:45:00,618,39.5,USD,restaurants,card,CL,mobile,1,0
5123,2026-01-18 18:50:00,616,81.38,USD,online_services,bank_transfer,BR,desktop,0,0
5124,2026-01-18 18:55:00,679,7.6,USD,restaurants,pix,BR,mobile,0,0
5125,2026-01-18 19:00:00,116,24.9,USD,transport,card,AR,mobile,1,0
5126,2026-01-18 19:05:00,747,75.88,USD,restaurants,pix,CL,mobile,1,0
5127,2026-01-18 19:10:00,249,35.36,USD,online_services,pix,BR,desktop,1,0
5128,2026-01-18 19:15:00,517,143.64,USD,groceries,pix,US,mobile,1,0
5129,2026-01-18 19:20:00,677,6.85,USD,travel,digital_wallet,MX,mobile,1,0
5130,2026-01-18 19:25:00,604,6.11,USD,restaurants,pix,AR,mobile,1,0
5131,2026-01-18 19:30:00,324,71.5,USD,electronics,bank_transfer,AR,mobile,1,0
5132,2026-01-18 19:35:00,397,78.71,USD,travel,card,CL,tablet,1,0
5133,2026-01-18 19:40:00,477,27.3,USD,entertainment,card,CO,mobile,1,0
5134,2026-01-18 19:45:00,42,49.42,USD,travel,card,BR,mobile,1,0
5135,2026-01-18 19:50:00,727,69.77,USD,electronics,pix,US,desktop,1,0
5136,2026-01-18 19:55:00,100,14.67,USD,transport,bank_transfer,AR,tablet,1,0
5137,2026-01-18 20:00:00,459,16.33,USD,utilities,pix,US,mobile,1,0
5138,2026-01-18 20:05:00,655,40.03,USD,entertainment,card,PT,mobile,1,0
5139,2026-01-18 20:10:00,81,81.78,USD,entertainment,pix,BR,tablet,1,0
5140,2026-01-18 20:15:00,996,10.32,USD,utilities,digital_wallet,BR,mobile,0,0
5141,2026-01-18 20:20:00,378,27.17,USD,restaurants,card,AR,mobile,1,0
5142,2026-01-18 20:25:00,16,25.94,USD,online_services,card,AR,mobile,1,0
5143,2026-01-18 20:30:00,659,50.3,USD,online_services,pix,MX,desktop,1,0
5144,2026-01-18 20:35:00,558,32.83,USD,electronics,pix,BR,mobile,1,0
5145,2026-01-18 20:40:00,641,19.18,USD,restaurants,card,CL,mobile,1,0
5146,2026-01-18 20:45:00,752,115.42,USD,transport,card,US,mobile,1,0
5147,2026-01-18 20:50:00,476,19.31,USD,electronics,pix,PT,desktop,1,0
5148,2026-01-18 20:55:00,827,24.73,USD,online_services,card,BR,mobile,0,0
5149,2026-01-18 21:00:00,371,6.74,USD,transport,card,PT,mobile,1,0
5150,2026-01-18 21:05:00,546,16.22,USD,online_services,card,BR,mobile,1,0
5151,2026-01-18 21:10:00,159,55.48,USD,restaurants,card,AR,mobile,1,0
5152,2026-01-18 21:15:00,620,45.63,USD,online_services,card,BR,mobile,0,0
5153,2026-01-18 21:20:00,262,60.31,USD,online_services,bank_transfer,CL,mobile,1,0
5154,2026-01-18 21:25:00,697,57.45,USD,travel,card,BR,desktop,0,0
5155,2026-01-18 21:30:00,802,267.12,USD,groceries,pix,BR,mobile,0,0
5156,2026-01-18 21:35:00,859,15.68,USD,travel,pix,BR,mobile,0,0
5157,2026-01-18 21:40:00,930,6.56,USD,online_services,card,US,mobile,1,0
5158,2026-01-18 21:45:00,123,11.58,USD,online_services,pix,AR,mobile,1,0
5159,2026-01-18 21:50:00,138,16.38,USD,electronics,card,CO,mobile,1,0
5160,2026-01-18 21:55:00,927,12.5,USD,electronics,digital_wallet,CL,mobile,1,0
5161,2026-01-18 22:00:00,381,36.37,USD,electronics,pix,BR,desktop,1,0
5162,2026-01-18 22:05:00,27,115.89,USD,restaurants,card,BR,mobile,1,0
5163,2026-01-18 22:10:00,287,154.42,USD,entertainment,digital_wallet,BR,mobile,0,0
5164,2026-01-18 22:15:00,837,54.83,USD,online_services,card,AR,desktop,1,0
5165,2026-01-18 22:20:00,355,281.82,USD,transport,card,US,mobile,1,0
5166,2026-01-18 22:25:00,77,23.19,USD,utilities,card,BR,mobile,1,0
5167,2026-01-18 22:30:00,723,6.47,USD,groceries,pix,CL,mobile,1,0
5168,2026-01-18 22:35:00,195,94.93,USD,groceries,pix,MX,mobile,1,0
5169,2026-01-18 22:40:00,353,5.27,USD,online_services,pix,US,mobile,1,0
5170,2026-01-18 22:45:00,4,15.56,USD,groceries,digital_wallet,BR,tablet,1,1
5171,2026-01-18 22:50:00,602,55.71,USD,electronics,digital_wallet,US,mobile,1,0
5172,2026-01-18 22:55:00,446,29.89,USD,online_services,card,CL,mobile,1,0
5173,2026-01-18 23:00:00,868,27.36,USD,transport,digital_wallet,AR,mobile,1,0
5174,2026-01-18 23:05:00,335,10.17,USD,transport,card,CO,mobile,1,0
5175,2026-01-18 23:10:00,205,32.76,USD,groceries,digital_wallet,BR,mobile,0,0
5176,2026-01-18 23:15:00,166,90.35,USD,entertainment,card,MX,mobile,1,0
5177,2026-01-18 23:20:00,201,33.78,USD,transport,card,CL,mobile,1,0
5178,2026-01-18 23:25:00,452,14.44,USD,groceries,card,MX,desktop,1,0
5179,2026-01-18 23:30:00,88,9.51,USD,electronics,card,US,mobile,1,0
5180,2026-01-18 23:35:00,403,14.74,USD,restaurants,bank_transfer,CL,mobile,0,0
5181,2026-01-18 23:40:00,855,49.03,USD,utilities,card,BR,mobile,0,0
5182,2026-01-18 23:45:00,768,46.69,USD,entertainment,card,BR,mobile,0,0
5183,2026-01-18 23:50:00,638,14.87,USD,online_services,digital_wallet,US,mobile,1,0
5184,2026-01-18 23:55:00,894,3.63,USD,online_services,pix,CL,mobile,1,0
5185,2026-01-19 00:00:00,781,50.4,USD,utilities,pix,US,mobile,1,0
5186,2026-01-19 00:05:00,653,13.49,USD,travel,digital_wallet,BR,mobile,0,0
5187,2026-01-19 00:10:00,864,65.96,USD,restaurants,card,AR,mobile,1,0
5188,2026-01-19 00:15:00,125,15.55,USD,groceries,card,US,mobile,1,0
5189,2026-01-19 00:20:00,819,12.33,USD,groceries,card,CO,mobile,0,0
5190,2026-01-19 00:25:00,296,38.6,USD,restaurants,card,BR,mobile,0,0
5191,2026-01-19 00:30:00,734,349.92,USD,online_services,card,BR,mobile,1,0
5192,2026-01-19 00:35:00,914,70.04,USD,restaurants,pix,US,mobile,1,0
5193,2026-01-19 00:40:00,497,37.95,USD,groceries,card,MX,mobile,1,0
5194,2026-01-19 00:45:00,89,47.41,USD,online_services,pix,BR,mobile,1,0
5195,2026-01-19 00:50:00,371,5.75,USD,electronics,pix,AR,mobile,1,0
5196,2026-01-19 00:55:00,407,10.78,USD,electronics,card,BR,mobile,1,0
5197,2026-01-19 01:00:00,937,2.69,USD,transport,pix,BR,tablet,0,0
5198,2026-01-19 01:05:00,943,186.77,USD,online_services,card,BR,desktop,1,0
5199,2026-01-19 01:10:00,569,152.53,USD,transport,bank_transfer,BR,tablet,1,0
5200,2026-01-19 01:15:00,951,49.05,USD,utilities,card,MX,mobile,1,0
5201,2026-01-19 01:20:00,437,37.91,USD,online_services,bank_transfer,BR,tablet,0,0
5202,2026-01-19 01:25:00,412,7.02,USD,electronics,pix,MX,mobile,1,0
5203,2026-01-19 01:30:00,837,26.59,USD,entertainment,pix,AR,mobile,1,0
5204,2026-01-19 01:35:00,668,198.82,USD,groceries,card,BR,mobile,1,0
5205,2026-01-19 01:40:00,523,37.77,USD,utilities,card,BR,mobile,1,0
5206,2026-01-19 01:45:00,457,18.83,USD,online_services,card,BR,mobile,1,0
5207,2026-01-19 01:50:00,706,5.71,USD,restaurants,pix,CL,mobile,1,0
5208,2026-01-19 01:55:00,754,131.67,USD,groceries,pix,US,tablet,1,0
5209,2026-01-19 02:00:00,491,30.87,USD,groceries,bank_transfer,CO,mobile,1,0
5210,2026-01-19 02:05:00,32,5.72,USD,utilities,card,CO,mobile,1,0
5211,2026-01-19 02:10:00,102,13.14,USD,restaurants,digital_wallet,US,mobile,1,1
5212,2026-01-19 02:15:00,145,9.23,USD,electronics,digital_wallet,CO,mobile,1,1
5213,2026-01-19 02:20:00,463,29.03,USD,transport,card,AR,desktop,1,0
5214,2026-01-19 02:25:00,615,40.75,USD,transport,card,CO,mobile,1,0
5215,2026-01-19 02:30:00,804,20.02,USD,restaurants,pix,BR,mobile,1,0
5216,2026-01-19 02:35:00,233,72.03,USD,electronics,card,BR,desktop,0,0
5217,2026-01-19 02:40:00,787,35.83,USD,online_services,card,CO,mobile,1,0
5218,2026-01-19 02:45:00,667,95.8,USD,transport,pix,CO,desktop,1,0
5219,2026-01-19 02:50:00,52,23.17,USD,utilities,pix,BR,desktop,1,0
5220,2026-01-19 02:55:00,352,695.98,USD,entertainment,card,PT,mobile,1,0
5221,2026-01-19 03:00:00,303,18.83,USD,utilities,digital_wallet,BR,tablet,0,1
5222,2026-01-19 03:05:00,887,13.42,USD,travel,card,CO,desktop,1,0
5223,2026-01-19 03:10:00,922,11.87,USD,transport,card,PT,mobile,1,0
5224,2026-01-19 03:15:00,820,26.82,USD,transport,card,BR,mobile,0,0
5225,2026-01-19 03:20:00,529,5.93,USD,transport,digital_wallet,US,tablet,1,0
5226,2026-01-19 03:25:00,493,44.46,USD,travel,bank_transfer,MX,mobile,1,0
5227,2026-01-19 03:30:00,312,4.93,USD,electronics,card,CO,mobile,1,0
5228,2026-01-19 03:35:00,773,38.93,USD,electronics,pix,PT,desktop,1,0
5229,2026-01-19 03:40:00,87,8.57,USD,transport,card,CL,mobile,0,0
5230,2026-01-19 03:45:00,272,22.62,USD,online_services,card,AR,mobile,1,0
5231,2026-01-19 03:50:00,136,60.61,USD,entertainment,card,CL,mobile,1,0
5232,2026-01-19 03:55:00,495,331.64,USD,online_services,bank_transfer,BR,desktop,0,0
5233,2026-01-19 04:00:00,300,11.27,USD,online_services,card,BR,desktop,0,0
5234,2026-01-19 04:05:00,198,28.49,USD,travel,pix,BR,desktop,1,0
5235,2026-01-19 04:10:00,377,16.06,USD,groceries,card,BR,desktop,0,0
5236,2026-01-19 04:15:00,861,13.88,USD,online_services,digital_wallet,MX,mobile,1,0
5237,2026-01-19 04:20:00,559,16.2,USD,electronics,digital_wallet,US,mobile,1,1
5238,2026-01-19 04:25:00,824,75.5,USD,electronics,card,PT,mobile,1,0
5239,2026-01-19 04:30:00,914,20.33,USD,electronics,pix,BR,mobile,0,0
5240,2026-01-19 04:35:00,903,313.97,USD,groceries,pix,AR,desktop,1,0
5241,2026-01-19 04:40:00,352,50.2,USD,entertainment,digital_wallet,AR,mobile,1,0
5242,2026-01-19 04:45:00,878,12.06,USD,groceries,pix,BR,mobile,1,0
5243,2026-01-19 04:50:00,910,22.95,USD,entertainment,card,AR,desktop,1,0
5244,2026-01-19 04:55:00,960,14.85,USD,utilities,card,BR,desktop,0,0
5245,2026-01-19 05:00:00,352,73.7,USD,electronics,pix,US,mobile,1,0
5246,2026-01-19 05:05:00,229,6.43,USD,electronics,pix,BR,mobile,0,0
5247,2026-01-19 05:10:00,585,8.66,USD,entertainment,card,MX,mobile,1,0
5248,2026-01-19 05:15:00,932,18.33,USD,utilities,bank_transfer,US,mobile,1,0
5249,2026-01-19 05:20:00,901,65.56,USD,groceries,bank_transfer,CO,desktop,1,0
5250,2026-01-19 05:25:00,572,113.64,USD,electronics,pix,BR,mobile,1,0
5251,2026-01-19 05:30:00,150,131.7,USD,transport,pix,BR,mobile,0,0
5252,2026-01-19 05:35:00,423,56.25,USD,groceries,pix,PT,mobile,1,0
5253,2026-01-19 05:40:00,715,30.48,USD,groceries,pix,BR,mobile,0,0
5254,2026-01-19 05:45:00,561,73.3,USD,travel,card,BR,desktop,1,0
5255,2026-01-19 05:50:00,346,10.54,USD,utilities,card,PT,mobile,1,0
5256,2026-01-19 05:55:00,343,5.23,USD,travel,card,CO,mobile,1,0
5257,2026-01-19 06:00:00,60,51.25,USD,restaurants,digital_wallet,CO,mobile,1,0
5258,2026-01-19 06:05:00,289,12.11,USD,electronics,card,BR,mobile,0,0
5259,2026-01-19 06:10:00,670,31.02,USD,online_services,card,AR,mobile,1,0
5260,2026-01-19 06:15:00,242,37.32,USD,utilities,pix,MX,mobile,1,0
5261,2026-01-19 06:20:00,994,42.44,USD,groceries,bank_transfer,BR,mobile,1,0
5262,2026-01-19 06:25:00,83,84.59,USD,entertainment,pix,BR,mobile,1,0
5263,2026-01-19 06:30:00,589,76.1,USD,travel,card,BR,mobile,1,0
5264,2026-01-19 06:35:00,497,40.25,USD,transport,pix,CL,mobile,0,0
5265,2026-01-19 06:40:00,834,21.28,USD,transport,card,BR,mobile,0,0
5266,2026-01-19 06:45:00,888,36.88,USD,entertainment,pix,US,mobile,1,0
5267,2026-01-19 06:50:00,544,18.24,USD,online_services,pix,BR,mobile,0,0
5268,2026-01-19 06:55:00,631,27.21,USD,transport,pix,BR,mobile,1,0
5269,2026-01-19 07:00:00,699,454.03,USD,online_services,pix,PT,tablet,1,0
5270,2026-01-19 07:05:00,521,39.73,USD,utilities,card,PT,mobile,1,0
5271,2026-01-19 07:10:00,185,51.95,USD,groceries,pix,CL,desktop,0,0
5272,2026-01-19 07:15:00,429,16.35,USD,transport,digital_wallet,US,mobile,1,0
5273,2026-01-19 07:20:00,242,91.84,USD,electronics,pix,BR,mobile,1,0
5274,2026-01-19 07:25:00,465,70.83,USD,entertainment,bank_transfer,AR,mobile,1,0
5275,2026-01-19 07:30:00,616,71.33,USD,restaurants,pix,BR,mobile,0,0
5276,2026-01-19 07:35:00,210,41.05,USD,electronics,pix,AR,mobile,0,0
5277,2026-01-19 07:40:00,250,93.15,USD,groceries,card,MX,mobile,1,0
5278,2026-01-19 07:45:00,823,118.12,USD,groceries,digital_wallet,MX,mobile,1,0
5279,2026-01-19 07:50:00,378,43.95,USD,electronics,card,BR,mobile,0,0
5280,2026-01-19 07:55:00,199,29.53,USD,entertainment,card,BR,mobile,0,0
5281,2026-01-19 08:00:00,714,81.01,USD,electronics,card,PT,mobile,1,0
5282,2026-01-19 08:05:00,717,13.41,USD,electronics,pix,AR,mobile,1,0
5283,2026-01-19 08:10:00,827,16.15,USD,electronics,pix,BR,mobile,0,0
5284,2026-01-19 08:15:00,760,31.4,USD,entertainment,pix,BR,desktop,1,0
5285,2026-01-19 08:20:00,992,5.8,USD,entertainment,card,BR,mobile,0,0
5286,2026-01-19 08:25:00,575,75.76,USD,travel,pix,BR,mobile,1,0
5287,2026-01-19 08:30:00,287,12.64,USD,groceries,card,BR,desktop,0,0
5288,2026-01-19 08:35:00,863,20.67,USD,groceries,bank_transfer,AR,mobile,0,0
5289,2026-01-19 08:40:00,265,26.75,USD,transport,card,AR,mobile,1,0
5290,2026-01-19 08:45:00,292,34.44,USD,restaurants,card,AR,mobile,1,0
5291,2026-01-19 08:50:00,829,23.48,USD,travel,card,BR,mobile,0,0
5292,2026-01-19 08:55:00,882,30.96,USD,entertainment,card,BR,mobile,0,0
5293,2026-01-19 09:00:00,340,31.2,USD,transport,pix,BR,mobile,1,0
5294,2026-01-19 09:05:00,730,21.18,USD,electronics,digital_wallet,US,mobile,1,0
5295,2026-01-19 09:10:00,923,15.28,USD,restaurants,pix,MX,mobile,1,0
5296,2026-01-19 09:15:00,799,97.66,USD,electronics,card,BR,tablet,1,0
5297,2026-01-19 09:20:00,5,4.04,USD,electronics,card,AR,desktop,1,0
5298,2026-01-19 09:25:00,665,26.96,USD,groceries,pix,CL,mobile,1,0
5299,2026-01-19 09:30:00,170,20.72,USD,entertainment,pix,AR,mobile,1,0
5300,2026-01-19 09:35:00,847,50.34,USD,transport,bank_transfer,CL,mobile,1,0
5301,2026-01-19 09:40:00,68,7.73,USD,entertainment,pix,PT,desktop,1,0
5302,2026-01-19 09:45:00,994,20.09,USD,entertainment,card,BR,mobile,1,0
5303,2026-01-19 09:50:00,178,29.89,USD,restaurants,digital_wallet,AR,mobile,0,0
5304,2026-01-19 09:55:00,421,96.55,USD,online_services,card,AR,mobile,0,0
5305,2026-01-19 10:00:00,235,46.16,USD,groceries,pix,AR,mobile,1,0
5306,2026-01-19 10:05:00,814,10.14,USD,travel,card,BR,mobile,1,0
5307,2026-01-19 10:10:00,394,20.34,USD,utilities,card,CL,mobile,1,0
5308,2026-01-19 10:15:00,745,80.32,USD,travel,card,BR,desktop,1,0
5309,2026-01-19 10:20:00,68,9.97,USD,travel,pix,CO,mobile,1,0
5310,2026-01-19 10:25:00,453,30.61,USD,electronics,card,CL,mobile,1,0
5311,2026-01-19 10:30:00,912,32.81,USD,groceries,bank_transfer,BR,mobile,0,0
5312,2026-01-19 10:35:00,927,22.52,USD,entertainment,card,PT,mobile,1,0
5313,2026-01-19 10:40:00,209,490.66,USD,online_services,card,MX,mobile,1,0
5314,2026-01-19 10:45:00,395,21.92,USD,utilities,pix,AR,mobile,0,0
5315,2026-01-19 10:50:00,410,51.92,USD,groceries,card,PT,mobile,1,0
5316,2026-01-19 10:55:00,566,15.39,USD,restaurants,card,MX,mobile,1,0
5317,2026-01-19 11:00:00,538,56.13,USD,utilities,card,BR,mobile,1,0
5318,2026-01-19 11:05:00,106,79.11,USD,entertainment,pix,AR,mobile,1,0
5319,2026-01-19 11:10:00,763,18.39,USD,transport,card,AR,desktop,1,0
5320,2026-01-19 11:15:00,226,31.35,USD,restaurants,pix,CL,desktop,1,0
5321,2026-01-19 11:20:00,315,13.53,USD,electronics,pix,US,desktop,1,0
5322,2026-01-19 11:25:00,841,10.54,USD,groceries,bank_transfer,AR,desktop,0,0
5323,2026-01-19 11:30:00,690,93.39,USD,groceries,card,BR,mobile,1,0
5324,2026-01-19 11:35:00,397,19.03,USD,groceries,bank_transfer,AR,mobile,0,0
5325,2026-01-19 11:40:00,913,2.96,USD,utilities,card,MX,mobile,1,0
5326,2026-01-19 11:45:00,395,193.52,USD,groceries,pix,BR,desktop,1,0
5327,2026-01-19 11:50:00,566,14.85,USD,travel,card,BR,desktop,0,0
5328,2026-01-19 11:55:00,246,25.88,USD,transport,pix,BR,mobile,0,0
5329,2026-01-19 12:00:00,184,170.87,USD,utilities,card,CL,mobile,1,0
5330,2026-01-19 12:05:00,492,28.74,USD,restaurants,card,BR,desktop,0,0
5331,2026-01-19 12:10:00,564,28.13,USD,online_services,card,BR,mobile,1,0
5332,2026-01-19 12:15:00,806,9.7,USD,groceries,card,BR,mobile,1,0
5333,2026-01-19 12:20:00,391,6.46,USD,utilities,card,AR,tablet,0,0
5334,2026-01-19 12:25:00,896,28.04,USD,restaurants,pix,BR,tablet,0,0
5335,2026-01-19 12:30:00,608,47.6,USD,groceries,card,BR,mobile,1,0
5336,2026-01-19 12:35:00,71,44.95,USD,groceries,pix,CL,mobile,1,0
5337,2026-01-19 12:40:00,740,20.47,USD,utilities,card,BR,mobile,0,0
5338,2026-01-19 12:45:00,575,33.79,USD,transport,card,BR,mobile,1,0
5339,2026-01-19 12:50:00,390,5.27,USD,electronics,card,AR,mobile,1,0
5340,2026-01-19 12:55:00,468,52.47,USD,utilities,pix,BR,mobile,0,0
5341,2026-01-19 13:00:00,302,38.92,USD,transport,pix,BR,desktop,0,0
5342,2026-01-19 13:05:00,615,238.33,USD,travel,bank_transfer,BR,mobile,0,0
5343,2026-01-19 13:10:00,567,33.36,USD,transport,card,BR,mobile,0,0
5344,2026-01-19 13:15:00,448,12.9,USD,groceries,pix,AR,mobile,1,0
5345,2026-01-19 13:20:00,286,31.48,USD,online_services,pix,PT,mobile,1,0
5346,2026-01-19 13:25:00,399,23.86,USD,transport,bank_transfer,BR,desktop,0,0
5347,2026-01-19 13:30:00,498,51.15,USD,utilities,pix,AR,mobile,1,0
5348,2026-01-19 13:35:00,472,34.02,USD,electronics,card,US,mobile,1,1
5349,2026-01-19 13:40:00,310,9.39,USD,utilities,digital_wallet,AR,mobile,1,1
5350,2026-01-19 13:45:00,582,6.45,USD,restaurants,card,MX,mobile,0,0
5351,2026-01-19 13:50:00,227,43.07,USD,travel,digital_wallet,AR,mobile,1,0
5352,2026-01-19 13:55:00,501,132.04,USD,transport,card,CL,desktop,1,0
5353,2026-01-19 14:00:00,122,35.85,USD,online_services,pix,US,desktop,1,0
5354,2026-01-19 14:05:00,473,74.69,USD,transport,pix,BR,desktop,1,0
5355,2026-01-19 14:10:00,784,91.18,USD,utilities,card,US,mobile,1,0
5356,2026-01-19 14:15:00,818,43.24,USD,electronics,pix,AR,mobile,1,0
5357,2026-01-19 14:20:00,695,14.67,USD,electronics,card,CL,tablet,1,0
5358,2026-01-19 14:25:00,746,40.26,USD,entertainment,card,AR,mobile,0,0
5359,2026-01-19 14:30:00,66,110.73,USD,entertainment,card,BR,mobile,1,0
5360,2026-01-19 14:35:00,342,56.25,USD,electronics,digital_wallet,BR,mobile,1,0
5361,2026-01-19 14:40:00,655,69.98,USD,groceries,digital_wallet,US,mobile,1,0
5362,2026-01-19 14:45:00,801,20.85,USD,groceries,pix,CL,mobile,1,0
5363,2026-01-19 14:50:00,583,27.05,USD,travel,pix,US,desktop,1,0
5364,2026-01-19 14:55:00,854,29.41,USD,groceries,card,BR,desktop,0,0
5365,2026-01-19 15:00:00,274,31.46,USD,travel,card,BR,desktop,1,0
5366,2026-01-19 15:05:00,154,106.48,USD,online_services,digital_wallet,BR,desktop,0,0
5367,2026-01-19 15:10:00,87,3.17,USD,utilities,bank_transfer,BR,mobile,1,1
5368,2026-01-19 15:15:00,583,34.14,USD,entertainment,pix,AR,mobile,1,0
5369,2026-01-19 15:20:00,666,30.58,USD,transport,card,US,mobile,1,0
5370,2026-01-19 15:25:00,286,8.4,USD,entertainment,bank_transfer,US,mobile,1,0
5371,2026-01-19 15:30:00,784,64.83,USD,restaurants,digital_wallet,AR,mobile,1,0
5372,2026-01-19 15:35:00,740,16.05,USD,online_services,digital_wallet,BR,mobile,0,0
5373,2026-01-19 15:40:00,361,23.17,USD,groceries,pix,CL,mobile,1,0
5374,2026-01-19 15:45:00,239,210.35,USD,travel,card,CL,mobile,1,0
5375,2026-01-19 15:50:00,743,90.92,USD,electronics,digital_wallet,CL,mobile,1,0
5376,2026-01-19 15:55:00,672,58.82,USD,groceries,pix,AR,desktop,0,0
5377,2026-01-19 16:00:00,171,48.46,USD,restaurants,card,BR,mobile,1,0
5378,2026-01-19 16:05:00,256,28.09,USD,entertainment,card,BR,desktop,0,0
5379,2026-01-19 16:10:00,486,244.54,USD,travel,pix,PT,mobile,1,0
5380,2026-01-19 16:15:00,512,73.86,USD,restaurants,bank_transfer,CO,mobile,1,0
5381,2026-01-19 16:20:00,166,15.65,USD,restaurants,digital_wallet,US,desktop,1,0
5382,2026-01-19 16:25:00,949,8.17,USD,entertainment,digital_wallet,BR,desktop,0,0
5383,2026-01-19 16:30:00,389,58.37,USD,entertainment,pix,AR,mobile,1,0
5384,2026-01-19 16:35:00,382,31.32,USD,electronics,digital_wallet,BR,desktop,0,0
5385,2026-01-19 16:40:00,61,7.93,USD,groceries,card,US,desktop,1,0
5386,2026-01-19 16:45:00,876,50.84,USD,groceries,card,BR,mobile,1,0
5387,2026-01-19 16:50:00,236,25.3,USD,restaurants,card,CL,mobile,1,0
5388,2026-01-19 16:55:00,987,56.3,USD,groceries,bank_transfer,BR,desktop,0,0
5389,2026-01-19 17:00:00,497,51.51,USD,travel,digital_wallet,BR,mobile,1,0
5390,2026-01-19 17:05:00,875,18.02,USD,electronics,bank_transfer,BR,mobile,0,0
5391,2026-01-19 17:10:00,180,62.36,USD,restaurants,digital_wallet,AR,mobile,1,0
5392,2026-01-19 17:15:00,166,20.13,USD,travel,pix,MX,mobile,1,0
5393,2026-01-19 17:20:00,802,21.48,USD,entertainment,bank_transfer,PT,mobile,1,0
5394,2026-01-19 17:25:00,820,19.45,USD,restaurants,card,CL,mobile,1,0
5395,2026-01-19 17:30:00,544,102.61,USD,entertainment,bank_transfer,AR,mobile,1,0
5396,2026-01-19 17:35:00,33,25.01,USD,groceries,bank_transfer,MX,desktop,0,0
5397,2026-01-19 17:40:00,944,130.64,USD,travel,card,BR,mobile,0,0
5398,2026-01-19 17:45:00,394,197.06,USD,electronics,card,MX,mobile,1,0
5399,2026-01-19 17:50:00,936,15.82,USD,groceries,card,CO,mobile,1,0
5400,2026-01-19 17:55:00,871,1.78,USD,utilities,bank_transfer,AR,mobile,1,0
5401,2026-01-19 18:00:00,852,94.11,USD,restaurants,pix,BR,mobile,0,0
5402,2026-01-19 18:05:00,689,23.52,USD,utilities,card,BR,mobile,1,0
5403,2026-01-19 18:10:00,674,13.93,USD,transport,digital_wallet,BR,mobile,1,0
5404,2026-01-19 18:15:00,533,18.38,USD,entertainment,card,US,mobile,1,0
5405,2026-01-19 18:20:00,25,21.87,USD,entertainment,card,CL,mobile,1,0
5406,2026-01-19 18:25:00,388,121.17,USD,electronics,bank_transfer,AR,desktop,0,0
5407,2026-01-19 18:30:00,731,38.86,USD,entertainment,card,AR,mobile,1,0
5408,2026-01-19 18:35:00,813,119.53,USD,electronics,card,CO,mobile,1,0
5409,2026-01-19 18:40:00,560,54.28,USD,travel,pix,BR,mobile,1,0
5410,2026-01-19 18:45:00,710,24.31,USD,restaurants,card,BR,desktop,0,0
5411,2026-01-19 18:50:00,22,22.41,USD,electronics,card,CL,mobile,1,0
5412,2026-01-19 18:55:00,469,58.07,USD,restaurants,card,BR,desktop,1,0
5413,2026-01-19 19:00:00,508,75.22,USD,electronics,bank_transfer,BR,tablet,0,0
5414,2026-01-19 19:05:00,893,89.73,USD,groceries,pix,AR,mobile,1,0
5415,2026-01-19 19:10:00,312,25.49,USD,electronics,bank_transfer,BR,mobile,0,0
5416,2026-01-19 19:15:00,230,39.46,USD,utilities,pix,US,mobile,1,0
5417,2026-01-19 19:20:00,353,59.38,USD,transport,card,MX,mobile,1,0
5418,2026-01-19 19:25:00,171,22.56,USD,electronics,card,PT,mobile,1,0
5419,2026-01-19 19:30:00,559,10.64,USD,utilities,card,PT,desktop,1,0
5420,2026-01-19 19:35:00,643,14.79,USD,groceries,pix,BR,mobile,0,0
5421,2026-01-19 19:40:00,802,26.02,USD,entertainment,pix,BR,mobile,0,0
5422,2026-01-19 19:45:00,972,64.21,USD,travel,pix,CL,mobile,0,0
5423,2026-01-19 19:50:00,74,116.63,USD,transport,bank_transfer,BR,mobile,1,0
5424,2026-01-19 19:55:00,248,8.53,USD,transport,card,PT,desktop,1,0
5425,2026-01-19 20:00:00,301,18.22,USD,travel,bank_transfer,BR,desktop,1,0
5426,2026-01-19 20:05:00,250,23.15,USD,electronics,pix,AR,desktop,0,0
5427,2026-01-19 20:10:00,828,73.31,USD,electronics,pix,CL,mobile,1,0
5428,2026-01-19 20:15:00,140,19.53,USD,entertainment,card,US,desktop,1,0
5429,2026-01-19 20:20:00,30,21.55,USD,electronics,card,CL,desktop,1,0
5430,2026-01-19 20:25:00,861,8.07,USD,utilities,pix,AR,mobile,1,0
5431,2026-01-19 20:30:00,962,53.7,USD,transport,card,BR,mobile,1,0
5432,2026-01-19 20:35:00,227,28.18,USD,entertainment,bank_transfer,AR,mobile,1,0
5433,2026-01-19 20:40:00,333,17.22,USD,travel,pix,CO,mobile,1,0
5434,2026-01-19 20:45:00,504,25.55,USD,online_services,pix,AR,mobile,0,0
5435,2026-01-19 20:50:00,526,102.21,USD,electronics,card,CO,mobile,1,0
5436,2026-01-19 20:55:00,991,12.12,USD,restaurants,digital_wallet,BR,mobile,1,0
5437,2026-01-19 21:00:00,405,14.27,USD,electronics,digital_wallet,BR,mobile,0,0
5438,2026-01-19 21:05:00,13,115.84,USD,entertainment,card,PT,mobile,1,0
5439,2026-01-19 21:10:00,423,35.72,USD,electronics,pix,BR,mobile,1,0
5440,2026-01-19 21:15:00,557,64.7,USD,online_services,digital_wallet,CL,mobile,1,1
5441,2026-01-19 21:20:00,517,49.49,USD,restaurants,card,AR,mobile,1,0
5442,2026-01-19 21:25:00,513,31.97,USD,transport,card,US,mobile,1,0
5443,2026-01-19 21:30:00,923,23.38,USD,online_services,digital_wallet,BR,desktop,1,0
5444,2026-01-19 21:35:00,808,76.06,USD,utilities,pix,BR,mobile,1,0
5445,2026-01-19 21:40:00,252,105.88,USD,groceries,digital_wallet,US,mobile,1,0
5446,2026-01-19 21:45:00,356,97.92,USD,online_services,card,CL,desktop,1,0
5447,2026-01-19 21:50:00,668,10.12,USD,electronics,pix,AR,mobile,0,0
5448,2026-01-19 21:55:00,411,122.11,USD,entertainment,pix,BR,mobile,1,0
5449,2026-01-19 22:00:00,429,23.15,USD,groceries,pix,BR,desktop,1,0
5450,2026-01-19 22:05:00,168,15.56,USD,restaurants,digital_wallet,US,mobile,1,0
5451,2026-01-19 22:10:00,255,27.96,USD,entertainment,pix,CL,mobile,1,0
5452,2026-01-19 22:15:00,741,76.03,USD,transport,digital_wallet,US,mobile,1,0
5453,2026-01-19 22:20:00,843,56.85,USD,groceries,card,PT,mobile,1,0
5454,2026-01-19 22:25:00,785,25.65,USD,entertainment,digital_wallet,AR,desktop,0,0
5455,2026-01-19 22:30:00,308,76.53,USD,restaurants,pix,CL,desktop,0,0
5456,2026-01-19 22:35:00,137,38.09,USD,utilities,card,CL,mobile,1,0
5457,2026-01-19 22:40:00,160,18.67,USD,restaurants,card,MX,mobile,1,0
5458,2026-01-19 22:45:00,394,16.31,USD,groceries,card,CL,desktop,1,1
5459,2026-01-19 22:50:00,518,49.91,USD,electronics,card,BR,mobile,1,0
5460,2026-01-19 22:55:00,893,30.49,USD,transport,digital_wallet,US,mobile,1,0
5461,2026-01-19 23:00:00,899,8.37,USD,entertainment,digital_wallet,CL,mobile,1,0
5462,2026-01-19 23:05:00,3,77.26,USD,restaurants,card,US,desktop,1,1
5463,2026-01-19 23:10:00,708,20.49,USD,online_services,card,BR,mobile,1,0
5464,2026-01-19 23:15:00,299,162.73,USD,electronics,card,AR,mobile,1,0
5465,2026-01-19 23:20:00,198,8.14,USD,entertainment,bank_transfer,CL,mobile,1,1
5466,2026-01-19 23:25:00,556,27.64,USD,utilities,pix,CO,desktop,1,0
5467,2026-01-19 23:30:00,34,16.45,USD,online_services,pix,BR,mobile,0,0
5468,2026-01-19 23:35:00,335,12.49,USD,travel,pix,BR,mobile,0,0
5469,2026-01-19 23:40:00,553,20.35,USD,restaurants,digital_wallet,CO,mobile,1,0
5470,2026-01-19 23:45:00,273,194.53,USD,travel,card,PT,desktop,1,0
5471,2026-01-19 23:50:00,594,38.22,USD,electronics,card,BR,mobile,1,0
5472,2026-01-19 23:55:00,461,15.0,USD,travel,pix,BR,mobile,1,0
5473,2026-01-20 00:00:00,800,5.32,USD,restaurants,digital_wallet,AR,mobile,0,0
5474,2026-01-20 00:05:00,182,5.92,USD,travel,pix,BR,mobile,0,0
5475,2026-01-20 00:10:00,58,19.37,USD,online_services,bank_transfer,BR,desktop,1,0
5476,2026-01-20 00:15:00,530,17.57,USD,entertainment,bank_transfer,AR,mobile,1,0
5477,2026-01-20 00:20:00,257,26.47,USD,online_services,card,CL,mobile,1,0
5478,2026-01-20 00:25:00,707,3.41,USD,groceries,pix,BR,mobile,1,0
5479,2026-01-20 00:30:00,94,30.21,USD,entertainment,bank_transfer,BR,mobile,0,0
5480,2026-01-20 00:35:00,576,92.55,USD,groceries,card,PT,mobile,1,0
5481,2026-01-20 00:40:00,990,167.81,USD,restaurants,pix,AR,desktop,1,0
5482,2026-01-20 00:45:00,94,4.98,USD,utilities,card,MX,mobile,1,0
5483,2026-01-20 00:50:00,302,14.86,USD,groceries,bank_transfer,BR,mobile,0,0
5484,2026-01-20 00:55:00,845,14.09,USD,electronics,card,MX,mobile,1,0
5485,2026-01-20 01:00:00,534,38.31,USD,groceries,card,MX,desktop,1,0
5486,2026-01-20 01:05:00,175,9.78,USD,transport,pix,BR,desktop,0,0
5487,2026-01-20 01:10:00,214,178.09,USD,groceries,pix,CL,tablet,1,0
5488,2026-01-20 01:15:00,765,34.59,USD,electronics,card,CL,mobile,1,0
5489,2026-01-20 01:20:00,861,29.28,USD,entertainment,card,BR,mobile,0,0
5490,2026-01-20 01:25:00,361,162.83,USD,entertainment,bank_transfer,CO,mobile,1,0
5491,2026-01-20 01:30:00,474,32.59,USD,online_services,digital_wallet,BR,mobile,1,0
5492,2026-01-20 01:35:00,783,49.42,USD,groceries,pix,AR,mobile,1,0
5493,2026-01-20 01:40:00,177,15.63,USD,electronics,card,PT,mobile,1,0
5494,2026-01-20 01:45:00,207,8.41,USD,travel,pix,BR,mobile,1,0
5495,2026-01-20 01:50:00,775,17.99,USD,groceries,pix,BR,mobile,0,0
5496,2026-01-20 01:55:00,187,295.0,USD,groceries,card,BR,mobile,1,0
5497,2026-01-20 02:00:00,771,62.37,USD,transport,card,PT,mobile,1,0
5498,2026-01-20 02:05:00,498,43.58,USD,utilities,card,BR,mobile,1,0
5499,2026-01-20 02:10:00,991,12.47,USD,travel,card,BR,mobile,1,0
5500,2026-01-20 02:15:00,33,82.37,USD,travel,pix,CL,mobile,1,0
5501,2026-01-20 02:20:00,946,8.52,USD,travel,card,CO,mobile,1,0
5502,2026-01-20 02:25:00,226,6.91,USD,utilities,pix,AR,mobile,1,1
5503,2026-01-20 02:30:00,36,18.94,USD,travel,pix,PT,mobile,1,0
5504,2026-01-20 02:35:00,725,233.81,USD,entertainment,pix,BR,mobile,1,0
5505,2026-01-20 02:40:00,533,220.94,USD,transport,pix,CL,mobile,1,0
5506,2026-01-20 02:45:00,838,21.09,USD,utilities,pix,CL,desktop,1,0
5507,2026-01-20 02:50:00,109,16.87,USD,groceries,card,BR,desktop,0,0
5508,2026-01-20 02:55:00,81,6.42,USD,transport,card,US,mobile,1,0
5509,2026-01-20 03:00:00,568,35.8,USD,transport,pix,AR,mobile,1,0
5510,2026-01-20 03:05:00,883,38.94,USD,restaurants,card,BR,mobile,1,0
5511,2026-01-20 03:10:00,406,72.93,USD,travel,card,BR,mobile,1,0
5512,2026-01-20 03:15:00,798,82.33,USD,online_services,card,BR,desktop,0,0
5513,2026-01-20 03:20:00,907,27.18,USD,restaurants,card,US,tablet,1,1
5514,2026-01-20 03:25:00,870,57.74,USD,online_services,card,BR,mobile,1,0
5515,2026-01-20 03:30:00,509,16.43,USD,utilities,pix,US,desktop,1,0
5516,2026-01-20 03:35:00,699,56.66,USD,online_services,pix,BR,mobile,1,0
5517,2026-01-20 03:40:00,526,19.94,USD,groceries,pix,PT,desktop,1,0
5518,2026-01-20 03:45:00,675,52.43,USD,online_services,card,MX,mobile,0,0
5519,2026-01-20 03:50:00,568,48.35,USD,electronics,bank_transfer,BR,mobile,0,0
5520,2026-01-20 03:55:00,526,35.47,USD,travel,card,BR,desktop,1,0
5521,2026-01-20 04:00:00,437,73.3,USD,transport,pix,MX,mobile,1,0
5522,2026-01-20 04:05:00,653,6.89,USD,travel,pix,BR,tablet,0,0
5523,2026-01-20 04:10:00,752,11.42,USD,travel,pix,BR,mobile,0,0
5524,2026-01-20 04:15:00,920,25.28,USD,utilities,bank_transfer,MX,tablet,1,0
5525,2026-01-20 04:20:00,614,7.82,USD,transport,card,US,desktop,1,0
5526,2026-01-20 04:25:00,101,22.05,USD,groceries,card,CO,mobile,0,0
5527,2026-01-20 04:30:00,588,22.77,USD,travel,card,US,mobile,1,0
5528,2026-01-20 04:35:00,316,122.69,USD,utilities,digital_wallet,AR,desktop,1,0
5529,2026-01-20 04:40:00,27,38.19,USD,groceries,digital_wallet,CO,mobile,1,0
5530,2026-01-20 04:45:00,73,92.71,USD,utilities,pix,BR,mobile,1,0
5531,2026-01-20 04:50:00,592,44.78,USD,utilities,card,MX,mobile,1,0
5532,2026-01-20 04:55:00,945,19.38,USD,travel,card,CL,mobile,1,0
5533,2026-01-20 05:00:00,506,37.85,USD,online_services,bank_transfer,AR,mobile,0,0
5534,2026-01-20 05:05:00,446,68.68,USD,electronics,card,PT,mobile,1,0
5535,2026-01-20 05:10:00,89,109.22,USD,restaurants,card,AR,mobile,1,0
5536,2026-01-20 05:15:00,676,29.01,USD,entertainment,bank_transfer,CL,mobile,1,0
5537,2026-01-20 05:20:00,56,6.38,USD,travel,card,AR,mobile,1,0
5538,2026-01-20 05:25:00,842,5.94,USD,online_services,bank_transfer,BR,mobile,0,0
5539,2026-01-20 05:30:00,817,23.89,USD,restaurants,bank_transfer,BR,mobile,0,0
5540,2026-01-20 05:35:00,992,3.2,USD,restaurants,bank_transfer,PT,mobile,1,0
5541,2026-01-20 05:40:00,285,199.36,USD,entertainment,pix,BR,mobile,1,0
5542,2026-01-20 05:45:00,162,60.16,USD,transport,card,CL,desktop,1,0
5543,2026-01-20 05:50:00,300,17.54,USD,restaurants,pix,AR,mobile,1,0
5544,2026-01-20 05:55:00,800,10.92,USD,entertainment,bank_transfer,US,desktop,1,0
5545,2026-01-20 06:00:00,219,92.58,USD,restaurants,pix,CO,mobile,1,0
5546,2026-01-20 06:05:00,888,10.87,USD,utilities,bank_transfer,BR,desktop,0,0
5547,2026-01-20 06:10:00,155,11.96,USD,transport,digital_wallet,BR,mobile,1,0
5548,2026-01-20 06:15:00,49,15.4,USD,entertainment,pix,CO,tablet,1,0
5549,2026-01-20 06:20:00,220,37.12,USD,travel,digital_wallet,BR,mobile,0,0
5550,2026-01-20 06:25:00,755,61.61,USD,travel,card,AR,desktop,1,0
5551,2026-01-20 06:30:00,603,109.14,USD,transport,digital_wallet,BR,desktop,0,0
5552,2026-01-20 06:35:00,355,94.16,USD,groceries,digital_wallet,BR,desktop,1,0
5553,2026-01-20 06:40:00,657,33.14,USD,entertainment,card,PT,mobile,1,0
5554,2026-01-20 06:45:00,649,91.88,USD,electronics,pix,US,mobile,1,0
5555,2026-01-20 06:50:00,555,16.93,USD,online_services,pix,CO,mobile,0,0
5556,2026-01-20 06:55:00,515,5.36,USD,online_services,bank_transfer,BR,desktop,0,0
5557,2026-01-20 07:00:00,102,16.93,USD,groceries,card,PT,tablet,1,1
5558,2026-01-20 07:05:00,260,14.79,USD,transport,pix,CL,desktop,0,0
5559,2026-01-20 07:10:00,528,17.6,USD,electronics,pix,PT,mobile,1,0
5560,2026-01-20 07:15:00,136,12.69,USD,electronics,card,BR,desktop,1,0
5561,2026-01-20 07:20:00,476,20.88,USD,entertainment,digital_wallet,BR,mobile,1,0
5562,2026-01-20 07:25:00,117,61.56,USD,transport,pix,CL,mobile,1,0
5563,2026-01-20 07:30:00,788,184.06,USD,restaurants,card,US,mobile,1,1
5564,2026-01-20 07:35:00,104,5.9,USD,transport,bank_transfer,BR,mobile,1,0
5565,2026-01-20 07:40:00,93,9.14,USD,utilities,card,BR,mobile,0,0
5566,2026-01-20 07:45:00,638,15.01,USD,electronics,card,AR,mobile,1,0
5567,2026-01-20 07:50:00,221,71.22,USD,transport,card,PT,mobile,1,0
5568,2026-01-20 07:55:00,352,26.98,USD,utilities,digital_wallet,MX,mobile,1,0
5569,2026-01-20 08:00:00,315,16.05,USD,groceries,bank_transfer,US,mobile,1,0
5570,2026-01-20 08:05:00,217,67.81,USD,electronics,pix,CL,mobile,1,0
5571,2026-01-20 08:10:00,762,86.18,USD,groceries,card,US,mobile,1,0
5572,2026-01-20 08:15:00,692,32.5,USD,travel,pix,AR,mobile,0,0
5573,2026-01-20 08:20:00,239,14.64,USD,online_services,pix,BR,mobile,0,0
5574,2026-01-20 08:25:00,687,43.39,USD,electronics,pix,CO,mobile,1,0
5575,2026-01-20 08:30:00,714,26.23,USD,online_services,card,CL,desktop,1,1
5576,2026-01-20 08:35:00,540,26.02,USD,utilities,card,AR,desktop,1,1
5577,2026-01-20 08:40:00,579,19.84,USD,entertainment,digital_wallet,BR,mobile,1,1
5578,2026-01-20 08:45:00,935,83.51,USD,restaurants,pix,MX,mobile,1,0
5579,2026-01-20 08:50:00,454,42.52,USD,groceries,card,MX,mobile,1,0
5580,2026-01-20 08:55:00,386,93.29,USD,groceries,digital_wallet,BR,desktop,1,0
5581,2026-01-20 09:00:00,540,126.01,USD,transport,card,US,mobile,1,0
5582,2026-01-20 09:05:00,836,52.4,USD,electronics,pix,BR,mobile,1,0
5583,2026-01-20 09:10:00,710,19.96,USD,restaurants,card,BR,desktop,0,0
5584,2026-01-20 09:15:00,76,93.72,USD,online_services,digital_wallet,BR,mobile,1,0
5585,2026-01-20 09:20:00,460,52.76,USD,entertainment,card,AR,desktop,1,0
5586,2026-01-20 09:25:00,740,447.36,USD,entertainment,digital_wallet,BR,desktop,0,1
5587,2026-01-20 09:30:00,224,45.16,USD,entertainment,pix,CO,mobile,1,0
5588,2026-01-20 09:35:00,989,66.53,USD,travel,card,MX,desktop,1,0
5589,2026-01-20 09:40:00,809,44.28,USD,online_services,card,AR,mobile,1,0
5590,2026-01-20 09:45:00,847,29.99,USD,electronics,bank_transfer,US,mobile,1,0
5591,2026-01-20 09:50:00,82,25.56,USD,restaurants,card,PT,mobile,1,0
5592,2026-01-20 09:55:00,580,44.44,USD,transport,card,BR,desktop,1,0
5593,2026-01-20 10:00:00,528,55.77,USD,restaurants,pix,BR,mobile,1,0
5594,2026-01-20 10:05:00,627,105.04,USD,online_services,card,BR,mobile,0,0
5595,2026-01-20 10:10:00,851,45.1,USD,travel,pix,CL,mobile,1,0
5596,2026-01-20 10:15:00,354,20.84,USD,electronics,pix,BR,mobile,1,0
5597,2026-01-20 10:20:00,534,23.88,USD,groceries,card,CL,mobile,1,0
5598,2026-01-20 10:25:00,680,8.82,USD,entertainment,card,CL,mobile,1,0
5599,2026-01-20 10:30:00,754,174.38,USD,entertainment,card,CL,mobile,1,0
5600,2026-01-20 10:35:00,771,19.28,USD,utilities,digital_wallet,BR,mobile,0,0
5601,2026-01-20 10:40:00,337,87.13,USD,restaurants,card,BR,mobile,1,0
5602,2026-01-20 10:45:00,999,43.67,USD,entertainment,pix,BR,mobile,1,0
5603,2026-01-20 10:50:00,10,44.87,USD,transport,pix,MX,desktop,1,0
5604,2026-01-20 10:55:00,493,29.45,USD,restaurants,bank_transfer,CL,mobile,1,0
5605,2026-01-20 11:00:00,609,15.06,USD,restaurants,card,CL,mobile,1,0
5606,2026-01-20 11:05:00,62,12.57,USD,transport,card,CL,mobile,1,0
5607,2026-01-20 11:10:00,452,186.51,USD,entertainment,pix,AR,mobile,0,0
5608,2026-01-20 11:15:00,596,37.11,USD,groceries,pix,BR,mobile,1,0
5609,2026-01-20 11:20:00,608,102.03,USD,online_services,bank_transfer,BR,desktop,1,0
5610,2026-01-20 11:25:00,120,132.28,USD,online_services,card,BR,mobile,0,0
5611,2026-01-20 11:30:00,278,21.96,USD,online_services,bank_transfer,BR,mobile,1,0
5612,2026-01-20 11:35:00,245,50.58,USD,utilities,card,BR,mobile,0,0
5613,2026-01-20 11:40:00,640,34.64,USD,transport,pix,MX,desktop,1,0
5614,2026-01-20 11:45:00,329,10.41,USD,electronics,pix,BR,mobile,1,0
5615,2026-01-20 11:50:00,572,27.51,USD,restaurants,card,BR,mobile,1,0
5616,2026-01-20 11:55:00,732,59.59,USD,online_services,digital_wallet,BR,desktop,1,0
5617,2026-01-20 12:00:00,798,20.11,USD,utilities,pix,BR,desktop,0,0
5618,2026-01-20 12:05:00,184,23.93,USD,restaurants,card,BR,mobile,0,0
5619,2026-01-20 12:10:00,904,27.84,USD,online_services,card,BR,mobile,0,0
5620,2026-01-20 12:15:00,166,273.56,USD,groceries,bank_transfer,BR,mobile,1,0
5621,2026-01-20 12:20:00,22,5.29,USD,utilities,bank_transfer,PT,desktop,1,0
5622,2026-01-20 12:25:00,45,54.69,USD,restaurants,card,BR,mobile,1,0
5623,2026-01-20 12:30:00,202,25.7,USD,entertainment,card,BR,tablet,0,0
5624,2026-01-20 12:35:00,874,17.45,USD,online_services,pix,AR,mobile,1,0
5625,2026-01-20 12:40:00,208,25.08,USD,online_services,card,BR,mobile,1,0
5626,2026-01-20 12:45:00,694,64.55,USD,restaurants,card,AR,mobile,1,0
5627,2026-01-20 12:50:00,419,68.34,USD,restaurants,card,BR,desktop,1,0
5628,2026-01-20 12:55:00,40,39.89,USD,groceries,pix,US,mobile,1,0
5629,2026-01-20 13:00:00,445,98.76,USD,utilities,card,US,mobile,1,0
5630,2026-01-20 13:05:00,29,117.78,USD,restaurants,card,CO,mobile,0,0
5631,2026-01-20 13:10:00,477,74.92,USD,electronics,card,BR,mobile,0,0
5632,2026-01-20 13:15:00,559,19.18,USD,electronics,card,AR,mobile,0,0
5633,2026-01-20 13:20:00,522,54.3,USD,transport,digital_wallet,BR,mobile,1,0
5634,2026-01-20 13:25:00,283,54.55,USD,electronics,card,MX,desktop,1,0
5635,2026-01-20 13:30:00,767,14.65,USD,transport,card,BR,mobile,1,0
5636,2026-01-20 13:35:00,597,6.89,USD,restaurants,bank_transfer,CL,desktop,1,1
5637,2026-01-20 13:40:00,255,4.38,USD,electronics,digital_wallet,BR,mobile,1,0
5638,2026-01-20 13:45:00,435,35.51,USD,utilities,bank_transfer,AR,mobile,1,0
5639,2026-01-20 13:50:00,109,44.61,USD,groceries,card,BR,mobile,0,0
5640,2026-01-20 13:55:00,924,10.16,USD,online_services,pix,BR,mobile,1,0
5641,2026-01-20 14:00:00,754,94.26,USD,electronics,pix,CL,mobile,1,0
5642,2026-01-20 14:05:00,288,38.56,USD,transport,bank_transfer,AR,mobile,0,0
5643,2026-01-20 14:10:00,675,127.67,USD,electronics,card,BR,mobile,1,0
5644,2026-01-20 14:15:00,680,47.97,USD,online_services,card,BR,desktop,0,0
5645,2026-01-20 14:20:00,610,11.4,USD,utilities,card,US,mobile,1,1
5646,2026-01-20 14:25:00,55,52.37,USD,utilities,pix,AR,tablet,1,0
5647,2026-01-20 14:30:00,879,64.72,USD,restaurants,card,CL,desktop,1,0
5648,2026-01-20 14:35:00,956,19.15,USD,online_services,pix,AR,mobile,1,0
5649,2026-01-20 14:40:00,975,7.83,USD,entertainment,pix,CL,mobile,1,0
5650,2026-01-20 14:45:00,981,36.61,USD,groceries,bank_transfer,CL,desktop,1,0
5651,2026-01-20 14:50:00,929,12.17,USD,electronics,digital_wallet,BR,mobile,0,0
5652,2026-01-20 14:55:00,740,101.58,USD,utilities,pix,AR,mobile,1,0
5653,2026-01-20 15:00:00,57,22.04,USD,travel,card,AR,mobile,1,0
5654,2026-01-20 15:05:00,466,185.79,USD,travel,bank_transfer,BR,mobile,1,0
5655,2026-01-20 15:10:00,246,3.96,USD,transport,card,CO,desktop,1,0
5656,2026-01-20 15:15:00,220,37.89,USD,groceries,card,BR,mobile,0,0
5657,2026-01-20 15:20:00,831,138.3,USD,online_services,card,BR,mobile,0,0
5658,2026-01-20 15:25:00,813,13.59,USD,utilities,pix,MX,mobile,1,0
5659,2026-01-20 15:30:00,523,28.24,USD,transport,card,US,desktop,1,1
5660,2026-01-20 15:35:00,737,22.13,USD,restaurants,card,BR,desktop,1,0
5661,2026-01-20 15:40:00,130,16.71,USD,travel,card,CL,mobile,1,0
5662,2026-01-20 15:45:00,222,42.29,USD,utilities,pix,BR,mobile,1,0
5663,2026-01-20 15:50:00,861,9.07,USD,groceries,pix,CO,mobile,1,0
5664,2026-01-20 15:55:00,452,29.64,USD,entertainment,pix,AR,mobile,0,0
5665,2026-01-20 16:00:00,547,55.48,USD,utilities,card,MX,mobile,1,0
5666,2026-01-20 16:05:00,463,26.71,USD,electronics,bank_transfer,BR,desktop,0,0
5667,2026-01-20 16:10:00,203,12.18,USD,groceries,card,BR,desktop,0,0
5668,2026-01-20 16:15:00,827,92.78,USD,groceries,card,MX,mobile,1,0
5669,2026-01-20 16:20:00,759,68.73,USD,restaurants,pix,BR,mobile,0,0
5670,2026-01-20 16:25:00,684,11.69,USD,online_services,pix,BR,tablet,0,0
5671,2026-01-20 16:30:00,354,9.08,USD,electronics,bank_transfer,BR,mobile,1,0
5672,2026-01-20 16:35:00,644,12.78,USD,restaurants,card,AR,mobile,1,0
5673,2026-01-20 16:40:00,954,57.13,USD,online_services,bank_transfer,BR,mobile,1,0
5674,2026-01-20 16:45:00,650,43.62,USD,utilities,pix,AR,mobile,1,0
5675,2026-01-20 16:50:00,495,72.97,USD,restaurants,digital_wallet,BR,mobile,0,0
5676,2026-01-20 16:55:00,271,23.9,USD,entertainment,pix,CL,mobile,1,0
5677,2026-01-20 17:00:00,523,13.13,USD,transport,pix,US,mobile,1,0
5678,2026-01-20 17:05:00,372,83.0,USD,groceries,card,BR,mobile,0,0
5679,2026-01-20 17:10:00,612,19.04,USD,groceries,pix,AR,mobile,1,0
5680,2026-01-20 17:15:00,46,39.91,USD,travel,pix,AR,mobile,1,0
5681,2026-01-20 17:20:00,191,7.03,USD,utilities,bank_transfer,BR,mobile,1,0
5682,2026-01-20 17:25:00,787,18.73,USD,online_services,bank_transfer,MX,mobile,1,0
5683,2026-01-20 17:30:00,381,90.87,USD,entertainment,pix,US,mobile,1,0
5684,2026-01-20 17:35:00,433,16.18,USD,online_services,bank_transfer,MX,mobile,1,0
5685,2026-01-20 17:40:00,544,74.78,USD,restaurants,bank_transfer,US,desktop,1,0
5686,2026-01-20 17:45:00,439,3.22,USD,restaurants,digital_wallet,AR,mobile,1,0
5687,2026-01-20 17:50:00,759,18.93,USD,groceries,card,CL,desktop,1,0
5688,2026-01-20 17:55:00,246,27.9,USD,restaurants,card,BR,desktop,0,0
5689,2026-01-20 18:00:00,759,189.15,USD,utilities,digital_wallet,PT,mobile,1,0
5690,2026-01-20 18:05:00,210,10.29,USD,restaurants,pix,AR,mobile,0,0
5691,2026-01-20 18:10:00,371,64.78,USD,electronics,pix,BR,mobile,0,1
5692,2026-01-20 18:15:00,588,95.29,USD,utilities,card,MX,desktop,1,0
5693,2026-01-20 18:20:00,886,16.1,USD,online_services,card,AR,mobile,1,0
5694,2026-01-20 18:25:00,233,22.79,USD,restaurants,card,US,mobile,1,0
5695,2026-01-20 18:30:00,588,38.15,USD,restaurants,card,CO,mobile,1,0
5696,2026-01-20 18:35:00,65,7.53,USD,groceries,pix,US,mobile,1,0
5697,2026-01-20 18:40:00,76,21.01,USD,groceries,pix,AR,mobile,1,0
5698,2026-01-20 18:45:00,768,118.64,USD,electronics,pix,AR,mobile,1,0
5699,2026-01-20 18:50:00,719,55.85,USD,transport,card,CO,mobile,1,0
5700,2026-01-20 18:55:00,377,28.31,USD,online_services,card,BR,mobile,0,0
5701,2026-01-20 19:00:00,623,37.08,USD,electronics,pix,BR,desktop,0,0
5702,2026-01-20 19:05:00,381,59.2,USD,transport,card,PT,desktop,1,0
5703,2026-01-20 19:10:00,278,71.69,USD,electronics,bank_transfer,US,mobile,1,1
5704,2026-01-20 19:15:00,432,18.98,USD,entertainment,card,PT,mobile,1,0
5705,2026-01-20 19:20:00,312,153.66,USD,transport,card,BR,desktop,0,0
5706,2026-01-20 19:25:00,816,123.51,USD,restaurants,pix,BR,mobile,0,0
5707,2026-01-20 19:30:00,412,65.19,USD,electronics,pix,US,mobile,1,0
5708,2026-01-20 19:35:00,321,14.25,USD,travel,card,BR,mobile,0,0
5709,2026-01-20 19:40:00,537,11.94,USD,transport,pix,AR,mobile,0,0
5710,2026-01-20 19:45:00,759,23.89,USD,travel,card,BR,mobile,0,0
5711,2026-01-20 19:50:00,274,35.19,USD,transport,card,US,desktop,1,0
5712,2026-01-20 19:55:00,940,5.65,USD,online_services,card,AR,desktop,1,0
5713,2026-01-20 20:00:00,464,54.31,USD,online_services,pix,BR,mobile,0,0
5714,2026-01-20 20:05:00,661,120.0,USD,entertainment,pix,AR,desktop,1,0
5715,2026-01-20 20:10:00,958,58.94,USD,utilities,bank_transfer,BR,desktop,0,0
5716,2026-01-20 20:15:00,432,16.84,USD,groceries,pix,CO,mobile,1,0
5717,2026-01-20 20:20:00,200,14.96,USD,entertainment,card,CL,desktop,1,0
5718,2026-01-20 20:25:00,748,44.69,USD,electronics,pix,CL,desktop,1,1
5719,2026-01-20 20:30:00,7,28.41,USD,utilities,pix,BR,mobile,0,0
5720,2026-01-20 20:35:00,458,51.58,USD,groceries,pix,BR,desktop,0,0
5721,2026-01-20 20:40:00,980,60.44,USD,restaurants,card,BR,tablet,0,0
5722,2026-01-20 20:45:00,415,98.68,USD,restaurants,card,US,mobile,1,0
5723,2026-01-20 20:50:00,685,10.67,USD,travel,pix,BR,mobile,0,0
5724,2026-01-20 20:55:00,526,41.33,USD,online_services,pix,AR,mobile,0,0
5725,2026-01-20 21:00:00,215,23.02,USD,online_services,bank_transfer,BR,mobile,1,0
5726,2026-01-20 21:05:00,318,30.01,USD,electronics,pix,PT,mobile,1,1
5727,2026-01-20 21:10:00,524,78.6,USD,groceries,pix,MX,mobile,1,0
5728,2026-01-20 21:15:00,105,87.63,USD,utilities,card,BR,mobile,0,0
5729,2026-01-20 21:20:00,415,134.08,USD,travel,card,CL,mobile,1,0
5730,2026-01-20 21:25:00,415,50.68,USD,groceries,card,AR,mobile,1,0
5731,2026-01-20 21:30:00,835,29.67,USD,entertainment,card,MX,mobile,1,0
5732,2026-01-20 21:35:00,124,25.72,USD,online_services,card,PT,desktop,1,0
5733,2026-01-20 21:40:00,843,5.84,USD,utilities,pix,CO,mobile,0,0
5734,2026-01-20 21:45:00,411,126.44,USD,online_services,card,US,mobile,1,0
5735,2026-01-20 21:50:00,652,24.0,USD,online_services,card,AR,mobile,0,0
5736,2026-01-20 21:55:00,557,54.92,USD,entertainment,card,BR,mobile,0,0
5737,2026-01-20 22:00:00,300,65.3,USD,travel,bank_transfer,CL,mobile,1,0
5738,2026-01-20 22:05:00,931,9.53,USD,groceries,card,CO,mobile,1,0
5739,2026-01-20 22:10:00,225,13.15,USD,entertainment,digital_wallet,BR,mobile,0,0
5740,2026-01-20 22:15:00,37,155.56,USD,online_services,bank_transfer,AR,mobile,0,0
5741,2026-01-20 22:20:00,751,44.28,USD,utilities,bank_transfer,BR,desktop,0,0
5742,2026-01-20 22:25:00,622,18.53,USD,online_services,pix,BR,mobile,1,0
5743,2026-01-20 22:30:00,891,29.18,USD,restaurants,bank_transfer,US,desktop,1,0
5744,2026-01-20 22:35:00,458,98.12,USD,restaurants,card,BR,mobile,0,0
5745,2026-01-20 22:40:00,17,84.29,USD,utilities,pix,MX,mobile,1,0
5746,2026-01-20 22:45:00,21,7.64,USD,online_services,card,BR,mobile,1,0
5747,2026-01-20 22:50:00,434,169.74,USD,travel,card,CL,mobile,1,0
5748,2026-01-20 22:55:00,250,87.02,USD,online_services,digital_wallet,US,desktop,1,0
5749,2026-01-20 23:00:00,923,28.43,USD,entertainment,pix,MX,mobile,1,0
5750,2026-01-20 23:05:00,119,10.06,USD,restaurants,card,MX,mobile,1,1
5751,2026-01-20 23:10:00,881,95.01,USD,travel,card,BR,desktop,0,0
5752,2026-01-20 23:15:00,217,53.33,USD,electronics,pix,BR,mobile,0,0
5753,2026-01-20 23:20:00,120,7.71,USD,utilities,bank_transfer,CO,mobile,1,0
5754,2026-01-20 23:25:00,275,26.26,USD,transport,bank_transfer,CO,mobile,1,0
5755,2026-01-20 23:30:00,145,754.59,USD,restaurants,card,MX,desktop,1,0
5756,2026-01-20 23:35:00,402,33.67,USD,electronics,card,CO,desktop,1,0
5757,2026-01-20 23:40:00,331,15.77,USD,electronics,card,BR,mobile,1,0
5758,2026-01-20 23:45:00,530,12.08,USD,online_services,pix,BR,mobile,1,0
5759,2026-01-20 23:50:00,538,194.82,USD,groceries,pix,US,mobile,1,0
5760,2026-01-20 23:55:00,1,77.31,USD,utilities,pix,AR,mobile,1,0
5761,2026-01-21 00:00:00,125,135.29,USD,restaurants,pix,CO,mobile,1,0
5762,2026-01-21 00:05:00,162,42.44,USD,restaurants,card,AR,mobile,1,0
5763,2026-01-21 00:10:00,195,116.05,USD,electronics,card,US,mobile,1,0
5764,2026-01-21 00:15:00,94,14.18,USD,travel,card,US,mobile,1,0
5765,2026-01-21 00:20:00,315,38.96,USD,online_services,pix,BR,mobile,0,0
5766,2026-01-21 00:25:00,550,44.13,USD,travel,pix,US,mobile,1,0
5767,2026-01-21 00:30:00,309,131.95,USD,restaurants,digital_wallet,BR,mobile,1,0
5768,2026-01-21 00:35:00,330,45.55,USD,electronics,card,BR,mobile,1,0
5769,2026-01-21 00:40:00,470,17.72,USD,online_services,digital_wallet,US,desktop,1,0
5770,2026-01-21 00:45:00,549,35.31,USD,entertainment,card,BR,mobile,1,0
5771,2026-01-21 00:50:00,331,6.19,USD,restaurants,card,BR,mobile,1,1
5772,2026-01-21 00:55:00,222,3.25,USD,entertainment,card,CL,desktop,1,0
5773,2026-01-21 01:00:00,410,76.05,USD,entertainment,card,PT,mobile,1,0
5774,2026-01-21 01:05:00,25,22.77,USD,transport,card,BR,desktop,0,0
5775,2026-01-21 01:10:00,493,25.5,USD,travel,card,CO,desktop,1,0
5776,2026-01-21 01:15:00,942,76.02,USD,transport,pix,AR,mobile,1,0
5777,2026-01-21 01:20:00,398,133.89,USD,restaurants,bank_transfer,BR,mobile,1,0
5778,2026-01-21 01:25:00,109,56.51,USD,online_services,pix,CO,mobile,1,0
5779,2026-01-21 01:30:00,708,227.71,USD,transport,bank_transfer,AR,mobile,0,0
5780,2026-01-21 01:35:00,127,54.75,USD,transport,pix,MX,mobile,1,0
5781,2026-01-21 01:40:00,194,44.8,USD,groceries,digital_wallet,CO,mobile,1,1
5782,2026-01-21 01:45:00,147,42.11,USD,electronics,card,PT,mobile,1,0
5783,2026-01-21 01:50:00,884,9.16,USD,entertainment,digital_wallet,MX,mobile,1,0
5784,2026-01-21 01:55:00,982,86.14,USD,online_services,card,BR,mobile,0,0
5785,2026-01-21 02:00:00,570,2.87,USD,utilities,pix,CO,mobile,1,0
5786,2026-01-21 02:05:00,618,18.43,USD,utilities,pix,CL,mobile,1,0
5787,2026-01-21 02:10:00,646,33.88,USD,online_services,card,BR,mobile,1,0
5788,2026-01-21 02:15:00,611,15.03,USD,entertainment,card,CL,desktop,1,0
5789,2026-01-21 02:20:00,545,21.08,USD,utilities,card,CO,mobile,1,0
5790,2026-01-21 02:25:00,987,208.38,USD,transport,bank_transfer,BR,desktop,0,0
5791,2026-01-21 02:30:00,734,99.89,USD,entertainment,bank_transfer,BR,mobile,1,0
5792,2026-01-21 02:35:00,89,16.68,USD,entertainment,card,AR,desktop,1,0
5793,2026-01-21 02:40:00,392,20.71,USD,electronics,card,BR,mobile,1,0
5794,2026-01-21 02:45:00,975,9.23,USD,entertainment,pix,US,mobile,1,0
5795,2026-01-21 02:50:00,404,67.02,USD,entertainment,card,BR,mobile,0,0
5796,2026-01-21 02:55:00,205,25.8,USD,electronics,card,CO,desktop,1,0
5797,2026-01-21 03:00:00,869,4.63,USD,utilities,card,CO,mobile,1,0
5798,2026-01-21 03:05:00,624,36.63,USD,groceries,pix,BR,mobile,0,0
5799,2026-01-21 03:10:00,563,51.37,USD,transport,card,AR,desktop,1,0
5800,2026-01-21 03:15:00,421,86.76,USD,transport,card,BR,mobile,1,0
5801,2026-01-21 03:20:00,125,30.77,USD,utilities,card,BR,mobile,0,0
5802,2026-01-21 03:25:00,384,22.81,USD,travel,pix,AR,mobile,1,0
5803,2026-01-21 03:30:00,438,241.35,USD,online_services,card,BR,mobile,1,0
5804,2026-01-21 03:35:00,932,33.33,USD,online_services,pix,MX,mobile,1,0
5805,2026-01-21 03:40:00,308,68.0,USD,electronics,bank_transfer,CL,mobile,0,0
5806,2026-01-21 03:45:00,150,19.31,USD,entertainment,card,BR,mobile,0,0
5807,2026-01-21 03:50:00,428,66.02,USD,restaurants,card,BR,desktop,1,0
5808,2026-01-21 03:55:00,998,7.72,USD,groceries,card,US,mobile,1,0
5809,2026-01-21 04:00:00,483,20.86,USD,electronics,digital_wallet,BR,mobile,1,0
5810,2026-01-21 04:05:00,380,9.89,USD,transport,pix,CO,mobile,1,0
5811,2026-01-21 04:10:00,667,18.08,USD,entertainment,bank_transfer,BR,desktop,0,0
5812,2026-01-21 04:15:00,649,115.64,USD,travel,bank_transfer,US,desktop,1,0
5813,2026-01-21 04:20:00,300,17.95,USD,restaurants,digital_wallet,BR,tablet,0,0
5814,2026-01-21 04:25:00,968,67.91,USD,electronics,bank_transfer,AR,mobile,1,0
5815,2026-01-21 04:30:00,593,151.0,USD,electronics,card,AR,desktop,1,0
5816,2026-01-21 04:35:00,58,32.21,USD,groceries,pix,BR,mobile,1,0
5817,2026-01-21 04:40:00,408,89.46,USD,travel,digital_wallet,CO,mobile,1,0
5818,2026-01-21 04:45:00,923,56.32,USD,online_services,pix,BR,mobile,1,0
5819,2026-01-21 04:50:00,394,37.2,USD,online_services,bank_transfer,BR,mobile,0,0
5820,2026-01-21 04:55:00,568,70.13,USD,online_services,digital_wallet,BR,mobile,0,0
5821,2026-01-21 05:00:00,613,208.5,USD,online_services,pix,CL,mobile,0,0
5822,2026-01-21 05:05:00,705,17.51,USD,online_services,pix,US,mobile,1,0
5823,2026-01-21 05:10:00,873,12.69,USD,groceries,pix,BR,mobile,0,0
5824,2026-01-21 05:15:00,150,11.97,USD,electronics,card,US,desktop,1,0
5825,2026-01-21 05:20:00,517,89.52,USD,travel,card,MX,mobile,1,0
5826,2026-01-21 05:25:00,534,102.45,USD,utilities,pix,BR,mobile,0,0
5827,2026-01-21 05:30:00,153,19.36,USD,transport,digital_wallet,BR,mobile,1,0
5828,2026-01-21 05:35:00,674,3.91,USD,entertainment,digital_wallet,BR,mobile,1,0
5829,2026-01-21 05:40:00,119,16.87,USD,utilities,card,BR,mobile,1,0
5830,2026-01-21 05:45:00,457,57.27,USD,travel,bank_transfer,CO,mobile,1,0
5831,2026-01-21 05:50:00,331,30.98,USD,restaurants,card,AR,desktop,1,0
5832,2026-01-21 05:55:00,155,39.66,USD,groceries,pix,BR,desktop,1,0
5833,2026-01-21 06:00:00,823,19.62,USD,electronics,digital_wallet,CO,mobile,1,0
5834,2026-01-21 06:05:00,245,91.29,USD,restaurants,digital_wallet,BR,mobile,0,0
5835,2026-01-21 06:10:00,256,46.67,USD,entertainment,pix,US,mobile,1,0
5836,2026-01-21 06:15:00,855,59.53,USD,restaurants,pix,CL,desktop,1,0
5837,2026-01-21 06:20:00,878,38.83,USD,online_services,card,BR,mobile,1,0
5838,2026-01-21 06:25:00,35,55.94,USD,online_services,pix,AR,mobile,1,0
5839,2026-01-21 06:30:00,278,52.38,USD,utilities,card,BR,mobile,1,0
5840,2026-01-21 06:35:00,709,13.09,USD,entertainment,card,PT,mobile,1,0
5841,2026-01-21 06:40:00,779,48.09,USD,groceries,bank_transfer,BR,mobile,0,0
5842,2026-01-21 06:45:00,1000,73.08,USD,online_services,card,US,mobile,1,0
5843,2026-01-21 06:50:00,555,105.12,USD,groceries,pix,PT,desktop,1,1
5844,2026-01-21 06:55:00,8,50.2,USD,travel,card,AR,mobile,1,1
5845,2026-01-21 07:00:00,874,12.61,USD,utilities,card,CO,mobile,1,0
5846,2026-01-21 07:05:00,162,14.71,USD,groceries,card,AR,desktop,1,0
5847,2026-01-21 07:10:00,121,21.43,USD,electronics,card,BR,mobile,1,0
5848,2026-01-21 07:15:00,675,40.02,USD,electronics,card,PT,mobile,1,0
5849,2026-01-21 07:20:00,604,29.31,USD,restaurants,pix,AR,mobile,1,0
5850,2026-01-21 07:25:00,60,10.76,USD,groceries,pix,US,mobile,1,0
5851,2026-01-21 07:30:00,170,10.7,USD,online_services,card,CL,mobile,1,0
5852,2026-01-21 07:35:00,590,4.06,USD,online_services,bank_transfer,BR,mobile,0,0
5853,2026-01-21 07:40:00,256,1.46,USD,groceries,bank_transfer,BR,desktop,0,0
5854,2026-01-21 07:45:00,685,29.03,USD,transport,pix,BR,mobile,0,0
5855,2026-01-21 07:50:00,412,337.05,USD,electronics,pix,BR,mobile,0,0
5856,2026-01-21 07:55:00,589,199.69,USD,restaurants,pix,CO,mobile,1,0
5857,2026-01-21 08:00:00,475,12.45,USD,groceries,card,BR,mobile,1,0
5858,2026-01-21 08:05:00,366,38.47,USD,travel,card,PT,mobile,1,0
5859,2026-01-21 08:10:00,343,7.66,USD,electronics,card,BR,mobile,1,0
5860,2026-01-21 08:15:00,698,8.92,USD,utilities,pix,AR,mobile,1,0
5861,2026-01-21 08:20:00,515,10.0,USD,transport,card,BR,desktop,0,0
5862,2026-01-21 08:25:00,595,26.43,USD,travel,digital_wallet,BR,mobile,0,1
5863,2026-01-21 08:30:00,578,27.59,USD,transport,card,AR,mobile,1,0
5864,2026-01-21 08:35:00,208,42.64,USD,groceries,card,BR,mobile,1,0
5865,2026-01-21 08:40:00,914,64.28,USD,entertainment,card,CL,mobile,1,0
5866,2026-01-21 08:45:00,564,23.64,USD,entertainment,bank_transfer,AR,mobile,0,0
5867,2026-01-21 08:50:00,719,34.34,USD,entertainment,pix,BR,mobile,0,0
5868,2026-01-21 08:55:00,882,11.09,USD,groceries,pix,AR,mobile,1,0
5869,2026-01-21 09:00:00,925,8.63,USD,entertainment,pix,BR,mobile,1,0
5870,2026-01-21 09:05:00,667,7.4,USD,travel,card,BR,desktop,0,0
5871,2026-01-21 09:10:00,788,63.39,USD,electronics,bank_transfer,CO,mobile,1,0
5872,2026-01-21 09:15:00,472,23.62,USD,travel,bank_transfer,BR,mobile,0,0
5873,2026-01-21 09:20:00,738,5.1,USD,groceries,pix,BR,mobile,1,0
5874,2026-01-21 09:25:00,322,31.09,USD,restaurants,card,AR,tablet,1,0
5875,2026-01-21 09:30:00,712,9.5,USD,restaurants,pix,AR,mobile,1,0
5876,2026-01-21 09:35:00,86,174.23,USD,electronics,pix,US,mobile,1,0
5877,2026-01-21 09:40:00,915,18.56,USD,online_services,digital_wallet,MX,mobile,1,0
5878,2026-01-21 09:45:00,245,65.46,USD,groceries,card,CO,mobile,1,0
5879,2026-01-21 09:50:00,657,98.39,USD,electronics,digital_wallet,AR,mobile,0,0
5880,2026-01-21 09:55:00,12,12.74,USD,transport,bank_transfer,BR,mobile,0,0
5881,2026-01-21 10:00:00,156,35.73,USD,online_services,card,BR,mobile,1,0
5882,2026-01-21 10:05:00,987,57.6,USD,travel,pix,MX,tablet,1,0
5883,2026-01-21 10:10:00,834,37.17,USD,restaurants,card,BR,mobile,0,0
5884,2026-01-21 10:15:00,223,47.52,USD,transport,card,BR,desktop,0,0
5885,2026-01-21 10:20:00,131,8.76,USD,travel,pix,CL,mobile,1,0
5886,2026-01-21 10:25:00,815,57.63,USD,groceries,card,CO,mobile,1,0
5887,2026-01-21 10:30:00,991,20.37,USD,groceries,card,AR,desktop,0,0
5888,2026-01-21 10:35:00,169,46.97,USD,entertainment,pix,BR,desktop,1,0
5889,2026-01-21 10:40:00,664,83.1,USD,utilities,digital_wallet,US,mobile,1,0
5890,2026-01-21 10:45:00,284,64.64,USD,entertainment,card,BR,mobile,0,0
5891,2026-01-21 10:50:00,745,46.93,USD,restaurants,card,PT,mobile,1,0
5892,2026-01-21 10:55:00,419,62.94,USD,utilities,card,BR,desktop,1,0
5893,2026-01-21 11:00:00,126,65.92,USD,restaurants,card,US,mobile,1,0
5894,2026-01-21 11:05:00,325,147.75,USD,online_services,digital_wallet,US,mobile,1,0
5895,2026-01-21 11:10:00,539,32.01,USD,transport,pix,BR,tablet,0,0
5896,2026-01-21 11:15:00,799,39.02,USD,electronics,pix,MX,mobile,1,0
5897,2026-01-21 11:20:00,22,84.11,USD,online_services,card,BR,mobile,1,0
5898,2026-01-21 11:25:00,958,20.28,USD,electronics,digital_wallet,BR,mobile,0,0
5899,2026-01-21 11:30:00,650,8.71,USD,entertainment,pix,BR,mobile,0,0
5900,2026-01-21 11:35:00,876,54.23,USD,travel,digital_wallet,CL,mobile,0,0
5901,2026-01-21 11:40:00,931,26.95,USD,groceries,pix,BR,mobile,1,0
5902,2026-01-21 11:45:00,154,9.9,USD,utilities,digital_wallet,AR,mobile,1,0
5903,2026-01-21 11:50:00,94,54.63,USD,transport,pix,PT,desktop,1,0
5904,2026-01-21 11:55:00,777,138.54,USD,electronics,bank_transfer,US,mobile,1,0
5905,2026-01-21 12:00:00,188,6.49,USD,transport,card,BR,mobile,0,0
5906,2026-01-21 12:05:00,148,92.05,USD,online_services,pix,AR,mobile,1,0
5907,2026-01-21 12:10:00,469,2.62,USD,travel,pix,BR,mobile,1,0
5908,2026-01-21 12:15:00,914,22.19,USD,entertainment,pix,BR,mobile,0,0
5909,2026-01-21 12:20:00,796,208.62,USD,travel,pix,US,tablet,1,0
5910,2026-01-21 12:25:00,518,23.85,USD,transport,card,PT,mobile,1,0
5911,2026-01-21 12:30:00,197,36.23,USD,travel,digital_wallet,BR,mobile,1,0
5912,2026-01-21 12:35:00,337,71.01,USD,utilities,pix,BR,mobile,1,0
5913,2026-01-21 12:40:00,689,5.95,USD,groceries,card,BR,mobile,1,0
5914,2026-01-21 12:45:00,158,35.59,USD,restaurants,pix,BR,mobile,1,0
5915,2026-01-21 12:50:00,525,35.31,USD,restaurants,pix,BR,mobile,0,0
5916,2026-01-21 12:55:00,12,213.22,USD,online_services,card,BR,mobile,0,0
5917,2026-01-21 13:00:00,326,9.62,USD,travel,card,BR,desktop,0,0
5918,2026-01-21 13:05:00,248,22.61,USD,transport,pix,BR,mobile,0,0
5919,2026-01-21 13:10:00,682,13.09,USD,restaurants,bank_transfer,MX,mobile,1,0
5920,2026-01-21 13:15:00,915,11.77,USD,entertainment,card,CO,mobile,0,0
5921,2026-01-21 13:20:00,147,102.25,USD,travel,card,AR,mobile,0,0
5922,2026-01-21 13:25:00,798,34.01,USD,entertainment,pix,BR,mobile,0,0
5923,2026-01-21 13:30:00,656,19.0,USD,entertainment,card,MX,mobile,1,0
5924,2026-01-21 13:35:00,970,19.73,USD,groceries,bank_transfer,BR,mobile,1,0
5925,2026-01-21 13:40:00,912,18.85,USD,entertainment,bank_transfer,US,mobile,1,0
5926,2026-01-21 13:45:00,101,20.62,USD,entertainment,bank_transfer,BR,mobile,1,0
5927,2026-01-21 13:50:00,744,9.35,USD,transport,card,US,mobile,1,0
5928,2026-01-21 13:55:00,593,25.57,USD,transport,card,BR,desktop,1,0
5929,2026-01-21 14:00:00,114,23.12,USD,travel,pix,MX,mobile,1,0
5930,2026-01-21 14:05:00,258,15.52,USD,electronics,card,BR,mobile,1,0
5931,2026-01-21 14:10:00,927,38.67,USD,online_services,card,MX,desktop,1,0
5932,2026-01-21 14:15:00,543,42.09,USD,groceries,card,AR,mobile,1,0
5933,2026-01-21 14:20:00,339,18.98,USD,restaurants,pix,BR,mobile,1,0
5934,2026-01-21 14:25:00,321,28.67,USD,utilities,card,CO,mobile,1,0
5935,2026-01-21 14:30:00,838,286.75,USD,entertainment,card,BR,desktop,0,0
5936,2026-01-21 14:35:00,284,276.01,USD,utilities,card,AR,mobile,1,0
5937,2026-01-21 14:40:00,159,11.54,USD,groceries,pix,BR,mobile,1,0
5938,2026-01-21 14:45:00,574,13.27,USD,restaurants,card,CO,desktop,1,0
5939,2026-01-21 14:50:00,993,11.48,USD,utilities,pix,US,tablet,1,0
5940,2026-01-21 14:55:00,184,95.3,USD,utilities,pix,AR,desktop,1,0
5941,2026-01-21 15:00:00,256,22.23,USD,utilities,pix,CO,mobile,1,0
5942,2026-01-21 15:05:00,470,42.08,USD,online_services,digital_wallet,US,mobile,1,0
5943,2026-01-21 15:10:00,200,243.95,USD,restaurants,digital_wallet,CL,mobile,1,0
5944,2026-01-21 15:15:00,651,32.77,USD,groceries,card,BR,mobile,0,0
5945,2026-01-21 15:20:00,254,67.1,USD,transport,card,AR,mobile,1,0
5946,2026-01-21 15:25:00,129,55.72,USD,online_services,bank_transfer,BR,mobile,1,0
5947,2026-01-21 15:30:00,262,18.39,USD,travel,bank_transfer,AR,mobile,1,0
5948,2026-01-21 15:35:00,931,95.5,USD,groceries,card,BR,mobile,1,0
5949,2026-01-21 15:40:00,935,14.16,USD,entertainment,digital_wallet,MX,desktop,1,0
5950,2026-01-21 15:45:00,506,126.45,USD,utilities,bank_transfer,CL,mobile,1,0
5951,2026-01-21 15:50:00,401,18.4,USD,groceries,bank_transfer,CL,mobile,1,0
5952,2026-01-21 15:55:00,820,20.53,USD,travel,card,BR,mobile,0,0
5953,2026-01-21 16:00:00,195,11.15,USD,entertainment,pix,BR,mobile,0,0
5954,2026-01-21 16:05:00,654,13.14,USD,online_services,card,MX,mobile,1,0
5955,2026-01-21 16:10:00,681,21.61,USD,travel,card,AR,desktop,0,0
5956,2026-01-21 16:15:00,711,2.91,USD,transport,card,US,desktop,1,0
5957,2026-01-21 16:20:00,218,26.22,USD,online_services,card,AR,mobile,1,0
5958,2026-01-21 16:25:00,717,19.93,USD,transport,bank_transfer,BR,mobile,1,0
5959,2026-01-21 16:30:00,612,72.97,USD,entertainment,pix,CL,mobile,1,0
5960,2026-01-21 16:35:00,876,50.55,USD,utilities,pix,CO,mobile,1,0
5961,2026-01-21 16:40:00,175,16.32,USD,travel,card,BR,mobile,0,0
5962,2026-01-21 16:45:00,614,20.94,USD,entertainment,digital_wallet,CL,mobile,1,0
5963,2026-01-21 16:50:00,830,26.19,USD,utilities,digital_wallet,BR,mobile,0,1
5964,2026-01-21 16:55:00,279,146.34,USD,travel,pix,BR,mobile,1,0
5965,2026-01-21 17:00:00,744,14.55,USD,electronics,card,BR,mobile,0,0
5966,2026-01-21 17:05:00,100,16.12,USD,entertainment,card,CL,tablet,1,0
5967,2026-01-21 17:10:00,719,10.71,USD,electronics,pix,CO,mobile,1,0
5968,2026-01-21 17:15:00,607,7.52,USD,entertainment,bank_transfer,BR,mobile,0,0
5969,2026-01-21 17:20:00,193,45.02,USD,groceries,digital_wallet,MX,mobile,1,0
5970,2026-01-21 17:25:00,67,40.56,USD,groceries,card,CO,mobile,1,0
5971,2026-01-21 17:30:00,746,119.43,USD,electronics,card,BR,mobile,1,0
5972,2026-01-21 17:35:00,242,93.82,USD,groceries,card,BR,mobile,1,0
5973,2026-01-21 17:40:00,498,363.99,USD,entertainment,card,BR,desktop,1,0
5974,2026-01-21 17:45:00,61,30.76,USD,restaurants,pix,BR,mobile,1,0
5975,2026-01-21 17:50:00,964,25.52,USD,electronics,pix,PT,mobile,1,0
5976,2026-01-21 17:55:00,549,9.02,USD,restaurants,bank_transfer,MX,mobile,0,0
5977,2026-01-21 18:00:00,932,66.46,USD,online_services,card,BR,mobile,1,0
5978,2026-01-21 18:05:00,161,37.28,USD,utilities,card,AR,tablet,1,0
5979,2026-01-21 18:10:00,206,63.51,USD,groceries,pix,BR,mobile,0,0
5980,2026-01-21 18:15:00,611,10.6,USD,electronics,bank_transfer,BR,mobile,1,0
5981,2026-01-21 18:20:00,605,47.07,USD,online_services,bank_transfer,BR,mobile,1,0
5982,2026-01-21 18:25:00,791,40.66,USD,electronics,bank_transfer,BR,mobile,1,0
5983,2026-01-21 18:30:00,929,38.06,USD,utilities,pix,BR,mobile,0,0
5984,2026-01-21 18:35:00,822,16.72,USD,groceries,card,BR,mobile,1,0
5985,2026-01-21 18:40:00,141,108.78,USD,electronics,pix,BR,mobile,1,0
5986,2026-01-21 18:45:00,310,257.32,USD,utilities,digital_wallet,AR,mobile,1,0
5987,2026-01-21 18:50:00,914,10.91,USD,restaurants,card,AR,mobile,1,0
5988,2026-01-21 18:55:00,549,68.06,USD,groceries,card,BR,mobile,1,0
5989,2026-01-21 19:00:00,868,1.86,USD,entertainment,card,AR,mobile,1,0
5990,2026-01-21 19:05:00,564,64.63,USD,groceries,pix,BR,mobile,1,0
5991,2026-01-21 19:10:00,50,5.1,USD,transport,pix,PT,mobile,1,0
5992,2026-01-21 19:15:00,473,19.59,USD,utilities,card,BR,mobile,1,0
5993,2026-01-21 19:20:00,825,8.91,USD,online_services,card,AR,mobile,0,0
5994,2026-01-21 19:25:00,656,26.69,USD,restaurants,pix,BR,mobile,0,0
5995,2026-01-21 19:30:00,133,76.62,USD,electronics,card,BR,mobile,1,0
5996,2026-01-21 19:35:00,211,5.17,USD,utilities,card,AR,mobile,1,0
5997,2026-01-21 19:40:00,855,23.12,USD,electronics,pix,CO,mobile,1,0
5998,2026-01-21 19:45:00,980,19.82,USD,transport,card,PT,mobile,1,0
5999,2026-01-21 19:50:00,753,160.94,USD,travel,card,AR,mobile,1,0
6000,2026-01-21 19:55:00,99,51.0,USD,utilities,card,BR,desktop,1,0
6001,2026-01-21 20:00:00,620,10.2,USD,groceries,card,MX,mobile,1,1
6002,2026-01-21 20:05:00,830,20.67,USD,groceries,card,BR,desktop,0,0
6003,2026-01-21 20:10:00,641,156.98,USD,groceries,card,AR,mobile,1,0
6004,2026-01-21 20:15:00,595,67.65,USD,transport,card,MX,tablet,1,0
6005,2026-01-21 20:20:00,468,13.22,USD,transport,pix,BR,desktop,0,0
6006,2026-01-21 20:25:00,245,25.35,USD,electronics,bank_transfer,AR,mobile,1,0
6007,2026-01-21 20:30:00,281,26.18,USD,transport,card,BR,mobile,0,0
6008,2026-01-21 20:35:00,746,19.34,USD,entertainment,pix,BR,mobile,1,0
6009,2026-01-21 20:40:00,70,5.99,USD,transport,card,PT,desktop,1,0
6010,2026-01-21 20:45:00,85,16.82,USD,utilities,bank_transfer,BR,mobile,0,0
6011,2026-01-21 20:50:00,397,132.85,USD,transport,card,BR,mobile,1,0
6012,2026-01-21 20:55:00,775,22.62,USD,restaurants,card,AR,mobile,1,0
6013,2026-01-21 21:00:00,658,29.87,USD,utilities,card,BR,desktop,0,0
6014,2026-01-21 21:05:00,590,38.11,USD,entertainment,card,BR,desktop,0,0
6015,2026-01-21 21:10:00,535,304.34,USD,groceries,card,BR,mobile,1,0
6016,2026-01-21 21:15:00,111,33.41,USD,restaurants,card,AR,mobile,1,0
6017,2026-01-21 21:20:00,332,98.88,USD,groceries,pix,BR,mobile,1,0
6018,2026-01-21 21:25:00,80,18.21,USD,utilities,card,MX,mobile,1,0
6019,2026-01-21 21:30:00,759,25.55,USD,entertainment,card,BR,tablet,0,0
6020,2026-01-21 21:35:00,751,33.53,USD,online_services,bank_transfer,US,mobile,1,0
6021,2026-01-21 21:40:00,259,15.27,USD,transport,card,BR,mobile,1,0
6022,2026-01-21 21:45:00,293,27.01,USD,groceries,card,BR,mobile,1,0
6023,2026-01-21 21:50:00,318,80.48,USD,electronics,pix,US,tablet,1,0
6024,2026-01-21 21:55:00,890,14.87,USD,groceries,card,MX,mobile,1,0
6025,2026-01-21 22:00:00,489,33.12,USD,restaurants,bank_transfer,BR,tablet,0,0
6026,2026-01-21 22:05:00,763,67.27,USD,utilities,card,BR,mobile,0,0
6027,2026-01-21 22:10:00,449,14.52,USD,electronics,card,MX,mobile,1,0
6028,2026-01-21 22:15:00,699,99.03,USD,online_services,bank_transfer,BR,mobile,1,0
6029,2026-01-21 22:20:00,529,35.62,USD,travel,bank_transfer,BR,desktop,0,0
6030,2026-01-21 22:25:00,279,28.07,USD,entertainment,pix,AR,mobile,0,0
6031,2026-01-21 22:30:00,877,4.45,USD,utilities,card,MX,mobile,1,0
6032,2026-01-21 22:35:00,709,22.79,USD,electronics,pix,AR,mobile,0,0
6033,2026-01-21 22:40:00,770,48.02,USD,transport,digital_wallet,AR,mobile,1,0
6034,2026-01-21 22:45:00,949,189.68,USD,utilities,pix,PT,desktop,1,0
6035,2026-01-21 22:50:00,249,58.43,USD,utilities,digital_wallet,BR,desktop,1,0
6036,2026-01-21 22:55:00,92,102.13,USD,transport,pix,MX,mobile,1,0
6037,2026-01-21 23:00:00,583,9.88,USD,utilities,bank_transfer,BR,mobile,1,0
6038,2026-01-21 23:05:00,327,29.17,USD,online_services,card,CO,mobile,1,0
6039,2026-01-21 23:10:00,436,112.25,USD,restaurants,digital_wallet,AR,mobile,1,0
6040,2026-01-21 23:15:00,235,13.63,USD,utilities,bank_transfer,BR,desktop,0,0
6041,2026-01-21 23:20:00,399,86.94,USD,groceries,bank_transfer,AR,mobile,1,1
6042,2026-01-21 23:25:00,394,68.95,USD,online_services,digital_wallet,US,tablet,1,0
6043,2026-01-21 23:30:00,351,43.59,USD,online_services,bank_transfer,AR,mobile,1,0
6044,2026-01-21 23:35:00,743,23.84,USD,utilities,pix,BR,mobile,1,0
6045,2026-01-21 23:40:00,593,12.35,USD,transport,pix,BR,mobile,1,0
6046,2026-01-21 23:45:00,475,195.46,USD,online_services,bank_transfer,CL,mobile,1,0
6047,2026-01-21 23:50:00,113,62.29,USD,travel,pix,CL,tablet,1,0
6048,2026-01-21 23:55:00,571,46.55,USD,groceries,pix,BR,mobile,1,0
6049,2026-01-22 00:00:00,176,21.91,USD,utilities,pix,BR,mobile,0,0
6050,2026-01-22 00:05:00,315,34.39,USD,online_services,bank_transfer,CO,tablet,1,0
6051,2026-01-22 00:10:00,415,39.05,USD,transport,card,BR,mobile,1,0
6052,2026-01-22 00:15:00,142,49.4,USD,restaurants,pix,BR,mobile,1,0
6053,2026-01-22 00:20:00,390,69.02,USD,travel,pix,BR,desktop,0,0
6054,2026-01-22 00:25:00,267,15.14,USD,transport,bank_transfer,AR,mobile,1,0
6055,2026-01-22 00:30:00,850,7.64,USD,entertainment,card,PT,mobile,1,0
6056,2026-01-22 00:35:00,860,36.03,USD,transport,pix,AR,desktop,0,0
6057,2026-01-22 00:40:00,5,5.77,USD,restaurants,card,BR,mobile,0,0
6058,2026-01-22 00:45:00,603,23.96,USD,restaurants,pix,MX,mobile,1,0
6059,2026-01-22 00:50:00,641,19.9,USD,entertainment,bank_transfer,BR,desktop,1,0
6060,2026-01-22 00:55:00,378,54.15,USD,electronics,pix,PT,mobile,1,0
6061,2026-01-22 01:00:00,470,240.47,USD,groceries,pix,BR,desktop,0,0
6062,2026-01-22 01:05:00,790,4.74,USD,travel,card,US,desktop,1,0
6063,2026-01-22 01:10:00,378,321.88,USD,utilities,pix,US,mobile,1,0
6064,2026-01-22 01:15:00,65,26.23,USD,restaurants,bank_transfer,US,mobile,1,0
6065,2026-01-22 01:20:00,373,46.89,USD,restaurants,pix,BR,desktop,1,0
6066,2026-01-22 01:25:00,254,8.05,USD,transport,card,MX,mobile,1,0
6067,2026-01-22 01:30:00,383,89.74,USD,online_services,pix,CO,mobile,0,0
6068,2026-01-22 01:35:00,231,34.52,USD,transport,pix,BR,mobile,1,0
6069,2026-01-22 01:40:00,150,31.14,USD,utilities,pix,AR,mobile,1,0
6070,2026-01-22 01:45:00,986,4.77,USD,entertainment,pix,CL,mobile,1,1
6071,2026-01-22 01:50:00,129,35.65,USD,online_services,digital_wallet,US,desktop,1,0
6072,2026-01-22 01:55:00,707,77.16,USD,travel,bank_transfer,MX,mobile,0,0
6073,2026-01-22 02:00:00,718,26.15,USD,transport,card,BR,mobile,1,0
6074,2026-01-22 02:05:00,618,107.15,USD,entertainment,pix,CL,desktop,1,0
6075,2026-01-22 02:10:00,912,102.81,USD,groceries,pix,BR,mobile,0,0
6076,2026-01-22 02:15:00,5,17.44,USD,utilities,bank_transfer,BR,mobile,0,0
6077,2026-01-22 02:20:00,302,163.22,USD,restaurants,card,MX,desktop,1,0
6078,2026-01-22 02:25:00,185,34.65,USD,entertainment,card,CL,mobile,0,0
6079,2026-01-22 02:30:00,577,34.8,USD,travel,pix,MX,mobile,1,0
6080,2026-01-22 02:35:00,636,36.56,USD,restaurants,pix,AR,desktop,1,0
6081,2026-01-22 02:40:00,898,35.49,USD,electronics,card,BR,mobile,0,0
6082,2026-01-22 02:45:00,380,2.39,USD,travel,digital_wallet,CO,mobile,1,0
6083,2026-01-22 02:50:00,236,27.51,USD,utilities,card,BR,desktop,0,0
6084,2026-01-22 02:55:00,925,8.47,USD,electronics,card,PT,mobile,1,0
6085,2026-01-22 03:00:00,673,168.4,USD,groceries,card,US,desktop,1,0
6086,2026-01-22 03:05:00,765,161.76,USD,groceries,card,US,mobile,1,0
6087,2026-01-22 03:10:00,445,77.63,USD,entertainment,card,US,desktop,1,0
6088,2026-01-22 03:15:00,448,26.09,USD,online_services,card,AR,mobile,1,0
6089,2026-01-22 03:20:00,390,12.09,USD,electronics,card,AR,mobile,1,0
6090,2026-01-22 03:25:00,750,17.16,USD,groceries,pix,MX,mobile,1,0
6091,2026-01-22 03:30:00,211,231.05,USD,restaurants,card,BR,mobile,1,0
6092,2026-01-22 03:35:00,976,16.57,USD,online_services,pix,MX,mobile,1,0
6093,2026-01-22 03:40:00,176,3.14,USD,entertainment,digital_wallet,BR,mobile,0,0
6094,2026-01-22 03:45:00,461,92.77,USD,groceries,digital_wallet,US,desktop,1,0
6095,2026-01-22 03:50:00,315,148.49,USD,transport,card,AR,mobile,1,0
6096,2026-01-22 03:55:00,643,174.03,USD,entertainment,card,MX,desktop,1,0
6097,2026-01-22 04:00:00,681,93.54,USD,entertainment,pix,AR,mobile,0,0
6098,2026-01-22 04:05:00,919,110.11,USD,transport,card,CL,mobile,1,0
6099,2026-01-22 04:10:00,790,34.92,USD,entertainment,bank_transfer,US,mobile,1,0
6100,2026-01-22 04:15:00,249,4.15,USD,online_services,pix,BR,mobile,1,0
6101,2026-01-22 04:20:00,207,34.05,USD,online_services,card,BR,mobile,1,0
6102,2026-01-22 04:25:00,887,61.66,USD,utilities,card,BR,mobile,0,0
6103,2026-01-22 04:30:00,488,28.93,USD,transport,bank_transfer,AR,mobile,0,0
6104,2026-01-22 04:35:00,98,27.64,USD,groceries,pix,CL,mobile,1,0
6105,2026-01-22 04:40:00,825,12.63,USD,electronics,pix,CL,mobile,1,0
6106,2026-01-22 04:45:00,649,12.16,USD,groceries,pix,BR,mobile,1,0
6107,2026-01-22 04:50:00,26,208.13,USD,travel,pix,BR,mobile,0,0
6108,2026-01-22 04:55:00,783,215.8,USD,travel,card,US,mobile,1,0
6109,2026-01-22 05:00:00,608,33.03,USD,transport,pix,CL,mobile,1,0
6110,2026-01-22 05:05:00,615,43.88,USD,restaurants,card,BR,mobile,0,0
6111,2026-01-22 05:10:00,865,12.42,USD,travel,pix,BR,desktop,1,0
6112,2026-01-22 05:15:00,496,62.96,USD,groceries,card,BR,mobile,0,0
6113,2026-01-22 05:20:00,462,192.41,USD,transport,digital_wallet,MX,mobile,0,0
6114,2026-01-22 05:25:00,618,7.18,USD,online_services,pix,CO,mobile,1,0
6115,2026-01-22 05:30:00,198,52.66,USD,online_services,card,CL,mobile,1,0
6116,2026-01-22 05:35:00,152,56.77,USD,entertainment,bank_transfer,CL,mobile,1,0
6117,2026-01-22 05:40:00,844,56.13,USD,transport,pix,US,mobile,1,0
6118,2026-01-22 05:45:00,216,171.2,USD,groceries,pix,BR,mobile,0,0
6119,2026-01-22 05:50:00,505,253.67,USD,entertainment,card,BR,desktop,0,0
6120,2026-01-22 05:55:00,270,26.22,USD,electronics,pix,BR,mobile,0,0
6121,2026-01-22 06:00:00,231,64.92,USD,entertainment,pix,PT,desktop,1,0
6122,2026-01-22 06:05:00,598,36.03,USD,restaurants,card,AR,mobile,1,0
6123,2026-01-22 06:10:00,803,17.6,USD,utilities,pix,AR,desktop,1,0
6124,2026-01-22 06:15:00,442,43.42,USD,utilities,card,MX,desktop,1,0
6125,2026-01-22 06:20:00,139,64.81,USD,electronics,bank_transfer,BR,mobile,1,0
6126,2026-01-22 06:25:00,245,41.14,USD,groceries,digital_wallet,BR,mobile,0,0
6127,2026-01-22 06:30:00,165,13.72,USD,electronics,card,CL,mobile,0,0
6128,2026-01-22 06:35:00,883,20.83,USD,transport,card,PT,desktop,1,0
6129,2026-01-22 06:40:00,320,20.99,USD,utilities,card,BR,mobile,0,0
6130,2026-01-22 06:45:00,374,14.26,USD,restaurants,bank_transfer,AR,mobile,1,0
6131,2026-01-22 06:50:00,72,45.31,USD,groceries,card,US,mobile,1,0
6132,2026-01-22 06:55:00,447,50.31,USD,online_services,bank_transfer,CO,mobile,1,0
6133,2026-01-22 07:00:00,914,88.19,USD,restaurants,bank_transfer,CL,mobile,1,0
6134,2026-01-22 07:05:00,410,14.05,USD,groceries,card,BR,mobile,0,0
6135,2026-01-22 07:10:00,652,18.59,USD,utilities,bank_transfer,BR,mobile,1,0
6136,2026-01-22 07:15:00,182,156.74,USD,entertainment,pix,BR,mobile,0,0
6137,2026-01-22 07:20:00,143,28.09,USD,transport,card,BR,mobile,1,0
6138,2026-01-22 07:25:00,732,34.13,USD,electronics,bank_transfer,MX,desktop,1,0
6139,2026-01-22 07:30:00,66,27.8,USD,entertainment,pix,CO,tablet,1,0
6140,2026-01-22 07:35:00,449,102.83,USD,utilities,card,MX,desktop,1,0
6141,2026-01-22 07:40:00,317,106.89,USD,transport,pix,BR,mobile,1,0
6142,2026-01-22 07:45:00,17,100.81,USD,restaurants,pix,BR,mobile,1,0
6143,2026-01-22 07:50:00,532,34.01,USD,groceries,pix,CO,mobile,1,0
6144,2026-01-22 07:55:00,965,13.84,USD,utilities,card,BR,mobile,0,0
6145,2026-01-22 08:00:00,70,227.06,USD,utilities,pix,BR,desktop,1,0
6146,2026-01-22 08:05:00,816,77.97,USD,online_services,card,BR,desktop,0,0
6147,2026-01-22 08:10:00,540,20.98,USD,entertainment,pix,BR,tablet,1,0
6148,2026-01-22 08:15:00,724,137.53,USD,restaurants,card,BR,desktop,0,0
6149,2026-01-22 08:20:00,97,19.38,USD,restaurants,pix,BR,mobile,0,0
6150,2026-01-22 08:25:00,870,135.73,USD,restaurants,bank_transfer,US,mobile,1,0
6151,2026-01-22 08:30:00,12,145.23,USD,electronics,card,BR,desktop,0,0
6152,2026-01-22 08:35:00,907,13.18,USD,online_services,card,AR,mobile,0,0
6153,2026-01-22 08:40:00,658,59.25,USD,entertainment,bank_transfer,AR,desktop,1,0
6154,2026-01-22 08:45:00,338,72.4,USD,electronics,card,AR,mobile,1,0
6155,2026-01-22 08:50:00,8,452.55,USD,entertainment,card,AR,mobile,1,0
6156,2026-01-22 08:55:00,611,15.76,USD,utilities,pix,BR,mobile,1,0
6157,2026-01-22 09:00:00,88,138.73,USD,electronics,pix,BR,mobile,0,0
6158,2026-01-22 09:05:00,609,33.69,USD,utilities,card,AR,mobile,1,0
6159,2026-01-22 09:10:00,774,9.57,USD,groceries,bank_transfer,PT,mobile,1,0
6160,2026-01-22 09:15:00,268,29.37,USD,transport,card,BR,mobile,1,0
6161,2026-01-22 09:20:00,239,33.2,USD,restaurants,bank_transfer,AR,mobile,1,0
6162,2026-01-22 09:25:00,222,11.49,USD,restaurants,bank_transfer,PT,mobile,1,0
6163,2026-01-22 09:30:00,225,45.25,USD,restaurants,card,CO,desktop,1,0
6164,2026-01-22 09:35:00,114,86.3,USD,transport,bank_transfer,CO,mobile,1,0
6165,2026-01-22 09:40:00,250,42.02,USD,entertainment,pix,AR,mobile,0,0
6166,2026-01-22 09:45:00,660,19.26,USD,travel,digital_wallet,US,mobile,1,0
6167,2026-01-22 09:50:00,303,28.55,USD,electronics,pix,AR,mobile,1,0
6168,2026-01-22 09:55:00,781,32.97,USD,electronics,card,CL,mobile,1,0
6169,2026-01-22 10:00:00,820,41.15,USD,restaurants,pix,MX,desktop,1,0
6170,2026-01-22 10:05:00,761,100.47,USD,entertainment,pix,BR,mobile,1,0
6171,2026-01-22 10:10:00,540,43.46,USD,utilities,pix,PT,mobile,1,0
6172,2026-01-22 10:15:00,317,8.14,USD,travel,pix,PT,mobile,1,0
6173,2026-01-22 10:20:00,930,18.87,USD,utilities,bank_transfer,AR,mobile,0,0
6174,2026-01-22 10:25:00,206,39.1,USD,utilities,card,BR,mobile,0,0
6175,2026-01-22 10:30:00,465,101.91,USD,utilities,digital_wallet,CO,mobile,1,0
6176,2026-01-22 10:35:00,454,121.25,USD,groceries,card,BR,mobile,1,0
6177,2026-01-22 10:40:00,746,195.33,USD,groceries,card,AR,mobile,0,0
6178,2026-01-22 10:45:00,547,37.74,USD,electronics,card,BR,desktop,1,0
6179,2026-01-22 10:50:00,800,71.04,USD,groceries,digital_wallet,MX,mobile,1,0
6180,2026-01-22 10:55:00,920,7.73,USD,groceries,bank_transfer,PT,mobile,1,0
6181,2026-01-22 11:00:00,391,50.9,USD,restaurants,card,BR,mobile,1,0
6182,2026-01-22 11:05:00,875,11.3,USD,groceries,digital_wallet,CO,mobile,1,0
6183,2026-01-22 11:10:00,170,31.11,USD,transport,card,US,mobile,1,0
6184,2026-01-22 11:15:00,917,685.29,USD,transport,card,BR,mobile,1,0
6185,2026-01-22 11:20:00,178,44.86,USD,utilities,card,BR,tablet,1,0
6186,2026-01-22 11:25:00,851,13.96,USD,online_services,card,BR,mobile,0,0
6187,2026-01-22 11:30:00,391,49.79,USD,restaurants,pix,MX,mobile,1,0
6188,2026-01-22 11:35:00,965,19.75,USD,electronics,card,AR,mobile,1,0
6189,2026-01-22 11:40:00,130,12.67,USD,travel,card,BR,mobile,0,0
6190,2026-01-22 11:45:00,466,271.28,USD,transport,card,BR,mobile,1,0
6191,2026-01-22 11:50:00,902,96.24,USD,transport,card,AR,mobile,1,0
6192,2026-01-22 11:55:00,48,46.78,USD,entertainment,pix,BR,mobile,0,0
6193,2026-01-22 12:00:00,266,22.38,USD,electronics,pix,CL,mobile,1,0
6194,2026-01-22 12:05:00,84,24.27,USD,entertainment,card,BR,mobile,1,0
6195,2026-01-22 12:10:00,322,154.85,USD,groceries,card,MX,mobile,1,0
6196,2026-01-22 12:15:00,391,45.0,USD,electronics,pix,CO,desktop,1,0
6197,2026-01-22 12:20:00,619,1.52,USD,transport,bank_transfer,US,mobile,1,1
6198,2026-01-22 12:25:00,258,372.76,USD,transport,pix,BR,mobile,1,0
6199,2026-01-22 12:30:00,159,39.77,USD,electronics,pix,CL,desktop,1,0
6200,2026-01-22 12:35:00,170,46.68,USD,transport,digital_wallet,MX,desktop,1,0
6201,2026-01-22 12:40:00,939,98.17,USD,utilities,bank_transfer,AR,mobile,1,0
6202,2026-01-22 12:45:00,954,52.74,USD,restaurants,card,BR,mobile,1,0
6203,2026-01-22 12:50:00,222,69.89,USD,online_services,bank_transfer,BR,desktop,1,0
6204,2026-01-22 12:55:00,196,21.68,USD,transport,pix,CL,mobile,1,0
6205,2026-01-22 13:00:00,55,9.68,USD,travel,pix,AR,mobile,1,0
6206,2026-01-22 13:05:00,960,43.83,USD,restaurants,pix,US,mobile,1,0
6207,2026-01-22 13:10:00,707,138.6,USD,online_services,card,MX,mobile,0,0
6208,2026-01-22 13:15:00,761,17.33,USD,entertainment,bank_transfer,CO,mobile,1,0
6209,2026-01-22 13:20:00,291,15.99,USD,utilities,card,PT,mobile,1,0
6210,2026-01-22 13:25:00,641,112.28,USD,online_services,card,CL,mobile,1,0
6211,2026-01-22 13:30:00,60,20.96,USD,online_services,card,BR,desktop,1,0
6212,2026-01-22 13:35:00,677,21.96,USD,transport,pix,BR,desktop,0,0
6213,2026-01-22 13:40:00,580,22.8,USD,transport,card,MX,mobile,0,0
6214,2026-01-22 13:45:00,332,31.03,USD,restaurants,card,BR,mobile,1,0
6215,2026-01-22 13:50:00,711,6.86,USD,travel,bank_transfer,US,mobile,1,0
6216,2026-01-22 13:55:00,647,19.31,USD,online_services,card,BR,mobile,1,0
6217,2026-01-22 14:00:00,439,41.69,USD,entertainment,card,BR,desktop,1,0
6218,2026-01-22 14:05:00,187,41.4,USD,travel,pix,CO,tablet,1,0
6219,2026-01-22 14:10:00,24,105.42,USD,electronics,card,MX,mobile,1,0
6220,2026-01-22 14:15:00,938,208.39,USD,entertainment,card,US,mobile,1,0
6221,2026-01-22 14:20:00,282,150.28,USD,electronics,card,BR,desktop,0,0
6222,2026-01-22 14:25:00,302,82.65,USD,online_services,card,BR,mobile,0,0
6223,2026-01-22 14:30:00,682,28.54,USD,travel,card,CL,mobile,1,0
6224,2026-01-22 14:35:00,256,17.76,USD,entertainment,bank_transfer,US,mobile,1,0
6225,2026-01-22 14:40:00,376,33.71,USD,entertainment,card,BR,mobile,1,0
6226,2026-01-22 14:45:00,712,59.48,USD,entertainment,pix,CL,mobile,1,0
6227,2026-01-22 14:50:00,596,75.33,USD,electronics,card,BR,mobile,1,1
6228,2026-01-22 14:55:00,657,61.75,USD,electronics,digital_wallet,CO,mobile,1,0
6229,2026-01-22 15:00:00,5,29.34,USD,electronics,bank_transfer,BR,mobile,0,0
6230,2026-01-22 15:05:00,452,72.74,USD,online_services,card,PT,mobile,1,0
6231,2026-01-22 15:10:00,476,116.85,USD,groceries,pix,BR,mobile,1,0
6232,2026-01-22 15:15:00,633,79.85,USD,entertainment,card,CL,desktop,1,0
6233,2026-01-22 15:20:00,152,32.07,USD,online_services,card,CO,tablet,1,0
6234,2026-01-22 15:25:00,160,14.38,USD,groceries,card,BR,desktop,1,0
6235,2026-01-22 15:30:00,763,14.05,USD,travel,pix,BR,mobile,0,0
6236,2026-01-22 15:35:00,674,16.76,USD,travel,card,AR,desktop,1,0
6237,2026-01-22 15:40:00,812,42.82,USD,transport,card,CL,mobile,1,0
6238,2026-01-22 15:45:00,271,55.69,USD,groceries,pix,CO,mobile,1,0
6239,2026-01-22 15:50:00,998,8.05,USD,entertainment,bank_transfer,AR,mobile,1,0
6240,2026-01-22 15:55:00,273,20.01,USD,travel,bank_transfer,BR,desktop,1,1
6241,2026-01-22 16:00:00,651,42.24,USD,utilities,pix,US,mobile,1,0
6242,2026-01-22 16:05:00,163,13.47,USD,groceries,pix,BR,mobile,1,0
6243,2026-01-22 16:10:00,919,51.11,USD,online_services,pix,AR,desktop,0,0
6244,2026-01-22 16:15:00,333,24.35,USD,entertainment,card,US,mobile,1,0
6245,2026-01-22 16:20:00,803,16.06,USD,electronics,pix,US,desktop,1,0
6246,2026-01-22 16:25:00,332,34.93,USD,electronics,card,BR,mobile,1,0
6247,2026-01-22 16:30:00,791,49.02,USD,online_services,bank_transfer,BR,mobile,1,0
6248,2026-01-22 16:35:00,455,14.17,USD,travel,card,CL,mobile,1,0
6249,2026-01-22 16:40:00,63,25.98,USD,travel,card,BR,mobile,1,0
6250,2026-01-22 16:45:00,191,52.86,USD,entertainment,card,CO,mobile,1,0
6251,2026-01-22 16:50:00,684,15.45,USD,transport,bank_transfer,AR,desktop,1,0
6252,2026-01-22 16:55:00,194,6.31,USD,transport,card,BR,mobile,1,0
6253,2026-01-22 17:00:00,276,7.12,USD,utilities,pix,BR,mobile,0,0
6254,2026-01-22 17:05:00,542,21.8,USD,transport,card,CL,mobile,1,0
6255,2026-01-22 17:10:00,254,8.86,USD,groceries,pix,MX,mobile,1,0
6256,2026-01-22 17:15:00,129,23.39,USD,electronics,pix,BR,mobile,1,0
6257,2026-01-22 17:20:00,625,175.03,USD,groceries,digital_wallet,BR,mobile,1,0
6258,2026-01-22 17:25:00,689,8.34,USD,travel,card,BR,mobile,1,0
6259,2026-01-22 17:30:00,734,24.96,USD,entertainment,card,CL,mobile,1,0
6260,2026-01-22 17:35:00,944,279.31,USD,online_services,card,CO,mobile,1,0
6261,2026-01-22 17:40:00,125,49.81,USD,travel,pix,US,mobile,1,0
6262,2026-01-22 17:45:00,427,22.93,USD,transport,bank_transfer,PT,mobile,1,0
6263,2026-01-22 17:50:00,234,28.31,USD,entertainment,card,AR,desktop,1,0
6264,2026-01-22 17:55:00,902,50.87,USD,travel,digital_wallet,US,mobile,1,1
6265,2026-01-22 18:00:00,540,180.51,USD,entertainment,card,BR,mobile,1,0
6266,2026-01-22 18:05:00,99,19.48,USD,online_services,bank_transfer,AR,mobile,1,0
6267,2026-01-22 18:10:00,693,15.52,USD,groceries,pix,AR,mobile,0,0
6268,2026-01-22 18:15:00,43,8.34,USD,entertainment,digital_wallet,CO,mobile,1,0
6269,2026-01-22 18:20:00,275,36.71,USD,utilities,pix,CO,mobile,1,0
6270,2026-01-22 18:25:00,722,8.12,USD,transport,pix,BR,tablet,0,0
6271,2026-01-22 18:30:00,507,20.83,USD,electronics,card,US,tablet,1,0
6272,2026-01-22 18:35:00,762,13.35,USD,electronics,card,US,mobile,1,0
6273,2026-01-22 18:40:00,572,96.94,USD,transport,bank_transfer,US,mobile,1,0
6274,2026-01-22 18:45:00,844,19.92,USD,online_services,card,AR,desktop,1,0
6275,2026-01-22 18:50:00,563,49.25,USD,transport,bank_transfer,PT,tablet,1,0
6276,2026-01-22 18:55:00,57,6.66,USD,electronics,card,MX,mobile,1,0
6277,2026-01-22 19:00:00,72,37.77,USD,travel,card,CL,desktop,0,0
6278,2026-01-22 19:05:00,777,9.94,USD,transport,pix,BR,mobile,1,0
6279,2026-01-22 19:10:00,39,21.64,USD,entertainment,card,MX,mobile,1,0
6280,2026-01-22 19:15:00,377,302.23,USD,travel,pix,CO,mobile,1,0
6281,2026-01-22 19:20:00,17,84.11,USD,restaurants,digital_wallet,AR,mobile,1,0
6282,2026-01-22 19:25:00,304,29.12,USD,restaurants,card,PT,desktop,1,0
6283,2026-01-22 19:30:00,596,811.55,USD,groceries,card,BR,mobile,1,0
6284,2026-01-22 19:35:00,174,13.26,USD,travel,card,CL,mobile,1,0
6285,2026-01-22 19:40:00,467,106.19,USD,utilities,pix,BR,mobile,0,0
6286,2026-01-22 19:45:00,997,7.15,USD,online_services,pix,AR,mobile,1,0
6287,2026-01-22 19:50:00,71,25.95,USD,entertainment,digital_wallet,BR,mobile,0,0
6288,2026-01-22 19:55:00,64,8.6,USD,online_services,card,BR,desktop,0,0
6289,2026-01-22 20:00:00,272,42.83,USD,online_services,card,BR,mobile,0,0
6290,2026-01-22 20:05:00,828,35.02,USD,travel,card,BR,desktop,0,0
6291,2026-01-22 20:10:00,406,24.35,USD,electronics,card,BR,mobile,1,0
6292,2026-01-22 20:15:00,640,98.7,USD,online_services,pix,CO,mobile,1,0
6293,2026-01-22 20:20:00,34,18.78,USD,entertainment,digital_wallet,BR,desktop,0,0
6294,2026-01-22 20:25:00,736,45.92,USD,utilities,card,BR,mobile,0,0
6295,2026-01-22 20:30:00,68,75.23,USD,restaurants,bank_transfer,BR,mobile,0,0
6296,2026-01-22 20:35:00,712,7.51,USD,online_services,pix,BR,mobile,0,0
6297,2026-01-22 20:40:00,148,15.67,USD,electronics,bank_transfer,BR,mobile,0,0
6298,2026-01-22 20:45:00,859,34.95,USD,utilities,bank_transfer,US,mobile,1,0
6299,2026-01-22 20:50:00,297,62.19,USD,electronics,bank_transfer,AR,desktop,0,0
6300,2026-01-22 20:55:00,184,137.17,USD,online_services,card,BR,mobile,0,0
6301,2026-01-22 21:00:00,337,26.69,USD,entertainment,card,AR,mobile,1,0
6302,2026-01-22 21:05:00,1,24.13,USD,restaurants,card,BR,mobile,1,0
6303,2026-01-22 21:10:00,166,13.84,USD,restaurants,card,CO,mobile,0,0
6304,2026-01-22 21:15:00,599,46.06,USD,restaurants,pix,PT,tablet,1,0
6305,2026-01-22 21:20:00,301,24.6,USD,transport,digital_wallet,BR,mobile,1,0
6306,2026-01-22 21:25:00,354,25.18,USD,groceries,pix,BR,mobile,1,0
6307,2026-01-22 21:30:00,808,30.15,USD,travel,card,CL,mobile,0,0
6308,2026-01-22 21:35:00,124,57.49,USD,entertainment,card,BR,mobile,0,0
6309,2026-01-22 21:40:00,396,18.85,USD,entertainment,pix,BR,mobile,0,0
6310,2026-01-22 21:45:00,187,15.3,USD,online_services,card,CL,mobile,1,0
6311,2026-01-22 21:50:00,483,50.99,USD,utilities,card,CL,tablet,0,0
6312,2026-01-22 21:55:00,332,1.61,USD,online_services,card,BR,mobile,1,0
6313,2026-01-22 22:00:00,47,18.11,USD,travel,bank_transfer,MX,desktop,1,0
6314,2026-01-22 22:05:00,71,10.47,USD,utilities,card,BR,tablet,0,0
6315,2026-01-22 22:10:00,853,110.31,USD,utilities,digital_wallet,BR,tablet,1,0
6316,2026-01-22 22:15:00,57,21.31,USD,utilities,pix,CO,mobile,1,0
6317,2026-01-22 22:20:00,783,18.9,USD,electronics,pix,CL,desktop,1,1
6318,2026-01-22 22:25:00,917,31.54,USD,travel,bank_transfer,CL,mobile,1,0
6319,2026-01-22 22:30:00,466,18.26,USD,online_services,bank_transfer,CL,mobile,1,0
6320,2026-01-22 22:35:00,313,22.14,USD,electronics,card,CL,mobile,1,0
6321,2026-01-22 22:40:00,777,36.49,USD,travel,card,US,mobile,1,0
6322,2026-01-22 22:45:00,983,21.71,USD,entertainment,card,AR,mobile,1,0
6323,2026-01-22 22:50:00,121,21.56,USD,restaurants,card,BR,mobile,1,0
6324,2026-01-22 22:55:00,965,12.06,USD,groceries,card,CO,mobile,1,0
6325,2026-01-22 23:00:00,944,10.45,USD,entertainment,pix,BR,mobile,0,0
6326,2026-01-22 23:05:00,143,35.19,USD,utilities,card,CO,desktop,1,0
6327,2026-01-22 23:10:00,55,45.0,USD,travel,digital_wallet,BR,mobile,0,0
6328,2026-01-22 23:15:00,715,7.94,USD,entertainment,bank_transfer,AR,mobile,1,0
6329,2026-01-22 23:20:00,78,70.81,USD,groceries,pix,CO,mobile,1,0
6330,2026-01-22 23:25:00,601,71.1,USD,restaurants,pix,CL,mobile,1,0
6331,2026-01-22 23:30:00,65,87.77,USD,entertainment,card,BR,mobile,0,0
6332,2026-01-22 23:35:00,691,44.7,USD,entertainment,card,BR,mobile,0,0
6333,2026-01-22 23:40:00,232,62.62,USD,restaurants,card,MX,desktop,1,0
6334,2026-01-22 23:45:00,97,294.43,USD,travel,digital_wallet,PT,desktop,1,0
6335,2026-01-22 23:50:00,67,24.5,USD,groceries,card,AR,mobile,1,0
6336,2026-01-22 23:55:00,189,11.64,USD,utilities,card,BR,mobile,0,0
6337,2026-01-23 00:00:00,541,7.14,USD,groceries,bank_transfer,BR,tablet,1,0
6338,2026-01-23 00:05:00,77,191.65,USD,utilities,card,AR,mobile,0,0
6339,2026-01-23 00:10:00,803,194.18,USD,restaurants,digital_wallet,BR,mobile,0,0
6340,2026-01-23 00:15:00,605,13.14,USD,transport,digital_wallet,US,mobile,1,0
6341,2026-01-23 00:20:00,298,16.0,USD,online_services,card,AR,mobile,1,0
6342,2026-01-23 00:25:00,987,23.95,USD,utilities,pix,BR,tablet,0,0
6343,2026-01-23 00:30:00,659,112.65,USD,transport,card,BR,desktop,0,0
6344,2026-01-23 00:35:00,672,9.14,USD,restaurants,card,BR,desktop,1,0
6345,2026-01-23 00:40:00,174,4.63,USD,groceries,bank_transfer,AR,mobile,0,0
6346,2026-01-23 00:45:00,711,289.31,USD,electronics,card,AR,desktop,1,0
6347,2026-01-23 00:50:00,560,45.26,USD,travel,digital_wallet,BR,mobile,1,0
6348,2026-01-23 00:55:00,985,52.17,USD,electronics,digital_wallet,CL,mobile,1,0
6349,2026-01-23 01:00:00,478,26.97,USD,online_services,pix,BR,mobile,0,0
6350,2026-01-23 01:05:00,679,52.76,USD,utilities,card,AR,desktop,1,0
6351,2026-01-23 01:10:00,342,7.28,USD,transport,card,US,mobile,1,0
6352,2026-01-23 01:15:00,41,14.28,USD,online_services,card,BR,mobile,1,0
6353,2026-01-23 01:20:00,128,36.79,USD,electronics,card,BR,mobile,0,0
6354,2026-01-23 01:25:00,868,3.42,USD,groceries,card,US,mobile,1,1
6355,2026-01-23 01:30:00,739,24.47,USD,utilities,card,BR,mobile,1,0
6356,2026-01-23 01:35:00,365,23.01,USD,entertainment,pix,BR,mobile,1,0
6357,2026-01-23 01:40:00,698,24.47,USD,transport,card,MX,mobile,1,0
6358,2026-01-23 01:45:00,5,19.09,USD,online_services,card,AR,mobile,1,0
6359,2026-01-23 01:50:00,38,12.23,USD,online_services,pix,US,mobile,1,0
6360,2026-01-23 01:55:00,508,5.35,USD,online_services,card,AR,mobile,1,0
6361,2026-01-23 02:00:00,625,38.27,USD,online_services,card,AR,mobile,1,0
6362,2026-01-23 02:05:00,938,24.53,USD,transport,card,BR,desktop,1,0
6363,2026-01-23 02:10:00,760,8.37,USD,travel,card,BR,desktop,1,0
6364,2026-01-23 02:15:00,258,35.25,USD,restaurants,card,AR,mobile,0,0
6365,2026-01-23 02:20:00,816,24.66,USD,entertainment,card,BR,mobile,0,0
6366,2026-01-23 02:25:00,492,20.88,USD,electronics,pix,AR,mobile,1,0
6367,2026-01-23 02:30:00,827,3.83,USD,online_services,card,BR,desktop,0,0
6368,2026-01-23 02:35:00,174,65.55,USD,online_services,card,BR,mobile,1,0
6369,2026-01-23 02:40:00,27,9.65,USD,transport,pix,AR,mobile,1,0
6370,2026-01-23 02:45:00,58,35.28,USD,transport,pix,CL,mobile,0,0
6371,2026-01-23 02:50:00,991,14.76,USD,groceries,card,BR,desktop,1,0
6372,2026-01-23 02:55:00,81,22.45,USD,travel,digital_wallet,CO,mobile,1,0
6373,2026-01-23 03:00:00,940,104.83,USD,electronics,bank_transfer,BR,mobile,0,1
6374,2026-01-23 03:05:00,728,56.35,USD,online_services,pix,BR,mobile,1,0
6375,2026-01-23 03:10:00,147,102.52,USD,utilities,card,US,desktop,1,0
6376,2026-01-23 03:15:00,865,46.08,USD,electronics,card,US,mobile,1,0
6377,2026-01-23 03:20:00,145,49.21,USD,travel,card,BR,mobile,0,0
6378,2026-01-23 03:25:00,144,5.58,USD,entertainment,pix,BR,mobile,0,0
6379,2026-01-23 03:30:00,576,24.11,USD,online_services,digital_wallet,US,mobile,1,0
6380,2026-01-23 03:35:00,289,26.45,USD,online_services,digital_wallet,AR,mobile,1,0
6381,2026-01-23 03:40:00,291,112.58,USD,electronics,card,BR,mobile,1,0
6382,2026-01-23 03:45:00,196,19.96,USD,transport,digital_wallet,BR,mobile,1,0
6383,2026-01-23 03:50:00,608,43.16,USD,entertainment,bank_transfer,BR,tablet,1,0
6384,2026-01-23 03:55:00,27,41.5,USD,transport,pix,MX,mobile,1,0
6385,2026-01-23 04:00:00,246,105.39,USD,restaurants,digital_wallet,CL,mobile,1,0
6386,2026-01-23 04:05:00,554,28.97,USD,transport,card,BR,desktop,1,0
6387,2026-01-23 04:10:00,487,75.78,USD,transport,card,BR,mobile,1,0
6388,2026-01-23 04:15:00,700,6.02,USD,travel,bank_transfer,BR,mobile,0,0
6389,2026-01-23 04:20:00,217,6.59,USD,entertainment,card,CO,mobile,1,0
6390,2026-01-23 04:25:00,648,3.38,USD,restaurants,pix,US,mobile,1,0
6391,2026-01-23 04:30:00,760,72.67,USD,groceries,bank_transfer,AR,mobile,0,0
6392,2026-01-23 04:35:00,389,64.95,USD,restaurants,bank_transfer,CO,mobile,1,0
6393,2026-01-23 04:40:00,257,81.19,USD,online_services,card,BR,mobile,0,0
6394,2026-01-23 04:45:00,556,16.82,USD,transport,pix,AR,desktop,0,0
6395,2026-01-23 04:50:00,579,18.85,USD,travel,card,BR,mobile,1,0
6396,2026-01-23 04:55:00,95,29.34,USD,travel,bank_transfer,BR,mobile,0,0
6397,2026-01-23 05:00:00,566,140.29,USD,transport,pix,AR,mobile,1,0
6398,2026-01-23 05:05:00,155,180.16,USD,utilities,pix,MX,tablet,1,0
6399,2026-01-23 05:10:00,569,73.24,USD,groceries,bank_transfer,BR,mobile,1,0
6400,2026-01-23 05:15:00,932,46.11,USD,travel,pix,AR,mobile,0,0
6401,2026-01-23 05:20:00,538,125.89,USD,electronics,pix,US,mobile,1,0
6402,2026-01-23 05:25:00,762,25.64,USD,utilities,pix,MX,mobile,1,0
6403,2026-01-23 05:30:00,310,22.4,USD,restaurants,pix,AR,desktop,1,0
6404,2026-01-23 05:35:00,923,29.11,USD,online_services,pix,BR,mobile,1,0
6405,2026-01-23 05:40:00,813,12.44,USD,utilities,bank_transfer,MX,mobile,1,0
6406,2026-01-23 05:45:00,917,27.8,USD,entertainment,card,BR,mobile,1,0
6407,2026-01-23 05:50:00,742,10.83,USD,electronics,card,BR,mobile,1,0
6408,2026-01-23 05:55:00,650,92.3,USD,entertainment,card,BR,mobile,0,0
6409,2026-01-23 06:00:00,526,57.04,USD,restaurants,card,AR,mobile,0,0
6410,2026-01-23 06:05:00,929,138.32,USD,groceries,bank_transfer,CL,mobile,1,0
6411,2026-01-23 06:10:00,849,6.49,USD,entertainment,pix,MX,mobile,1,0
6412,2026-01-23 06:15:00,417,221.78,USD,electronics,card,AR,mobile,1,0
6413,2026-01-23 06:20:00,86,6.87,USD,transport,pix,PT,mobile,1,0
6414,2026-01-23 06:25:00,4,9.99,USD,transport,card,AR,desktop,1,0
6415,2026-01-23 06:30:00,234,17.8,USD,travel,pix,CL,tablet,1,0
6416,2026-01-23 06:35:00,63,122.45,USD,travel,card,BR,desktop,1,0
6417,2026-01-23 06:40:00,212,41.5,USD,entertainment,card,BR,mobile,0,0
6418,2026-01-23 06:45:00,110,25.95,USD,online_services,card,AR,mobile,0,0
6419,2026-01-23 06:50:00,982,14.99,USD,utilities,card,CO,mobile,1,0
6420,2026-01-23 06:55:00,96,8.37,USD,transport,pix,BR,mobile,0,0
6421,2026-01-23 07:00:00,627,102.78,USD,restaurants,pix,AR,desktop,1,0
6422,2026-01-23 07:05:00,352,73.6,USD,restaurants,card,BR,mobile,1,0
6423,2026-01-23 07:10:00,175,128.05,USD,travel,pix,BR,mobile,0,0
6424,2026-01-23 07:15:00,702,49.25,USD,utilities,pix,BR,mobile,0,0
6425,2026-01-23 07:20:00,971,2.36,USD,transport,bank_transfer,BR,desktop,1,0
6426,2026-01-23 07:25:00,791,9.54,USD,online_services,card,BR,mobile,1,0
6427,2026-01-23 07:30:00,976,52.71,USD,electronics,pix,US,desktop,1,0
6428,2026-01-23 07:35:00,591,22.88,USD,utilities,pix,MX,desktop,1,0
6429,2026-01-23 07:40:00,674,18.94,USD,transport,pix,BR,mobile,1,0
6430,2026-01-23 07:45:00,147,10.99,USD,restaurants,card,BR,desktop,1,0
6431,2026-01-23 07:50:00,853,85.42,USD,travel,card,AR,mobile,1,0
6432,2026-01-23 07:55:00,748,52.26,USD,travel,card,BR,mobile,1,0
6433,2026-01-23 08:00:00,255,54.66,USD,electronics,bank_transfer,MX,mobile,1,0
6434,2026-01-23 08:05:00,355,17.57,USD,electronics,pix,AR,desktop,1,0
6435,2026-01-23 08:10:00,611,39.5,USD,entertainment,pix,US,mobile,1,0
6436,2026-01-23 08:15:00,13,8.69,USD,entertainment,pix,BR,mobile,0,0
6437,2026-01-23 08:20:00,818,29.08,USD,restaurants,card,PT,mobile,1,0
6438,2026-01-23 08:25:00,281,2.64,USD,entertainment,card,CO,mobile,1,0
6439,2026-01-23 08:30:00,75,6.9,USD,transport,pix,CO,mobile,1,0
6440,2026-01-23 08:35:00,331,23.99,USD,utilities,card,US,mobile,1,0
6441,2026-01-23 08:40:00,836,356.07,USD,electronics,digital_wallet,AR,mobile,1,0
6442,2026-01-23 08:45:00,275,5.47,USD,restaurants,card,BR,mobile,1,0
6443,2026-01-23 08:50:00,540,9.55,USD,restaurants,pix,AR,mobile,1,0
6444,2026-01-23 08:55:00,812,41.13,USD,online_services,card,MX,mobile,1,1
6445,2026-01-23 09:00:00,34,194.3,USD,entertainment,bank_transfer,US,mobile,1,0
6446,2026-01-23 09:05:00,760,40.54,USD,restaurants,bank_transfer,AR,desktop,0,0
6447,2026-01-23 09:10:00,289,66.83,USD,travel,card,CO,mobile,1,0
6448,2026-01-23 09:15:00,696,23.63,USD,groceries,pix,BR,mobile,1,0
6449,2026-01-23 09:20:00,189,19.87,USD,utilities,digital_wallet,BR,desktop,0,0
6450,2026-01-23 09:25:00,140,35.95,USD,utilities,pix,AR,mobile,0,0
6451,2026-01-23 09:30:00,789,17.15,USD,utilities,card,BR,mobile,0,0
6452,2026-01-23 09:35:00,808,68.32,USD,electronics,bank_transfer,BR,mobile,1,0
6453,2026-01-23 09:40:00,982,6.64,USD,restaurants,card,CO,mobile,1,0
6454,2026-01-23 09:45:00,678,80.64,USD,electronics,card,AR,mobile,0,0
6455,2026-01-23 09:50:00,466,34.44,USD,travel,bank_transfer,AR,desktop,0,0
6456,2026-01-23 09:55:00,195,26.72,USD,transport,digital_wallet,BR,mobile,0,0
6457,2026-01-23 10:00:00,296,6.4,USD,electronics,card,BR,mobile,0,0
6458,2026-01-23 10:05:00,649,12.43,USD,groceries,card,CL,mobile,1,0
6459,2026-01-23 10:10:00,347,109.8,USD,travel,card,US,mobile,1,0
6460,2026-01-23 10:15:00,484,26.88,USD,restaurants,bank_transfer,BR,mobile,0,0
6461,2026-01-23 10:20:00,169,43.75,USD,utilities,bank_transfer,MX,desktop,1,0
6462,2026-01-23 10:25:00,440,13.74,USD,utilities,digital_wallet,MX,mobile,1,0
6463,2026-01-23 10:30:00,238,32.17,USD,travel,card,MX,mobile,1,0
6464,2026-01-23 10:35:00,113,8.4,USD,restaurants,card,AR,mobile,1,0
6465,2026-01-23 10:40:00,132,36.59,USD,entertainment,pix,BR,mobile,1,0
6466,2026-01-23 10:45:00,519,47.97,USD,online_services,card,CO,mobile,1,0
6467,2026-01-23 10:50:00,367,45.63,USD,entertainment,card,AR,mobile,1,0
6468,2026-01-23 10:55:00,100,13.42,USD,utilities,card,BR,mobile,0,0
6469,2026-01-23 11:00:00,515,23.52,USD,online_services,pix,BR,mobile,0,0
6470,2026-01-23 11:05:00,165,56.67,USD,utilities,pix,AR,mobile,1,0
6471,2026-01-23 11:10:00,16,26.8,USD,restaurants,bank_transfer,AR,mobile,1,0
6472,2026-01-23 11:15:00,133,24.85,USD,utilities,card,US,mobile,1,0
6473,2026-01-23 11:20:00,449,222.18,USD,utilities,bank_transfer,BR,mobile,1,0
6474,2026-01-23 11:25:00,955,12.79,USD,entertainment,pix,BR,mobile,0,0
6475,2026-01-23 11:30:00,242,97.56,USD,restaurants,card,PT,mobile,1,0
6476,2026-01-23 11:35:00,285,10.44,USD,electronics,pix,BR,mobile,1,0
6477,2026-01-23 11:40:00,243,63.74,USD,online_services,bank_transfer,BR,desktop,1,0
6478,2026-01-23 11:45:00,356,67.23,USD,online_services,card,MX,mobile,1,0
6479,2026-01-23 11:50:00,718,19.88,USD,groceries,bank_transfer,PT,tablet,1,0
6480,2026-01-23 11:55:00,323,9.8,USD,electronics,pix,CL,desktop,1,0
6481,2026-01-23 12:00:00,658,4.62,USD,travel,pix,BR,mobile,0,0
6482,2026-01-23 12:05:00,899,17.9,USD,groceries,bank_transfer,AR,mobile,1,0
6483,2026-01-23 12:10:00,947,56.05,USD,restaurants,pix,MX,mobile,1,1
6484,2026-01-23 12:15:00,563,11.27,USD,travel,pix,US,mobile,1,0
6485,2026-01-23 12:20:00,714,36.49,USD,entertainment,card,BR,desktop,1,0
6486,2026-01-23 12:25:00,920,7.57,USD,groceries,pix,US,mobile,1,0
6487,2026-01-23 12:30:00,787,26.21,USD,electronics,bank_transfer,CL,mobile,1,0
6488,2026-01-23 12:35:00,300,10.52,USD,entertainment,digital_wallet,BR,mobile,0,0
6489,2026-01-23 12:40:00,133,30.63,USD,online_services,bank_transfer,BR,mobile,1,0
6490,2026-01-23 12:45:00,115,20.06,USD,online_services,bank_transfer,BR,mobile,0,0
6491,2026-01-23 12:50:00,883,10.07,USD,transport,pix,US,mobile,1,0
6492,2026-01-23 12:55:00,557,17.14,USD,entertainment,bank_transfer,BR,mobile,0,0
6493,2026-01-23 13:00:00,297,13.01,USD,travel,card,CO,mobile,1,1
6494,2026-01-23 13:05:00,346,8.9,USD,restaurants,card,BR,mobile,0,0
6495,2026-01-23 13:10:00,282,97.78,USD,travel,pix,MX,mobile,1,0
6496,2026-01-23 13:15:00,802,23.1,USD,restaurants,pix,AR,mobile,1,0
6497,2026-01-23 13:20:00,613,3.66,USD,groceries,pix,US,mobile,1,0
6498,2026-01-23 13:25:00,880,17.76,USD,transport,digital_wallet,AR,mobile,1,1
6499,2026-01-23 13:30:00,302,82.66,USD,transport,bank_transfer,MX,mobile,1,1
6500,2026-01-23 13:35:00,473,15.47,USD,restaurants,bank_transfer,CL,mobile,1,0
6501,2026-01-23 13:40:00,122,148.08,USD,groceries,bank_transfer,AR,mobile,1,0
6502,2026-01-23 13:45:00,972,14.06,USD,travel,bank_transfer,US,mobile,1,0
6503,2026-01-23 13:50:00,512,54.78,USD,groceries,pix,AR,mobile,0,0
6504,2026-01-23 13:55:00,554,93.38,USD,utilities,card,US,mobile,1,0
6505,2026-01-23 14:00:00,414,51.95,USD,groceries,bank_transfer,BR,mobile,1,0
6506,2026-01-23 14:05:00,271,8.38,USD,entertainment,card,CL,mobile,1,0
6507,2026-01-23 14:10:00,949,12.9,USD,restaurants,pix,US,mobile,1,0
6508,2026-01-23 14:15:00,489,106.71,USD,travel,card,US,desktop,1,0
6509,2026-01-23 14:20:00,675,14.81,USD,restaurants,pix,AR,tablet,1,1
6510,2026-01-23 14:25:00,38,87.85,USD,electronics,card,AR,tablet,0,0
6511,2026-01-23 14:30:00,276,21.54,USD,entertainment,pix,MX,mobile,1,0
6512,2026-01-23 14:35:00,805,38.15,USD,restaurants,bank_transfer,BR,mobile,0,0
6513,2026-01-23 14:40:00,88,8.28,USD,restaurants,card,US,desktop,1,0
6514,2026-01-23 14:45:00,102,18.02,USD,entertainment,card,BR,mobile,0,0
6515,2026-01-23 14:50:00,810,13.8,USD,entertainment,digital_wallet,BR,tablet,1,0
6516,2026-01-23 14:55:00,309,41.5,USD,electronics,card,CO,mobile,1,0
6517,2026-01-23 15:00:00,274,36.35,USD,groceries,pix,BR,mobile,1,0
6518,2026-01-23 15:05:00,566,52.6,USD,transport,bank_transfer,BR,mobile,0,0
6519,2026-01-23 15:10:00,195,20.28,USD,restaurants,pix,BR,mobile,0,0
6520,2026-01-23 15:15:00,43,13.06,USD,entertainment,card,PT,mobile,1,0
6521,2026-01-23 15:20:00,5,39.75,USD,transport,pix,AR,tablet,1,0
6522,2026-01-23 15:25:00,80,11.83,USD,electronics,digital_wallet,PT,mobile,1,0
6523,2026-01-23 15:30:00,159,97.36,USD,transport,card,BR,mobile,1,0
6524,2026-01-23 15:35:00,697,29.53,USD,restaurants,pix,BR,mobile,0,0
6525,2026-01-23 15:40:00,298,23.9,USD,utilities,card,BR,mobile,0,0
6526,2026-01-23 15:45:00,72,52.57,USD,electronics,digital_wallet,BR,tablet,1,0
6527,2026-01-23 15:50:00,15,30.68,USD,travel,card,BR,mobile,1,0
6528,2026-01-23 15:55:00,478,6.31,USD,transport,card,BR,mobile,0,0
6529,2026-01-23 16:00:00,841,11.46,USD,groceries,card,AR,mobile,0,0
6530,2026-01-23 16:05:00,339,95.36,USD,entertainment,digital_wallet,CO,mobile,0,1
6531,2026-01-23 16:10:00,64,36.01,USD,entertainment,pix,BR,mobile,0,0
6532,2026-01-23 16:15:00,229,6.16,USD,groceries,card,AR,mobile,1,0
6533,2026-01-23 16:20:00,500,47.09,USD,online_services,card,BR,desktop,0,0
6534,2026-01-23 16:25:00,189,18.93,USD,utilities,bank_transfer,AR,mobile,1,0
6535,2026-01-23 16:30:00,979,13.81,USD,utilities,card,CO,mobile,1,0
6536,2026-01-23 16:35:00,764,10.54,USD,electronics,pix,MX,mobile,1,0
6537,2026-01-23 16:40:00,345,90.01,USD,entertainment,pix,MX,mobile,1,0
6538,2026-01-23 16:45:00,952,4.64,USD,groceries,bank_transfer,BR,mobile,1,0
6539,2026-01-23 16:50:00,326,14.33,USD,travel,pix,AR,mobile,1,0
6540,2026-01-23 16:55:00,141,37.34,USD,restaurants,bank_transfer,MX,mobile,1,0
6541,2026-01-23 17:00:00,939,160.51,USD,online_services,card,US,mobile,1,0
6542,2026-01-23 17:05:00,960,57.62,USD,online_services,card,AR,mobile,1,0
6543,2026-01-23 17:10:00,313,14.21,USD,restaurants,card,AR,mobile,1,0
6544,2026-01-23 17:15:00,595,152.83,USD,travel,card,CO,mobile,1,0
6545,2026-01-23 17:20:00,174,8.54,USD,travel,pix,PT,mobile,1,0
6546,2026-01-23 17:25:00,642,43.18,USD,utilities,pix,BR,mobile,1,0
6547,2026-01-23 17:30:00,691,53.94,USD,electronics,digital_wallet,BR,desktop,0,0
6548,2026-01-23 17:35:00,710,13.72,USD,online_services,digital_wallet,MX,mobile,1,1
6549,2026-01-23 17:40:00,569,66.53,USD,transport,card,CO,mobile,1,0
6550,2026-01-23 17:45:00,705,19.81,USD,transport,pix,BR,mobile,0,0
6551,2026-01-23 17:50:00,556,66.36,USD,entertainment,pix,BR,mobile,1,0
6552,2026-01-23 17:55:00,820,5.26,USD,travel,digital_wallet,AR,mobile,1,0
6553,2026-01-23 18:00:00,180,46.29,USD,groceries,card,CO,tablet,1,0
6554,2026-01-23 18:05:00,484,21.93,USD,entertainment,pix,MX,desktop,1,0
6555,2026-01-23 18:10:00,417,104.55,USD,transport,card,BR,mobile,0,0
6556,2026-01-23 18:15:00,534,31.69,USD,utilities,card,BR,desktop,0,0
6557,2026-01-23 18:20:00,143,115.5,USD,utilities,pix,CO,mobile,1,0
6558,2026-01-23 18:25:00,324,55.02,USD,electronics,card,BR,desktop,0,0
6559,2026-01-23 18:30:00,955,29.15,USD,utilities,card,AR,tablet,1,0
6560,2026-01-23 18:35:00,106,72.8,USD,online_services,bank_transfer,AR,mobile,1,0
6561,2026-01-23 18:40:00,636,73.26,USD,entertainment,card,BR,desktop,1,0
6562,2026-01-23 18:45:00,665,53.09,USD,travel,card,MX,desktop,1,0
6563,2026-01-23 18:50:00,475,3.35,USD,online_services,pix,BR,mobile,1,0
6564,2026-01-23 18:55:00,34,12.4,USD,utilities,pix,CO,mobile,1,0
6565,2026-01-23 19:00:00,35,132.17,USD,electronics,pix,CL,mobile,1,0
6566,2026-01-23 19:05:00,276,9.43,USD,groceries,digital_wallet,AR,mobile,1,0
6567,2026-01-23 19:10:00,103,80.03,USD,travel,card,US,mobile,1,0
6568,2026-01-23 19:15:00,95,67.12,USD,electronics,card,BR,mobile,0,0
6569,2026-01-23 19:20:00,161,16.03,USD,transport,card,MX,mobile,0,0
6570,2026-01-23 19:25:00,191,4.5,USD,restaurants,pix,BR,mobile,1,0
6571,2026-01-23 19:30:00,839,18.75,USD,entertainment,card,PT,mobile,1,0
6572,2026-01-23 19:35:00,639,264.55,USD,online_services,digital_wallet,BR,mobile,1,0
6573,2026-01-23 19:40:00,31,13.97,USD,travel,pix,AR,mobile,1,0
6574,2026-01-23 19:45:00,629,14.97,USD,restaurants,pix,BR,tablet,0,0
6575,2026-01-23 19:50:00,137,12.21,USD,groceries,bank_transfer,BR,mobile,0,0
6576,2026-01-23 19:55:00,422,111.58,USD,entertainment,bank_transfer,BR,desktop,0,0
6577,2026-01-23 20:00:00,39,25.97,USD,restaurants,pix,BR,mobile,1,0
6578,2026-01-23 20:05:00,91,17.71,USD,groceries,pix,BR,mobile,0,0
6579,2026-01-23 20:10:00,133,136.11,USD,restaurants,card,BR,mobile,1,0
6580,2026-01-23 20:15:00,434,59.12,USD,restaurants,pix,CO,tablet,1,0
6581,2026-01-23 20:20:00,464,13.21,USD,transport,card,AR,mobile,1,0
6582,2026-01-23 20:25:00,353,9.74,USD,transport,pix,BR,desktop,0,0
6583,2026-01-23 20:30:00,621,105.44,USD,restaurants,bank_transfer,US,mobile,1,0
6584,2026-01-23 20:35:00,721,33.68,USD,utilities,pix,CL,mobile,1,0
6585,2026-01-23 20:40:00,729,7.04,USD,utilities,card,BR,desktop,1,0
6586,2026-01-23 20:45:00,580,5.57,USD,transport,card,BR,mobile,1,0
6587,2026-01-23 20:50:00,546,10.85,USD,transport,bank_transfer,AR,mobile,1,0
6588,2026-01-23 20:55:00,492,9.59,USD,utilities,card,AR,mobile,1,0
6589,2026-01-23 21:00:00,238,4.28,USD,online_services,pix,US,desktop,1,0
6590,2026-01-23 21:05:00,487,11.03,USD,utilities,bank_transfer,AR,mobile,1,0
6591,2026-01-23 21:10:00,11,13.21,USD,travel,card,PT,mobile,1,0
6592,2026-01-23 21:15:00,967,20.85,USD,online_services,pix,CO,mobile,1,0
6593,2026-01-23 21:20:00,371,179.99,USD,entertainment,card,PT,mobile,1,1
6594,2026-01-23 21:25:00,757,25.36,USD,entertainment,pix,AR,mobile,1,0
6595,2026-01-23 21:30:00,957,28.01,USD,groceries,card,CL,mobile,1,0
6596,2026-01-23 21:35:00,497,55.11,USD,entertainment,card,CO,mobile,1,0
6597,2026-01-23 21:40:00,862,26.12,USD,transport,card,CO,mobile,1,0
6598,2026-01-23 21:45:00,480,49.41,USD,travel,bank_transfer,BR,desktop,1,0
6599,2026-01-23 21:50:00,133,43.84,USD,travel,pix,BR,mobile,1,0
6600,2026-01-23 21:55:00,27,37.43,USD,groceries,bank_transfer,BR,mobile,1,0
6601,2026-01-23 22:00:00,136,526.61,USD,electronics,pix,BR,mobile,1,0
6602,2026-01-23 22:05:00,943,82.36,USD,travel,bank_transfer,US,mobile,1,0
6603,2026-01-23 22:10:00,476,11.23,USD,groceries,pix,CO,mobile,1,0
6604,2026-01-23 22:15:00,320,47.95,USD,utilities,card,BR,mobile,0,0
6605,2026-01-23 22:20:00,447,15.0,USD,online_services,pix,BR,mobile,0,0
6606,2026-01-23 22:25:00,256,51.74,USD,groceries,card,BR,mobile,0,0
6607,2026-01-23 22:30:00,871,8.37,USD,groceries,digital_wallet,MX,mobile,1,0
6608,2026-01-23 22:35:00,1000,10.94,USD,restaurants,digital_wallet,US,mobile,1,0
6609,2026-01-23 22:40:00,85,46.71,USD,electronics,card,BR,mobile,0,0
6610,2026-01-23 22:45:00,719,89.81,USD,travel,digital_wallet,BR,mobile,0,0
6611,2026-01-23 22:50:00,336,54.74,USD,restaurants,card,PT,mobile,1,0
6612,2026-01-23 22:55:00,48,77.8,USD,utilities,pix,CL,mobile,1,0
6613,2026-01-23 23:00:00,923,48.13,USD,transport,bank_transfer,US,mobile,1,0
6614,2026-01-23 23:05:00,62,39.35,USD,transport,card,BR,mobile,1,0
6615,2026-01-23 23:10:00,206,20.01,USD,travel,card,BR,mobile,0,0
6616,2026-01-23 23:15:00,26,74.66,USD,utilities,bank_transfer,CL,mobile,1,0
6617,2026-01-23 23:20:00,472,92.28,USD,restaurants,card,BR,tablet,0,0
6618,2026-01-23 23:25:00,600,31.09,USD,transport,pix,MX,mobile,0,0
6619,2026-01-23 23:30:00,321,29.46,USD,transport,bank_transfer,CO,desktop,1,0
6620,2026-01-23 23:35:00,72,162.62,USD,electronics,card,BR,mobile,1,0
6621,2026-01-23 23:40:00,117,32.45,USD,electronics,card,AR,mobile,0,0
6622,2026-01-23 23:45:00,934,35.72,USD,online_services,digital_wallet,MX,mobile,1,0
6623,2026-01-23 23:50:00,806,53.74,USD,restaurants,pix,US,mobile,1,0
6624,2026-01-23 23:55:00,937,30.03,USD,electronics,pix,BR,mobile,0,0
6625,2026-01-24 00:00:00,531,14.58,USD,transport,card,MX,desktop,0,0
6626,2026-01-24 00:05:00,547,48.33,USD,travel,digital_wallet,BR,mobile,1,0
6627,2026-01-24 00:10:00,786,31.86,USD,utilities,card,US,mobile,1,0
6628,2026-01-24 00:15:00,617,208.98,USD,online_services,card,CL,mobile,1,0
6629,2026-01-24 00:20:00,437,72.85,USD,electronics,card,BR,mobile,0,0
6630,2026-01-24 00:25:00,292,18.26,USD,transport,pix,CO,desktop,1,0
6631,2026-01-24 00:30:00,486,68.65,USD,online_services,card,CO,mobile,1,0
6632,2026-01-24 00:35:00,64,45.05,USD,groceries,card,CO,desktop,1,0
6633,2026-01-24 00:40:00,193,122.66,USD,restaurants,pix,BR,mobile,0,1
6634,2026-01-24 00:45:00,738,19.6,USD,online_services,pix,CO,mobile,1,0
6635,2026-01-24 00:50:00,869,39.99,USD,online_services,card,MX,mobile,1,0
6636,2026-01-24 00:55:00,102,29.99,USD,travel,pix,BR,mobile,0,0
6637,2026-01-24 01:00:00,97,35.11,USD,transport,card,BR,desktop,0,0
6638,2026-01-24 01:05:00,86,13.66,USD,online_services,card,US,mobile,1,0
6639,2026-01-24 01:10:00,792,58.9,USD,online_services,card,CL,mobile,1,0
6640,2026-01-24 01:15:00,312,50.3,USD,utilities,digital_wallet,AR,mobile,1,0
6641,2026-01-24 01:20:00,327,119.73,USD,utilities,pix,US,mobile,1,0
6642,2026-01-24 01:25:00,13,32.79,USD,travel,card,BR,mobile,0,0
6643,2026-01-24 01:30:00,973,21.94,USD,transport,card,MX,mobile,1,0
6644,2026-01-24 01:35:00,435,72.91,USD,electronics,card,AR,mobile,1,0
6645,2026-01-24 01:40:00,798,14.97,USD,travel,pix,BR,mobile,0,0
6646,2026-01-24 01:45:00,708,98.0,USD,electronics,pix,PT,desktop,1,0
6647,2026-01-24 01:50:00,142,97.79,USD,utilities,card,CO,mobile,1,0
6648,2026-01-24 01:55:00,802,116.43,USD,restaurants,digital_wallet,BR,mobile,0,0
6649,2026-01-24 02:00:00,551,48.26,USD,groceries,card,US,mobile,1,0
6650,2026-01-24 02:05:00,605,20.36,USD,electronics,card,US,mobile,1,0
6651,2026-01-24 02:10:00,201,36.94,USD,restaurants,card,MX,mobile,1,0
6652,2026-01-24 02:15:00,847,48.43,USD,utilities,card,BR,mobile,1,0
6653,2026-01-24 02:20:00,932,18.91,USD,utilities,bank_transfer,BR,mobile,1,1
6654,2026-01-24 02:25:00,407,125.6,USD,online_services,pix,CO,mobile,1,0
6655,2026-01-24 02:30:00,93,59.15,USD,electronics,bank_transfer,US,mobile,1,0
6656,2026-01-24 02:35:00,849,13.57,USD,online_services,card,BR,mobile,0,0
6657,2026-01-24 02:40:00,888,217.65,USD,groceries,card,AR,mobile,1,0
6658,2026-01-24 02:45:00,507,36.5,USD,online_services,card,BR,mobile,1,0
6659,2026-01-24 02:50:00,580,11.09,USD,restaurants,pix,AR,mobile,1,0
6660,2026-01-24 02:55:00,224,14.44,USD,groceries,card,CL,mobile,1,0
6661,2026-01-24 03:00:00,68,146.61,USD,utilities,card,BR,mobile,0,0
6662,2026-01-24 03:05:00,945,205.41,USD,travel,digital_wallet,CL,mobile,1,0
6663,2026-01-24 03:10:00,483,90.88,USD,electronics,pix,CL,mobile,0,0
6664,2026-01-24 03:15:00,275,123.88,USD,restaurants,card,AR,mobile,0,0
6665,2026-01-24 03:20:00,694,111.79,USD,electronics,bank_transfer,US,desktop,1,0
6666,2026-01-24 03:25:00,27,57.8,USD,travel,card,BR,tablet,1,0
6667,2026-01-24 03:30:00,80,46.02,USD,restaurants,bank_transfer,BR,desktop,0,0
6668,2026-01-24 03:35:00,243,56.82,USD,online_services,digital_wallet,AR,mobile,0,0
6669,2026-01-24 03:40:00,451,69.13,USD,entertainment,card,AR,desktop,1,0
6670,2026-01-24 03:45:00,367,15.77,USD,online_services,digital_wallet,BR,mobile,1,1
6671,2026-01-24 03:50:00,188,68.85,USD,groceries,card,PT,desktop,1,0
6672,2026-01-24 03:55:00,352,142.4,USD,utilities,card,BR,mobile,1,0
6673,2026-01-24 04:00:00,334,26.94,USD,utilities,pix,BR,mobile,0,0
6674,2026-01-24 04:05:00,525,24.21,USD,transport,pix,MX,mobile,1,0
6675,2026-01-24 04:10:00,563,53.33,USD,travel,card,US,mobile,1,0
6676,2026-01-24 04:15:00,884,17.29,USD,travel,card,AR,mobile,1,0
6677,2026-01-24 04:20:00,807,8.87,USD,utilities,card,BR,mobile,0,0
6678,2026-01-24 04:25:00,293,104.35,USD,transport,card,BR,mobile,1,0
6679,2026-01-24 04:30:00,903,21.1,USD,online_services,card,BR,desktop,0,0
6680,2026-01-24 04:35:00,521,33.73,USD,travel,card,AR,desktop,1,0
6681,2026-01-24 04:40:00,188,17.99,USD,groceries,digital_wallet,CL,mobile,1,0
6682,2026-01-24 04:45:00,341,118.72,USD,transport,bank_transfer,BR,mobile,0,0
6683,2026-01-24 04:50:00,742,77.72,USD,restaurants,digital_wallet,AR,mobile,1,0
6684,2026-01-24 04:55:00,822,26.03,USD,utilities,card,CO,mobile,0,0
6685,2026-01-24 05:00:00,375,10.18,USD,electronics,card,BR,desktop,0,0
6686,2026-01-24 05:05:00,158,23.41,USD,electronics,pix,BR,mobile,1,0
6687,2026-01-24 05:10:00,192,58.57,USD,transport,pix,MX,desktop,1,0
6688,2026-01-24 05:15:00,104,39.99,USD,entertainment,pix,BR,mobile,1,0
6689,2026-01-24 05:20:00,699,36.93,USD,online_services,card,BR,desktop,1,0
6690,2026-01-24 05:25:00,503,40.92,USD,utilities,bank_transfer,BR,mobile,0,0
6691,2026-01-24 05:30:00,452,70.72,USD,online_services,pix,AR,mobile,0,0
6692,2026-01-24 05:35:00,672,31.76,USD,transport,card,CL,mobile,1,0
6693,2026-01-24 05:40:00,829,51.94,USD,entertainment,pix,AR,mobile,1,0
6694,2026-01-24 05:45:00,796,12.34,USD,travel,card,BR,mobile,0,0
6695,2026-01-24 05:50:00,138,425.75,USD,transport,card,AR,desktop,0,0
6696,2026-01-24 05:55:00,590,24.93,USD,utilities,digital_wallet,BR,mobile,0,1
6697,2026-01-24 06:00:00,883,40.59,USD,online_services,pix,MX,mobile,0,0
6698,2026-01-24 06:05:00,774,58.35,USD,online_services,card,PT,mobile,1,0
6699,2026-01-24 06:10:00,330,21.96,USD,online_services,card,AR,mobile,1,0
6700,2026-01-24 06:15:00,393,33.38,USD,restaurants,card,BR,mobile,1,0
6701,2026-01-24 06:20:00,891,32.97,USD,restaurants,digital_wallet,MX,mobile,1,0
6702,2026-01-24 06:25:00,33,13.28,USD,entertainment,bank_transfer,BR,desktop,1,0
6703,2026-01-24 06:30:00,526,51.35,USD,entertainment,pix,BR,mobile,1,0
6704,2026-01-24 06:35:00,117,6.36,USD,electronics,digital_wallet,US,mobile,1,1
6705,2026-01-24 06:40:00,895,191.08,USD,restaurants,card,BR,mobile,0,0
6706,2026-01-24 06:45:00,39,73.18,USD,transport,bank_transfer,BR,mobile,1,0
6707,2026-01-24 06:50:00,24,62.75,USD,restaurants,pix,AR,desktop,1,0
6708,2026-01-24 06:55:00,329,5.83,USD,restaurants,bank_transfer,AR,mobile,0,0
6709,2026-01-24 07:00:00,201,14.99,USD,restaurants,digital_wallet,AR,mobile,0,0
6710,2026-01-24 07:05:00,496,132.87,USD,travel,pix,BR,mobile,0,0
6711,2026-01-24 07:10:00,300,2103.25,USD,travel,card,CO,mobile,1,0
6712,2026-01-24 07:15:00,357,109.37,USD,transport,card,BR,mobile,0,0
6713,2026-01-24 07:20:00,565,93.4,USD,travel,card,US,mobile,1,0
6714,2026-01-24 07:25:00,561,55.98,USD,entertainment,card,BR,mobile,1,0
6715,2026-01-24 07:30:00,935,14.19,USD,groceries,card,BR,mobile,0,0
6716,2026-01-24 07:35:00,481,89.58,USD,transport,pix,AR,desktop,1,0
6717,2026-01-24 07:40:00,565,11.01,USD,restaurants,card,BR,desktop,1,0
6718,2026-01-24 07:45:00,678,9.87,USD,groceries,digital_wallet,CL,mobile,1,0
6719,2026-01-24 07:50:00,175,9.27,USD,groceries,card,BR,mobile,0,0
6720,2026-01-24 07:55:00,667,87.86,USD,utilities,card,BR,mobile,0,0
6721,2026-01-24 08:00:00,862,31.27,USD,online_services,card,BR,mobile,0,0
6722,2026-01-24 08:05:00,319,36.63,USD,restaurants,digital_wallet,BR,mobile,0,0
6723,2026-01-24 08:10:00,179,32.61,USD,utilities,card,BR,mobile,0,0
6724,2026-01-24 08:15:00,347,10.74,USD,transport,card,BR,mobile,0,0
6725,2026-01-24 08:20:00,276,16.93,USD,restaurants,card,BR,mobile,0,0
6726,2026-01-24 08:25:00,586,17.81,USD,restaurants,card,MX,mobile,1,0
6727,2026-01-24 08:30:00,864,8.12,USD,online_services,digital_wallet,CO,mobile,1,0
6728,2026-01-24 08:35:00,597,20.0,USD,transport,pix,BR,tablet,0,0
6729,2026-01-24 08:40:00,126,11.23,USD,entertainment,card,BR,mobile,0,0
6730,2026-01-24 08:45:00,315,59.01,USD,electronics,card,BR,mobile,0,0
6731,2026-01-24 08:50:00,690,64.13,USD,electronics,card,BR,mobile,1,0
6732,2026-01-24 08:55:00,331,9.08,USD,utilities,pix,AR,mobile,1,0
6733,2026-01-24 09:00:00,587,24.62,USD,online_services,card,BR,desktop,1,0
6734,2026-01-24 09:05:00,695,211.89,USD,entertainment,pix,PT,mobile,1,0
6735,2026-01-24 09:10:00,330,12.42,USD,utilities,card,MX,mobile,0,0
6736,2026-01-24 09:15:00,648,50.74,USD,restaurants,card,BR,mobile,0,0
6737,2026-01-24 09:20:00,399,36.8,USD,online_services,pix,BR,mobile,0,0
6738,2026-01-24 09:25:00,136,98.78,USD,restaurants,pix,BR,mobile,1,0
6739,2026-01-24 09:30:00,373,44.5,USD,restaurants,pix,BR,tablet,1,0
6740,2026-01-24 09:35:00,442,21.51,USD,utilities,bank_transfer,AR,desktop,1,0
6741,2026-01-24 09:40:00,3,35.4,USD,electronics,bank_transfer,BR,mobile,1,1
6742,2026-01-24 09:45:00,893,35.92,USD,restaurants,digital_wallet,BR,mobile,0,0
6743,2026-01-24 09:50:00,528,30.21,USD,groceries,card,BR,mobile,1,0
6744,2026-01-24 09:55:00,37,8.85,USD,restaurants,digital_wallet,CL,mobile,1,0
6745,2026-01-24 10:00:00,868,114.79,USD,utilities,pix,BR,desktop,1,1
6746,2026-01-24 10:05:00,856,96.2,USD,groceries,pix,PT,desktop,1,0
6747,2026-01-24 10:10:00,13,11.66,USD,online_services,pix,BR,mobile,0,0
6748,2026-01-24 10:15:00,164,24.51,USD,utilities,card,BR,desktop,1,0
6749,2026-01-24 10:20:00,364,26.44,USD,restaurants,pix,AR,mobile,1,0
6750,2026-01-24 10:25:00,508,10.42,USD,entertainment,bank_transfer,AR,mobile,1,0
6751,2026-01-24 10:30:00,726,5.12,USD,travel,digital_wallet,BR,tablet,0,0
6752,2026-01-24 10:35:00,425,16.94,USD,transport,card,AR,desktop,1,0
6753,2026-01-24 10:40:00,612,23.19,USD,travel,digital_wallet,BR,mobile,0,1
6754,2026-01-24 10:45:00,11,7.84,USD,groceries,card,BR,mobile,0,0
6755,2026-01-24 10:50:00,659,39.53,USD,online_services,digital_wallet,BR,mobile,0,0
6756,2026-01-24 10:55:00,916,105.94,USD,utilities,pix,CL,tablet,1,0
6757,2026-01-24 11:00:00,527,76.87,USD,restaurants,pix,CL,mobile,1,0
6758,2026-01-24 11:05:00,455,29.18,USD,groceries,pix,CL,mobile,1,0
6759,2026-01-24 11:10:00,298,5.26,USD,electronics,digital_wallet,US,mobile,1,0
6760,2026-01-24 11:15:00,955,67.74,USD,electronics,card,AR,mobile,1,0
6761,2026-01-24 11:20:00,34,38.34,USD,utilities,card,US,mobile,1,0
6762,2026-01-24 11:25:00,287,50.62,USD,utilities,bank_transfer,BR,mobile,0,0
6763,2026-01-24 11:30:00,139,229.55,USD,groceries,card,AR,mobile,1,0
6764,2026-01-24 11:35:00,867,14.52,USD,restaurants,pix,CL,tablet,1,0
6765,2026-01-24 11:40:00,483,1.87,USD,travel,pix,BR,mobile,1,0
6766,2026-01-24 11:45:00,923,11.55,USD,electronics,bank_transfer,BR,desktop,1,0
6767,2026-01-24 11:50:00,666,53.84,USD,online_services,digital_wallet,AR,tablet,1,1
6768,2026-01-24 11:55:00,557,34.02,USD,entertainment,card,BR,mobile,0,0
6769,2026-01-24 12:00:00,518,9.82,USD,transport,pix,BR,mobile,1,0
6770,2026-01-24 12:05:00,203,8.01,USD,entertainment,pix,MX,desktop,1,0
6771,2026-01-24 12:10:00,563,23.23,USD,electronics,pix,AR,mobile,1,0
6772,2026-01-24 12:15:00,686,9.52,USD,electronics,card,BR,mobile,1,0
6773,2026-01-24 12:20:00,966,55.74,USD,entertainment,card,BR,mobile,1,0
6774,2026-01-24 12:25:00,549,21.95,USD,electronics,pix,US,mobile,1,0
6775,2026-01-24 12:30:00,939,17.69,USD,entertainment,card,PT,mobile,1,0
6776,2026-01-24 12:35:00,945,15.51,USD,electronics,pix,CL,mobile,1,0
6777,2026-01-24 12:40:00,523,43.08,USD,travel,card,BR,tablet,1,0
6778,2026-01-24 12:45:00,440,34.56,USD,electronics,digital_wallet,BR,mobile,0,0
6779,2026-01-24 12:50:00,143,40.53,USD,travel,bank_transfer,BR,mobile,1,0
6780,2026-01-24 12:55:00,269,39.65,USD,transport,pix,MX,mobile,0,0
6781,2026-01-24 13:00:00,880,30.81,USD,groceries,bank_transfer,AR,mobile,1,0
6782,2026-01-24 13:05:00,139,11.79,USD,transport,digital_wallet,CO,mobile,0,0
6783,2026-01-24 13:10:00,398,15.95,USD,transport,bank_transfer,BR,mobile,1,0
6784,2026-01-24 13:15:00,699,22.32,USD,transport,pix,US,mobile,1,0
6785,2026-01-24 13:20:00,241,261.18,USD,electronics,card,BR,mobile,1,1
6786,2026-01-24 13:25:00,975,8.59,USD,electronics,bank_transfer,BR,mobile,0,1
6787,2026-01-24 13:30:00,650,21.78,USD,transport,pix,AR,mobile,1,0
6788,2026-01-24 13:35:00,29,36.53,USD,electronics,pix,AR,desktop,1,0
6789,2026-01-24 13:40:00,248,24.45,USD,transport,pix,US,mobile,1,0
6790,2026-01-24 13:45:00,741,96.93,USD,travel,card,AR,desktop,1,0
6791,2026-01-24 13:50:00,864,24.32,USD,electronics,bank_transfer,US,desktop,1,0
6792,2026-01-24 13:55:00,927,26.19,USD,entertainment,bank_transfer,BR,desktop,0,0
6793,2026-01-24 14:00:00,852,74.79,USD,electronics,card,BR,mobile,0,0
6794,2026-01-24 14:05:00,75,202.49,USD,online_services,card,BR,mobile,0,0
6795,2026-01-24 14:10:00,730,135.3,USD,electronics,digital_wallet,BR,mobile,1,0
6796,2026-01-24 14:15:00,111,28.89,USD,travel,card,MX,mobile,1,0
6797,2026-01-24 14:20:00,77,31.52,USD,electronics,pix,BR,mobile,1,0
6798,2026-01-24 14:25:00,692,34.7,USD,entertainment,pix,BR,mobile,1,0
6799,2026-01-24 14:30:00,479,38.36,USD,travel,pix,BR,mobile,1,0
6800,2026-01-24 14:35:00,648,14.19,USD,groceries,card,CO,mobile,1,0
6801,2026-01-24 14:40:00,852,84.49,USD,entertainment,card,US,mobile,1,0
6802,2026-01-24 14:45:00,69,40.72,USD,utilities,pix,MX,mobile,1,0
6803,2026-01-24 14:50:00,528,31.66,USD,electronics,card,BR,mobile,1,0
6804,2026-01-24 14:55:00,835,9.29,USD,travel,bank_transfer,AR,mobile,1,0
6805,2026-01-24 15:00:00,441,35.24,USD,groceries,digital_wallet,BR,mobile,1,0
6806,2026-01-24 15:05:00,524,4.99,USD,utilities,bank_transfer,US,desktop,1,0
6807,2026-01-24 15:10:00,498,18.51,USD,utilities,card,BR,mobile,1,0
6808,2026-01-24 15:15:00,908,18.86,USD,online_services,pix,PT,mobile,1,0
6809,2026-01-24 15:20:00,50,44.12,USD,travel,card,MX,mobile,1,0
6810,2026-01-24 15:25:00,878,216.99,USD,restaurants,pix,CO,mobile,1,0
6811,2026-01-24 15:30:00,817,58.67,USD,transport,card,CO,mobile,1,0
6812,2026-01-24 15:35:00,813,140.95,USD,online_services,bank_transfer,BR,desktop,0,0
6813,2026-01-24 15:40:00,413,63.13,USD,groceries,pix,BR,mobile,1,0
6814,2026-01-24 15:45:00,516,102.01,USD,entertainment,card,BR,mobile,1,0
6815,2026-01-24 15:50:00,369,212.11,USD,groceries,card,BR,mobile,1,0
6816,2026-01-24 15:55:00,252,15.93,USD,entertainment,pix,CO,mobile,1,0
6817,2026-01-24 16:00:00,876,14.92,USD,travel,bank_transfer,AR,mobile,1,0
6818,2026-01-24 16:05:00,506,64.64,USD,electronics,card,US,mobile,1,0
6819,2026-01-24 16:10:00,724,32.99,USD,entertainment,pix,US,mobile,1,0
6820,2026-01-24 16:15:00,101,41.28,USD,transport,card,BR,mobile,1,0
6821,2026-01-24 16:20:00,789,25.82,USD,travel,digital_wallet,BR,mobile,0,0
6822,2026-01-24 16:25:00,659,18.24,USD,utilities,pix,BR,mobile,0,0
6823,2026-01-24 16:30:00,998,167.46,USD,electronics,bank_transfer,BR,mobile,0,0
6824,2026-01-24 16:35:00,134,11.02,USD,groceries,card,CL,mobile,1,0
6825,2026-01-24 16:40:00,541,65.79,USD,online_services,digital_wallet,CO,mobile,1,1
6826,2026-01-24 16:45:00,512,55.94,USD,travel,pix,CO,mobile,1,0
6827,2026-01-24 16:50:00,539,6.83,USD,electronics,card,AR,mobile,1,0
6828,2026-01-24 16:55:00,55,14.43,USD,groceries,pix,MX,mobile,1,0
6829,2026-01-24 17:00:00,474,17.07,USD,groceries,card,CL,mobile,1,0
6830,2026-01-24 17:05:00,300,58.24,USD,transport,bank_transfer,PT,desktop,1,0
6831,2026-01-24 17:10:00,618,22.94,USD,online_services,bank_transfer,MX,desktop,1,0
6832,2026-01-24 17:15:00,233,30.4,USD,entertainment,pix,CO,mobile,1,0
6833,2026-01-24 17:20:00,436,7.71,USD,electronics,card,BR,mobile,0,0
6834,2026-01-24 17:25:00,621,338.97,USD,utilities,bank_transfer,MX,mobile,1,0
6835,2026-01-24 17:30:00,65,35.56,USD,electronics,bank_transfer,BR,mobile,0,0
6836,2026-01-24 17:35:00,787,54.54,USD,online_services,pix,BR,mobile,0,0
6837,2026-01-24 17:40:00,716,19.29,USD,transport,pix,AR,mobile,1,0
6838,2026-01-24 17:45:00,58,17.24,USD,entertainment,card,BR,mobile,1,0
6839,2026-01-24 17:50:00,65,224.23,USD,electronics,card,BR,desktop,0,0
6840,2026-01-24 17:55:00,851,4.87,USD,entertainment,digital_wallet,BR,desktop,0,0
6841,2026-01-24 18:00:00,284,43.76,USD,restaurants,pix,MX,mobile,1,1
6842,2026-01-24 18:05:00,861,9.86,USD,online_services,card,CL,desktop,1,0
6843,2026-01-24 18:10:00,500,22.09,USD,transport,pix,US,mobile,1,0
6844,2026-01-24 18:15:00,343,17.49,USD,travel,card,MX,mobile,1,0
6845,2026-01-24 18:20:00,274,12.35,USD,entertainment,card,BR,mobile,1,0
6846,2026-01-24 18:25:00,660,34.31,USD,entertainment,digital_wallet,MX,desktop,1,0
6847,2026-01-24 18:30:00,110,2.54,USD,travel,card,AR,tablet,0,0
6848,2026-01-24 18:35:00,403,24.16,USD,utilities,card,BR,mobile,1,0
6849,2026-01-24 18:40:00,346,30.26,USD,online_services,bank_transfer,PT,mobile,1,0
6850,2026-01-24 18:45:00,155,8.51,USD,utilities,card,US,mobile,1,0
6851,2026-01-24 18:50:00,353,150.39,USD,restaurants,card,BR,mobile,0,0
6852,2026-01-24 18:55:00,529,18.28,USD,utilities,pix,MX,mobile,1,0
6853,2026-01-24 19:00:00,678,26.12,USD,travel,card,BR,tablet,1,0
6854,2026-01-24 19:05:00,87,18.32,USD,travel,card,US,desktop,1,0
6855,2026-01-24 19:10:00,873,30.52,USD,online_services,pix,CL,mobile,1,0
6856,2026-01-24 19:15:00,879,122.5,USD,travel,digital_wallet,BR,mobile,0,0
6857,2026-01-24 19:20:00,692,392.69,USD,utilities,bank_transfer,MX,mobile,1,0
6858,2026-01-24 19:25:00,925,69.8,USD,entertainment,card,AR,mobile,1,0
6859,2026-01-24 19:30:00,428,98.3,USD,groceries,pix,BR,tablet,1,0
6860,2026-01-24 19:35:00,822,184.27,USD,entertainment,pix,MX,mobile,1,0
6861,2026-01-24 19:40:00,728,42.47,USD,electronics,card,MX,desktop,0,0
6862,2026-01-24 19:45:00,563,159.21,USD,travel,card,AR,mobile,1,0
6863,2026-01-24 19:50:00,180,73.14,USD,transport,pix,CO,mobile,1,0
6864,2026-01-24 19:55:00,558,38.24,USD,restaurants,card,BR,desktop,1,0
6865,2026-01-24 20:00:00,902,47.01,USD,entertainment,digital_wallet,BR,mobile,0,0
6866,2026-01-24 20:05:00,985,5.36,USD,restaurants,card,CL,mobile,1,0
6867,2026-01-24 20:10:00,449,44.35,USD,groceries,card,BR,mobile,1,0
6868,2026-01-24 20:15:00,248,7.07,USD,electronics,bank_transfer,AR,mobile,1,0
6869,2026-01-24 20:20:00,748,6.52,USD,entertainment,bank_transfer,US,mobile,1,0
6870,2026-01-24 20:25:00,76,40.16,USD,restaurants,card,MX,mobile,1,0
6871,2026-01-24 20:30:00,152,10.87,USD,transport,bank_transfer,AR,mobile,1,0
6872,2026-01-24 20:35:00,562,32.88,USD,electronics,bank_transfer,AR,mobile,1,0
6873,2026-01-24 20:40:00,991,38.03,USD,online_services,card,US,mobile,1,0
6874,2026-01-24 20:45:00,329,39.77,USD,restaurants,pix,US,desktop,1,0
6875,2026-01-24 20:50:00,444,13.41,USD,online_services,pix,BR,desktop,0,0
6876,2026-01-24 20:55:00,323,81.34,USD,restaurants,card,AR,tablet,1,0
6877,2026-01-24 21:00:00,441,30.29,USD,travel,digital_wallet,BR,mobile,1,0
6878,2026-01-24 21:05:00,8,51.47,USD,utilities,digital_wallet,BR,mobile,0,0
6879,2026-01-24 21:10:00,595,10.01,USD,online_services,pix,BR,mobile,0,0
6880,2026-01-24 21:15:00,597,27.71,USD,travel,card,CL,desktop,1,0
6881,2026-01-24 21:20:00,316,99.22,USD,electronics,digital_wallet,MX,mobile,1,0
6882,2026-01-24 21:25:00,265,87.37,USD,utilities,pix,US,desktop,1,0
6883,2026-01-24 21:30:00,762,14.92,USD,online_services,card,BR,desktop,1,0
6884,2026-01-24 21:35:00,188,19.19,USD,groceries,pix,BR,mobile,0,0
6885,2026-01-24 21:40:00,48,12.32,USD,transport,pix,BR,mobile,0,0
6886,2026-01-24 21:45:00,41,17.18,USD,transport,card,BR,mobile,1,0
6887,2026-01-24 21:50:00,882,8.17,USD,utilities,card,BR,mobile,0,0
6888,2026-01-24 21:55:00,365,28.84,USD,groceries,bank_transfer,PT,tablet,1,0
6889,2026-01-24 22:00:00,102,62.37,USD,restaurants,digital_wallet,BR,mobile,0,0
6890,2026-01-24 22:05:00,879,15.1,USD,groceries,card,CO,desktop,1,0
6891,2026-01-24 22:10:00,149,30.25,USD,online_services,card,BR,mobile,1,0
6892,2026-01-24 22:15:00,337,26.56,USD,groceries,card,AR,mobile,1,0
6893,2026-01-24 22:20:00,21,95.12,USD,transport,pix,US,mobile,1,0
6894,2026-01-24 22:25:00,680,17.96,USD,travel,card,US,mobile,1,0
6895,2026-01-24 22:30:00,700,18.63,USD,transport,pix,BR,mobile,0,0
6896,2026-01-24 22:35:00,757,14.21,USD,groceries,card,US,mobile,1,0
6897,2026-01-24 22:40:00,264,10.62,USD,electronics,bank_transfer,BR,tablet,1,0
6898,2026-01-24 22:45:00,329,56.22,USD,utilities,bank_transfer,MX,mobile,1,0
6899,2026-01-24 22:50:00,939,28.93,USD,transport,bank_transfer,BR,mobile,0,0
6900,2026-01-24 22:55:00,822,34.98,USD,travel,card,AR,mobile,1,0
6901,2026-01-24 23:00:00,38,118.47,USD,electronics,pix,CO,mobile,1,0
6902,2026-01-24 23:05:00,692,125.47,USD,restaurants,card,MX,mobile,1,0
6903,2026-01-24 23:10:00,813,6.38,USD,groceries,card,MX,mobile,1,0
6904,2026-01-24 23:15:00,560,63.3,USD,utilities,pix,BR,mobile,1,0
6905,2026-01-24 23:20:00,640,41.5,USD,online_services,bank_transfer,US,desktop,1,0
6906,2026-01-24 23:25:00,1,20.87,USD,travel,bank_transfer,BR,tablet,1,0
6907,2026-01-24 23:30:00,31,45.96,USD,utilities,card,BR,mobile,1,0
6908,2026-01-24 23:35:00,36,5.89,USD,transport,pix,BR,desktop,0,0
6909,2026-01-24 23:40:00,159,142.97,USD,online_services,card,BR,mobile,1,0
6910,2026-01-24 23:45:00,991,55.42,USD,travel,pix,BR,mobile,1,0
6911,2026-01-24 23:50:00,635,13.94,USD,utilities,card,CL,mobile,1,0
6912,2026-01-24 23:55:00,783,18.44,USD,entertainment,bank_transfer,BR,mobile,0,0
6913,2026-01-25 00:00:00,296,6.03,USD,online_services,digital_wallet,AR,mobile,1,0
6914,2026-01-25 00:05:00,938,24.19,USD,travel,card,BR,mobile,1,0
6915,2026-01-25 00:10:00,199,20.44,USD,utilities,bank_transfer,CO,mobile,1,1
6916,2026-01-25 00:15:00,903,8.8,USD,online_services,pix,BR,desktop,0,0
6917,2026-01-25 00:20:00,31,72.0,USD,utilities,pix,BR,mobile,1,0
6918,2026-01-25 00:25:00,21,118.72,USD,transport,pix,CL,mobile,1,0
6919,2026-01-25 00:30:00,79,32.22,USD,groceries,card,US,mobile,1,0
6920,2026-01-25 00:35:00,792,24.39,USD,electronics,card,PT,mobile,1,0
6921,2026-01-25 00:40:00,258,51.16,USD,entertainment,card,BR,mobile,1,0
6922,2026-01-25 00:45:00,452,32.47,USD,utilities,pix,US,mobile,1,0
6923,2026-01-25 00:50:00,472,11.22,USD,utilities,card,CL,desktop,1,0
6924,2026-01-25 00:55:00,790,17.24,USD,entertainment,pix,US,mobile,1,0
6925,2026-01-25 01:00:00,349,24.62,USD,travel,bank_transfer,BR,mobile,1,0
6926,2026-01-25 01:05:00,7,42.44,USD,online_services,pix,BR,mobile,0,0
6927,2026-01-25 01:10:00,387,33.43,USD,restaurants,card,BR,mobile,1,0
6928,2026-01-25 01:15:00,289,40.87,USD,utilities,pix,MX,mobile,1,0
6929,2026-01-25 01:20:00,731,7.21,USD,travel,card,BR,mobile,1,0
6930,2026-01-25 01:25:00,752,64.41,USD,travel,bank_transfer,BR,mobile,0,0
6931,2026-01-25 01:30:00,92,33.23,USD,electronics,card,AR,mobile,1,0
6932,2026-01-25 01:35:00,794,425.26,USD,entertainment,card,PT,desktop,1,1
6933,2026-01-25 01:40:00,71,22.47,USD,online_services,digital_wallet,AR,mobile,1,0
6934,2026-01-25 01:45:00,620,45.76,USD,electronics,card,CO,mobile,1,0
6935,2026-01-25 01:50:00,390,560.72,USD,groceries,card,BR,mobile,0,0
6936,2026-01-25 01:55:00,302,40.21,USD,restaurants,card,US,desktop,1,0
6937,2026-01-25 02:00:00,484,30.95,USD,restaurants,card,BR,mobile,0,0
6938,2026-01-25 02:05:00,311,12.34,USD,electronics,bank_transfer,BR,mobile,0,0
6939,2026-01-25 02:10:00,794,152.67,USD,groceries,card,AR,tablet,1,0
6940,2026-01-25 02:15:00,967,10.39,USD,transport,card,BR,desktop,0,0
6941,2026-01-25 02:20:00,816,50.76,USD,entertainment,bank_transfer,CL,mobile,1,0
6942,2026-01-25 02:25:00,440,20.62,USD,entertainment,card,CL,mobile,1,0
6943,2026-01-25 02:30:00,504,27.4,USD,entertainment,card,BR,mobile,1,0
6944,2026-01-25 02:35:00,448,7.97,USD,entertainment,card,BR,desktop,1,0
6945,2026-01-25 02:40:00,794,126.87,USD,groceries,bank_transfer,BR,mobile,1,0
6946,2026-01-25 02:45:00,553,25.08,USD,online_services,pix,BR,mobile,1,0
6947,2026-01-25 02:50:00,469,9.82,USD,transport,pix,US,mobile,1,0
6948,2026-01-25 02:55:00,410,115.9,USD,groceries,pix,CL,mobile,1,0
6949,2026-01-25 03:00:00,376,20.0,USD,utilities,pix,BR,mobile,1,0
6950,2026-01-25 03:05:00,553,46.28,USD,electronics,bank_transfer,BR,mobile,1,0
6951,2026-01-25 03:10:00,689,76.82,USD,transport,digital_wallet,MX,mobile,1,0
6952,2026-01-25 03:15:00,433,53.2,USD,electronics,pix,MX,mobile,1,0
6953,2026-01-25 03:20:00,807,3.68,USD,travel,bank_transfer,US,desktop,1,0
6954,2026-01-25 03:25:00,827,66.38,USD,travel,card,BR,mobile,0,0
6955,2026-01-25 03:30:00,430,29.95,USD,groceries,pix,AR,mobile,0,0
6956,2026-01-25 03:35:00,910,23.83,USD,groceries,pix,BR,tablet,0,0
6957,2026-01-25 03:40:00,174,29.69,USD,online_services,card,MX,mobile,1,0
6958,2026-01-25 03:45:00,933,6.62,USD,electronics,card,BR,mobile,0,0
6959,2026-01-25 03:50:00,295,40.13,USD,online_services,card,CL,mobile,1,0
6960,2026-01-25 03:55:00,565,8.46,USD,entertainment,card,BR,mobile,1,0
6961,2026-01-25 04:00:00,284,24.88,USD,entertainment,bank_transfer,CO,mobile,1,0
6962,2026-01-25 04:05:00,443,38.72,USD,transport,card,BR,mobile,0,0
6963,2026-01-25 04:10:00,341,96.93,USD,utilities,pix,MX,mobile,1,0
6964,2026-01-25 04:15:00,706,14.59,USD,entertainment,card,BR,mobile,0,0
6965,2026-01-25 04:20:00,82,141.4,USD,utilities,pix,MX,mobile,0,0
6966,2026-01-25 04:25:00,839,85.36,USD,transport,card,BR,mobile,0,0
6967,2026-01-25 04:30:00,904,21.55,USD,travel,card,CL,mobile,1,0
6968,2026-01-25 04:35:00,563,10.93,USD,transport,pix,CO,tablet,1,0
6969,2026-01-25 04:40:00,548,7.82,USD,online_services,card,BR,mobile,0,0
6970,2026-01-25 04:45:00,700,43.46,USD,online_services,card,BR,mobile,0,0
6971,2026-01-25 04:50:00,200,15.84,USD,transport,pix,BR,mobile,0,0
6972,2026-01-25 04:55:00,750,109.88,USD,groceries,digital_wallet,BR,desktop,0,0
6973,2026-01-25 05:00:00,219,16.78,USD,restaurants,pix,CL,mobile,1,0
6974,2026-01-25 05:05:00,677,13.45,USD,transport,pix,BR,mobile,0,0
6975,2026-01-25 05:10:00,306,41.83,USD,groceries,pix,BR,mobile,0,0
6976,2026-01-25 05:15:00,747,16.68,USD,online_services,pix,BR,mobile,0,0
6977,2026-01-25 05:20:00,792,33.4,USD,electronics,pix,BR,tablet,0,0
6978,2026-01-25 05:25:00,209,88.76,USD,restaurants,pix,BR,mobile,0,0
6979,2026-01-25 05:30:00,618,37.23,USD,travel,pix,CO,mobile,1,1
6980,2026-01-25 05:35:00,499,37.37,USD,electronics,bank_transfer,BR,mobile,1,0
6981,2026-01-25 05:40:00,295,40.66,USD,restaurants,card,US,mobile,1,0
6982,2026-01-25 05:45:00,589,6.09,USD,electronics,card,CO,mobile,1,0
6983,2026-01-25 05:50:00,993,49.0,USD,travel,pix,BR,mobile,1,0
6984,2026-01-25 05:55:00,3,38.86,USD,entertainment,bank_transfer,US,desktop,1,0
6985,2026-01-25 06:00:00,957,80.87,USD,restaurants,bank_transfer,CL,tablet,1,0
6986,2026-01-25 06:05:00,856,60.69,USD,travel,card,AR,mobile,1,0
6987,2026-01-25 06:10:00,530,27.06,USD,utilities,pix,BR,mobile,1,0
6988,2026-01-25 06:15:00,611,92.98,USD,entertainment,digital_wallet,CL,mobile,1,0
6989,2026-01-25 06:20:00,370,24.71,USD,online_services,card,BR,desktop,1,0
6990,2026-01-25 06:25:00,130,42.4,USD,online_services,pix,AR,mobile,1,0
6991,2026-01-25 06:30:00,572,24.26,USD,electronics,card,BR,desktop,1,0
6992,2026-01-25 06:35:00,817,52.55,USD,electronics,bank_transfer,BR,mobile,0,0
6993,2026-01-25 06:40:00,232,22.73,USD,electronics,card,CL,mobile,1,0
6994,2026-01-25 06:45:00,718,172.01,USD,electronics,pix,BR,mobile,1,0
6995,2026-01-25 06:50:00,749,248.98,USD,restaurants,card,BR,mobile,0,0
6996,2026-01-25 06:55:00,759,79.36,USD,online_services,card,MX,mobile,1,0
6997,2026-01-25 07:00:00,341,154.67,USD,travel,card,BR,mobile,0,0
6998,2026-01-25 07:05:00,393,7.1,USD,restaurants,card,BR,mobile,1,0
6999,2026-01-25 07:10:00,417,7.99,USD,online_services,bank_transfer,BR,mobile,0,0
7000,2026-01-25 07:15:00,855,24.01,USD,online_services,card,US,desktop,1,1
7001,2026-01-25 07:20:00,901,34.51,USD,travel,card,CL,mobile,1,0
7002,2026-01-25 07:25:00,415,27.16,USD,online_services,bank_transfer,AR,mobile,1,0
7003,2026-01-25 07:30:00,970,6.41,USD,online_services,card,MX,desktop,0,0
7004,2026-01-25 07:35:00,571,104.75,USD,online_services,pix,CL,mobile,1,0
7005,2026-01-25 07:40:00,386,285.49,USD,online_services,card,MX,mobile,1,0
7006,2026-01-25 07:45:00,1,119.22,USD,groceries,digital_wallet,CL,mobile,1,0
7007,2026-01-25 07:50:00,612,98.05,USD,groceries,pix,US,mobile,1,0
7008,2026-01-25 07:55:00,645,41.52,USD,travel,card,CL,desktop,1,0
7009,2026-01-25 08:00:00,969,14.25,USD,entertainment,pix,BR,mobile,1,0
7010,2026-01-25 08:05:00,719,35.61,USD,utilities,card,BR,mobile,0,0
7011,2026-01-25 08:10:00,30,271.94,USD,entertainment,card,BR,mobile,1,0
7012,2026-01-25 08:15:00,568,23.29,USD,transport,card,AR,mobile,1,0
7013,2026-01-25 08:20:00,743,21.01,USD,online_services,pix,PT,mobile,1,1
7014,2026-01-25 08:25:00,497,100.21,USD,travel,pix,CO,mobile,1,0
7015,2026-01-25 08:30:00,430,107.09,USD,entertainment,card,CO,mobile,1,0
7016,2026-01-25 08:35:00,810,14.18,USD,transport,bank_transfer,CL,mobile,1,0
7017,2026-01-25 08:40:00,612,25.5,USD,utilities,card,US,mobile,1,0
7018,2026-01-25 08:45:00,682,20.05,USD,restaurants,pix,CO,mobile,1,0
7019,2026-01-25 08:50:00,465,35.51,USD,utilities,card,BR,mobile,1,0
7020,2026-01-25 08:55:00,279,99.85,USD,utilities,card,AR,mobile,0,0
7021,2026-01-25 09:00:00,520,14.82,USD,entertainment,pix,BR,mobile,1,0
7022,2026-01-25 09:05:00,960,98.46,USD,online_services,pix,BR,mobile,0,0
7023,2026-01-25 09:10:00,603,36.66,USD,online_services,bank_transfer,BR,mobile,0,0
7024,2026-01-25 09:15:00,708,339.07,USD,groceries,pix,BR,mobile,1,0
7025,2026-01-25 09:20:00,125,45.55,USD,restaurants,bank_transfer,BR,mobile,0,0
7026,2026-01-25 09:25:00,988,30.06,USD,groceries,digital_wallet,BR,mobile,0,0
7027,2026-01-25 09:30:00,245,58.83,USD,transport,digital_wallet,US,tablet,1,0
7028,2026-01-25 09:35:00,972,23.64,USD,travel,card,BR,mobile,1,0
7029,2026-01-25 09:40:00,446,5.5,USD,restaurants,card,MX,desktop,1,0
7030,2026-01-25 09:45:00,919,26.04,USD,groceries,pix,BR,mobile,1,0
7031,2026-01-25 09:50:00,892,25.63,USD,entertainment,card,PT,mobile,1,0
7032,2026-01-25 09:55:00,756,6.74,USD,entertainment,bank_transfer,CO,mobile,1,0
7033,2026-01-25 10:00:00,917,30.78,USD,transport,card,US,mobile,1,0
7034,2026-01-25 10:05:00,610,4.19,USD,entertainment,bank_transfer,AR,mobile,1,0
7035,2026-01-25 10:10:00,849,23.39,USD,travel,card,CL,mobile,1,0
7036,2026-01-25 10:15:00,173,42.25,USD,electronics,bank_transfer,BR,desktop,1,0
7037,2026-01-25 10:20:00,71,36.49,USD,groceries,pix,BR,mobile,0,0
7038,2026-01-25 10:25:00,544,21.95,USD,utilities,card,CO,mobile,1,0
7039,2026-01-25 10:30:00,810,30.4,USD,travel,pix,BR,mobile,1,0
7040,2026-01-25 10:35:00,766,15.12,USD,groceries,pix,BR,tablet,0,0
7041,2026-01-25 10:40:00,528,33.48,USD,restaurants,bank_transfer,US,mobile,1,0
7042,2026-01-25 10:45:00,521,35.1,USD,transport,pix,BR,mobile,0,0
7043,2026-01-25 10:50:00,610,13.46,USD,restaurants,pix,CO,mobile,1,0
7044,2026-01-25 10:55:00,869,43.28,USD,utilities,card,BR,mobile,0,0
7045,2026-01-25 11:00:00,842,43.01,USD,online_services,pix,BR,mobile,0,0
7046,2026-01-25 11:05:00,110,28.04,USD,groceries,card,BR,tablet,1,0
7047,2026-01-25 11:10:00,596,372.8,USD,restaurants,digital_wallet,AR,mobile,1,0
7048,2026-01-25 11:15:00,381,28.77,USD,transport,pix,MX,mobile,1,0
7049,2026-01-25 11:20:00,800,25.05,USD,online_services,bank_transfer,US,mobile,1,0
7050,2026-01-25 11:25:00,506,21.71,USD,travel,bank_transfer,BR,mobile,1,0
7051,2026-01-25 11:30:00,992,12.54,USD,online_services,card,BR,desktop,0,0
7052,2026-01-25 11:35:00,433,65.75,USD,restaurants,card,MX,mobile,1,0
7053,2026-01-25 11:40:00,680,16.67,USD,groceries,card,BR,desktop,0,0
7054,2026-01-25 11:45:00,109,18.77,USD,electronics,card,BR,desktop,0,0
7055,2026-01-25 11:50:00,933,19.33,USD,utilities,card,AR,mobile,1,0
7056,2026-01-25 11:55:00,154,12.37,USD,utilities,bank_transfer,MX,tablet,1,0
7057,2026-01-25 12:00:00,379,5.75,USD,electronics,pix,BR,tablet,1,0
7058,2026-01-25 12:05:00,838,20.84,USD,transport,pix,BR,desktop,0,0
7059,2026-01-25 12:10:00,968,79.31,USD,groceries,pix,PT,mobile,1,0
7060,2026-01-25 12:15:00,485,40.33,USD,electronics,card,US,mobile,1,0
7061,2026-01-25 12:20:00,485,157.68,USD,travel,card,CL,mobile,1,0
7062,2026-01-25 12:25:00,49,70.17,USD,groceries,card,CL,desktop,1,0
7063,2026-01-25 12:30:00,979,55.92,USD,online_services,bank_transfer,US,mobile,1,0
7064,2026-01-25 12:35:00,17,217.6,USD,entertainment,pix,CL,mobile,0,0
7065,2026-01-25 12:40:00,27,30.05,USD,transport,card,MX,desktop,1,0
7066,2026-01-25 12:45:00,474,35.27,USD,transport,pix,AR,tablet,0,0
7067,2026-01-25 12:50:00,4,32.74,USD,transport,pix,BR,desktop,1,0
7068,2026-01-25 12:55:00,165,155.06,USD,utilities,card,MX,desktop,1,0
7069,2026-01-25 13:00:00,628,33.2,USD,entertainment,card,CL,mobile,1,0
7070,2026-01-25 13:05:00,706,17.32,USD,groceries,card,BR,mobile,0,0
7071,2026-01-25 13:10:00,299,59.6,USD,transport,bank_transfer,CL,mobile,0,0
7072,2026-01-25 13:15:00,796,14.64,USD,utilities,bank_transfer,MX,tablet,1,0
7073,2026-01-25 13:20:00,608,56.46,USD,transport,pix,BR,mobile,1,0
7074,2026-01-25 13:25:00,229,50.09,USD,utilities,card,CO,desktop,1,1
7075,2026-01-25 13:30:00,713,27.4,USD,travel,card,BR,mobile,1,0
7076,2026-01-25 13:35:00,593,58.31,USD,utilities,card,CL,mobile,0,0
7077,2026-01-25 13:40:00,813,7.48,USD,travel,card,PT,mobile,1,0
7078,2026-01-25 13:45:00,155,38.98,USD,entertainment,pix,US,tablet,1,0
7079,2026-01-25 13:50:00,231,20.85,USD,electronics,card,US,mobile,1,0
7080,2026-01-25 13:55:00,304,579.56,USD,restaurants,card,CL,mobile,1,0
7081,2026-01-25 14:00:00,342,38.7,USD,online_services,pix,AR,mobile,1,0
7082,2026-01-25 14:05:00,889,18.24,USD,electronics,card,CL,mobile,1,0
7083,2026-01-25 14:10:00,733,8.35,USD,groceries,pix,BR,mobile,1,0
7084,2026-01-25 14:15:00,545,122.17,USD,electronics,bank_transfer,AR,mobile,1,0
7085,2026-01-25 14:20:00,541,23.34,USD,electronics,pix,AR,mobile,0,0
7086,2026-01-25 14:25:00,886,15.01,USD,restaurants,digital_wallet,AR,desktop,1,0
7087,2026-01-25 14:30:00,447,46.35,USD,online_services,pix,BR,desktop,0,0
7088,2026-01-25 14:35:00,226,63.42,USD,electronics,bank_transfer,BR,mobile,1,0
7089,2026-01-25 14:40:00,137,62.42,USD,transport,pix,BR,mobile,0,0
7090,2026-01-25 14:45:00,331,33.78,USD,entertainment,bank_transfer,BR,mobile,1,0
7091,2026-01-25 14:50:00,654,38.83,USD,entertainment,card,BR,mobile,1,0
7092,2026-01-25 14:55:00,471,41.76,USD,electronics,card,BR,desktop,1,0
7093,2026-01-25 15:00:00,422,46.36,USD,online_services,card,US,mobile,1,0
7094,2026-01-25 15:05:00,481,50.65,USD,online_services,pix,BR,mobile,1,0
7095,2026-01-25 15:10:00,975,98.93,USD,electronics,card,MX,mobile,1,0
7096,2026-01-25 15:15:00,998,35.04,USD,entertainment,digital_wallet,BR,desktop,0,0
7097,2026-01-25 15:20:00,162,14.63,USD,groceries,pix,US,mobile,1,0
7098,2026-01-25 15:25:00,115,28.67,USD,electronics,card,CO,mobile,1,0
7099,2026-01-25 15:30:00,245,70.37,USD,electronics,pix,US,desktop,1,0
7100,2026-01-25 15:35:00,852,5.55,USD,electronics,bank_transfer,US,mobile,1,0
7101,2026-01-25 15:40:00,460,5.58,USD,utilities,bank_transfer,CO,mobile,1,0
7102,2026-01-25 15:45:00,864,82.95,USD,travel,pix,BR,mobile,1,0
7103,2026-01-25 15:50:00,647,151.43,USD,electronics,card,AR,mobile,1,0
7104,2026-01-25 15:55:00,554,9.34,USD,electronics,bank_transfer,BR,desktop,1,0
7105,2026-01-25 16:00:00,282,36.62,USD,travel,digital_wallet,US,mobile,1,0
7106,2026-01-25 16:05:00,345,22.21,USD,restaurants,bank_transfer,US,mobile,1,0
7107,2026-01-25 16:10:00,148,25.51,USD,restaurants,pix,BR,mobile,0,0
7108,2026-01-25 16:15:00,520,44.95,USD,travel,card,CL,mobile,1,0
7109,2026-01-25 16:20:00,281,9.09,USD,transport,digital_wallet,BR,mobile,0,0
7110,2026-01-25 16:25:00,293,10.94,USD,entertainment,card,CL,mobile,0,0
7111,2026-01-25 16:30:00,40,24.5,USD,online_services,card,CL,mobile,1,0
7112,2026-01-25 16:35:00,800,28.63,USD,transport,pix,AR,tablet,0,0
7113,2026-01-25 16:40:00,940,10.74,USD,travel,pix,US,mobile,1,0
7114,2026-01-25 16:45:00,499,72.94,USD,transport,bank_transfer,BR,tablet,1,0
7115,2026-01-25 16:50:00,537,21.81,USD,utilities,pix,MX,mobile,1,0
7116,2026-01-25 16:55:00,926,21.72,USD,restaurants,card,CL,desktop,0,0
7117,2026-01-25 17:00:00,512,43.93,USD,travel,pix,BR,mobile,1,0
7118,2026-01-25 17:05:00,623,29.11,USD,transport,bank_transfer,BR,mobile,0,0
7119,2026-01-25 17:10:00,429,76.51,USD,utilities,bank_transfer,BR,mobile,1,0
7120,2026-01-25 17:15:00,515,13.02,USD,restaurants,card,AR,mobile,1,0
7121,2026-01-25 17:20:00,522,8.19,USD,restaurants,card,US,tablet,1,0
7122,2026-01-25 17:25:00,712,24.29,USD,utilities,card,BR,mobile,0,0
7123,2026-01-25 17:30:00,605,35.17,USD,travel,bank_transfer,BR,mobile,1,0
7124,2026-01-25 17:35:00,504,9.58,USD,entertainment,pix,AR,mobile,0,0
7125,2026-01-25 17:40:00,76,8.27,USD,utilities,pix,BR,mobile,1,0
7126,2026-01-25 17:45:00,905,39.74,USD,transport,card,BR,desktop,1,1
7127,2026-01-25 17:50:00,889,15.52,USD,restaurants,bank_transfer,CL,mobile,1,0
7128,2026-01-25 17:55:00,185,7.75,USD,online_services,bank_transfer,BR,mobile,1,1
7129,2026-01-25 18:00:00,294,86.95,USD,groceries,pix,MX,mobile,1,0
7130,2026-01-25 18:05:00,974,17.61,USD,entertainment,card,BR,mobile,0,0
7131,2026-01-25 18:10:00,322,104.57,USD,electronics,pix,CL,mobile,0,0
7132,2026-01-25 18:15:00,813,34.07,USD,restaurants,bank_transfer,BR,mobile,0,0
7133,2026-01-25 18:20:00,786,44.47,USD,online_services,pix,BR,desktop,0,0
7134,2026-01-25 18:25:00,861,26.8,USD,utilities,bank_transfer,AR,desktop,1,0
7135,2026-01-25 18:30:00,17,2.33,USD,restaurants,card,CO,mobile,1,0
7136,2026-01-25 18:35:00,483,10.63,USD,utilities,card,PT,mobile,1,0
7137,2026-01-25 18:40:00,566,29.2,USD,utilities,card,BR,desktop,0,0
7138,2026-01-25 18:45:00,838,47.69,USD,travel,card,AR,mobile,1,0
7139,2026-01-25 18:50:00,225,5.53,USD,online_services,card,CL,mobile,1,0
7140,2026-01-25 18:55:00,307,31.39,USD,restaurants,pix,BR,mobile,1,0
7141,2026-01-25 19:00:00,180,10.78,USD,groceries,card,MX,mobile,1,0
7142,2026-01-25 19:05:00,762,41.87,USD,utilities,bank_transfer,BR,mobile,1,0
7143,2026-01-25 19:10:00,999,32.48,USD,transport,card,US,desktop,1,0
7144,2026-01-25 19:15:00,141,69.65,USD,groceries,card,AR,mobile,1,0
7145,2026-01-25 19:20:00,234,96.24,USD,online_services,card,BR,mobile,0,0
7146,2026-01-25 19:25:00,308,52.4,USD,electronics,card,CO,mobile,1,0
7147,2026-01-25 19:30:00,890,78.29,USD,utilities,pix,BR,tablet,1,0
7148,2026-01-25 19:35:00,446,23.33,USD,utilities,pix,CO,mobile,1,0
7149,2026-01-25 19:40:00,282,557.31,USD,transport,pix,MX,mobile,1,0
7150,2026-01-25 19:45:00,323,9.79,USD,utilities,bank_transfer,AR,mobile,1,0
7151,2026-01-25 19:50:00,599,19.54,USD,electronics,card,BR,desktop,1,0
7152,2026-01-25 19:55:00,388,81.56,USD,entertainment,pix,BR,mobile,1,0
7153,2026-01-25 20:00:00,141,70.3,USD,transport,card,AR,tablet,1,0
7154,2026-01-25 20:05:00,821,53.91,USD,groceries,card,CL,mobile,1,0
7155,2026-01-25 20:10:00,423,65.06,USD,restaurants,card,CL,mobile,1,0
7156,2026-01-25 20:15:00,257,4.12,USD,transport,pix,BR,mobile,0,0
7157,2026-01-25 20:20:00,729,162.28,USD,travel,bank_transfer,CO,mobile,1,0
7158,2026-01-25 20:25:00,746,27.01,USD,utilities,card,CO,tablet,1,0
7159,2026-01-25 20:30:00,156,115.11,USD,restaurants,card,CL,mobile,1,0
7160,2026-01-25 20:35:00,74,4.33,USD,entertainment,bank_transfer,BR,desktop,1,0
7161,2026-01-25 20:40:00,46,42.8,USD,entertainment,bank_transfer,AR,desktop,1,0
7162,2026-01-25 20:45:00,766,18.85,USD,utilities,pix,BR,mobile,0,0
7163,2026-01-25 20:50:00,626,58.68,USD,utilities,card,MX,mobile,1,0
7164,2026-01-25 20:55:00,793,45.47,USD,groceries,card,MX,desktop,1,0
7165,2026-01-25 21:00:00,627,47.75,USD,restaurants,pix,US,mobile,1,0
7166,2026-01-25 21:05:00,402,11.49,USD,online_services,card,BR,mobile,1,0
7167,2026-01-25 21:10:00,590,31.28,USD,entertainment,pix,CO,desktop,1,0
7168,2026-01-25 21:15:00,723,27.66,USD,restaurants,card,US,mobile,1,0
7169,2026-01-25 21:20:00,399,54.34,USD,online_services,pix,BR,tablet,0,0
7170,2026-01-25 21:25:00,916,89.06,USD,transport,pix,BR,mobile,1,0
7171,2026-01-25 21:30:00,900,38.49,USD,transport,card,BR,mobile,1,0
7172,2026-01-25 21:35:00,801,9.24,USD,utilities,card,CL,mobile,1,0
7173,2026-01-25 21:40:00,993,36.88,USD,online_services,card,BR,desktop,1,0
7174,2026-01-25 21:45:00,391,450.82,USD,electronics,bank_transfer,BR,tablet,1,0
7175,2026-01-25 21:50:00,115,171.74,USD,entertainment,digital_wallet,AR,mobile,1,0
7176,2026-01-25 21:55:00,485,1.69,USD,entertainment,card,MX,mobile,1,0
7177,2026-01-25 22:00:00,746,35.28,USD,restaurants,card,US,mobile,1,1
7178,2026-01-25 22:05:00,780,84.11,USD,travel,bank_transfer,CO,mobile,1,0
7179,2026-01-25 22:10:00,389,27.6,USD,groceries,bank_transfer,US,mobile,1,0
7180,2026-01-25 22:15:00,293,20.9,USD,utilities,bank_transfer,CL,mobile,0,0
7181,2026-01-25 22:20:00,446,25.36,USD,utilities,card,MX,mobile,1,0
7182,2026-01-25 22:25:00,804,57.52,USD,restaurants,card,BR,mobile,1,0
7183,2026-01-25 22:30:00,61,10.5,USD,travel,digital_wallet,US,desktop,1,0
7184,2026-01-25 22:35:00,329,108.71,USD,groceries,pix,US,mobile,1,0
7185,2026-01-25 22:40:00,230,31.31,USD,groceries,card,CL,mobile,1,0
7186,2026-01-25 22:45:00,806,13.0,USD,entertainment,bank_transfer,BR,mobile,1,0
7187,2026-01-25 22:50:00,470,101.94,USD,utilities,pix,BR,mobile,0,0
7188,2026-01-25 22:55:00,87,7.06,USD,utilities,card,BR,desktop,1,0
7189,2026-01-25 23:00:00,262,19.01,USD,transport,digital_wallet,BR,mobile,1,0
7190,2026-01-25 23:05:00,45,18.7,USD,online_services,pix,BR,desktop,1,0
7191,2026-01-25 23:10:00,476,282.57,USD,travel,card,BR,mobile,1,0
7192,2026-01-25 23:15:00,998,16.69,USD,electronics,card,BR,mobile,0,0
7193,2026-01-25 23:20:00,568,3.84,USD,transport,pix,US,mobile,1,0
7194,2026-01-25 23:25:00,870,18.51,USD,entertainment,pix,CL,mobile,0,0
7195,2026-01-25 23:30:00,743,52.22,USD,transport,card,MX,mobile,1,1
7196,2026-01-25 23:35:00,883,72.54,USD,electronics,pix,BR,mobile,1,1
7197,2026-01-25 23:40:00,312,322.64,USD,electronics,card,BR,mobile,0,0
7198,2026-01-25 23:45:00,952,135.22,USD,transport,card,BR,desktop,1,0
7199,2026-01-25 23:50:00,239,39.96,USD,electronics,digital_wallet,US,mobile,1,0
7200,2026-01-25 23:55:00,439,13.58,USD,groceries,card,BR,mobile,1,0
7201,2026-01-26 00:00:00,682,168.01,USD,utilities,bank_transfer,CL,mobile,1,0
7202,2026-01-26 00:05:00,287,22.91,USD,transport,card,BR,mobile,0,0
7203,2026-01-26 00:10:00,265,17.15,USD,electronics,card,BR,desktop,0,0
7204,2026-01-26 00:15:00,131,21.82,USD,restaurants,card,BR,desktop,0,0
7205,2026-01-26 00:20:00,5,9.47,USD,travel,digital_wallet,AR,mobile,1,0
7206,2026-01-26 00:25:00,502,20.8,USD,transport,card,BR,tablet,0,0
7207,2026-01-26 00:30:00,987,26.23,USD,restaurants,card,US,mobile,1,0
7208,2026-01-26 00:35:00,221,68.76,USD,transport,card,BR,tablet,1,0
7209,2026-01-26 00:40:00,441,22.46,USD,online_services,pix,BR,mobile,1,0
7210,2026-01-26 00:45:00,936,9.32,USD,utilities,card,BR,mobile,0,0
7211,2026-01-26 00:50:00,773,6.66,USD,utilities,card,PT,mobile,1,0
7212,2026-01-26 00:55:00,5,40.84,USD,restaurants,pix,CL,mobile,1,0
7213,2026-01-26 01:00:00,501,35.61,USD,entertainment,bank_transfer,CL,mobile,1,0
7214,2026-01-26 01:05:00,144,19.02,USD,utilities,bank_transfer,AR,mobile,1,0
7215,2026-01-26 01:10:00,248,20.75,USD,entertainment,digital_wallet,US,mobile,1,0
7216,2026-01-26 01:15:00,247,48.84,USD,utilities,card,BR,mobile,0,0
7217,2026-01-26 01:20:00,613,133.03,USD,restaurants,card,MX,mobile,1,0
7218,2026-01-26 01:25:00,199,15.18,USD,electronics,card,MX,tablet,1,0
7219,2026-01-26 01:30:00,252,36.19,USD,transport,bank_transfer,BR,tablet,1,0
7220,2026-01-26 01:35:00,226,86.34,USD,entertainment,pix,BR,mobile,1,0
7221,2026-01-26 01:40:00,357,15.24,USD,restaurants,pix,AR,mobile,1,0
7222,2026-01-26 01:45:00,657,32.6,USD,transport,pix,BR,mobile,1,0
7223,2026-01-26 01:50:00,400,31.88,USD,entertainment,pix,BR,desktop,1,0
7224,2026-01-26 01:55:00,328,8.92,USD,groceries,pix,BR,mobile,1,0
7225,2026-01-26 02:00:00,518,39.19,USD,transport,card,BR,mobile,1,0
7226,2026-01-26 02:05:00,616,34.18,USD,entertainment,pix,CO,mobile,1,0
7227,2026-01-26 02:10:00,16,57.69,USD,restaurants,card,AR,desktop,1,0
7228,2026-01-26 02:15:00,891,10.11,USD,travel,card,CL,mobile,1,0
7229,2026-01-26 02:20:00,917,33.45,USD,electronics,card,AR,mobile,1,0
7230,2026-01-26 02:25:00,603,131.86,USD,electronics,digital_wallet,BR,mobile,0,0
7231,2026-01-26 02:30:00,575,264.41,USD,transport,digital_wallet,AR,mobile,1,0
7232,2026-01-26 02:35:00,695,119.12,USD,online_services,bank_transfer,US,mobile,1,0
7233,2026-01-26 02:40:00,441,10.21,USD,entertainment,bank_transfer,BR,mobile,1,0
7234,2026-01-26 02:45:00,366,51.99,USD,entertainment,card,CL,mobile,1,0
7235,2026-01-26 02:50:00,353,20.43,USD,utilities,card,MX,tablet,1,0
7236,2026-01-26 02:55:00,160,43.99,USD,electronics,card,CL,tablet,0,0
7237,2026-01-26 03:00:00,842,15.3,USD,groceries,card,BR,mobile,0,0
7238,2026-01-26 03:05:00,321,5.97,USD,groceries,pix,BR,mobile,0,0
7239,2026-01-26 03:10:00,285,23.46,USD,electronics,card,AR,mobile,1,0
7240,2026-01-26 03:15:00,965,68.21,USD,online_services,digital_wallet,CO,tablet,1,0
7241,2026-01-26 03:20:00,507,44.17,USD,electronics,pix,CO,mobile,0,0
7242,2026-01-26 03:25:00,622,49.55,USD,online_services,card,CL,mobile,1,0
7243,2026-01-26 03:30:00,246,41.11,USD,travel,bank_transfer,BR,mobile,0,0
7244,2026-01-26 03:35:00,278,49.63,USD,entertainment,bank_transfer,CO,mobile,1,0
7245,2026-01-26 03:40:00,729,56.23,USD,groceries,pix,CL,mobile,1,1
7246,2026-01-26 03:45:00,451,25.16,USD,utilities,card,PT,desktop,1,0
7247,2026-01-26 03:50:00,148,35.98,USD,online_services,card,CO,mobile,1,0
7248,2026-01-26 03:55:00,836,189.29,USD,travel,pix,BR,mobile,1,0
7249,2026-01-26 04:00:00,403,38.17,USD,online_services,pix,CL,mobile,0,0
7250,2026-01-26 04:05:00,669,34.56,USD,restaurants,card,CL,mobile,1,0
7251,2026-01-26 04:10:00,342,36.7,USD,electronics,bank_transfer,BR,mobile,1,0
7252,2026-01-26 04:15:00,561,26.63,USD,online_services,card,AR,mobile,0,0
7253,2026-01-26 04:20:00,776,21.43,USD,travel,digital_wallet,BR,mobile,0,0
7254,2026-01-26 04:25:00,886,40.8,USD,entertainment,card,BR,mobile,0,0
7255,2026-01-26 04:30:00,208,19.97,USD,electronics,bank_transfer,CO,mobile,0,0
7256,2026-01-26 04:35:00,673,28.63,USD,travel,card,BR,mobile,0,0
7257,2026-01-26 04:40:00,915,15.02,USD,transport,bank_transfer,CO,mobile,0,0
7258,2026-01-26 04:45:00,643,36.89,USD,entertainment,bank_transfer,AR,mobile,1,0
7259,2026-01-26 04:50:00,144,59.39,USD,groceries,card,MX,mobile,1,0
7260,2026-01-26 04:55:00,190,26.79,USD,travel,card,CO,mobile,1,0
7261,2026-01-26 05:00:00,203,4.44,USD,online_services,digital_wallet,CO,mobile,1,0
7262,2026-01-26 05:05:00,107,59.76,USD,groceries,digital_wallet,BR,mobile,1,0
7263,2026-01-26 05:10:00,754,37.34,USD,electronics,bank_transfer,PT,mobile,1,0
7264,2026-01-26 05:15:00,966,12.27,USD,entertainment,card,BR,desktop,1,0
7265,2026-01-26 05:20:00,517,71.76,USD,groceries,card,MX,desktop,1,0
7266,2026-01-26 05:25:00,599,8.18,USD,groceries,card,AR,mobile,1,0
7267,2026-01-26 05:30:00,774,94.2,USD,restaurants,pix,BR,desktop,0,0
7268,2026-01-26 05:35:00,416,31.27,USD,restaurants,card,CL,desktop,1,0
7269,2026-01-26 05:40:00,473,3.43,USD,online_services,card,AR,desktop,1,0
7270,2026-01-26 05:45:00,590,39.58,USD,restaurants,digital_wallet,BR,mobile,0,0
7271,2026-01-26 05:50:00,305,22.06,USD,entertainment,pix,BR,desktop,0,0
7272,2026-01-26 05:55:00,62,18.98,USD,transport,pix,BR,mobile,1,0
7273,2026-01-26 06:00:00,568,15.84,USD,travel,digital_wallet,PT,tablet,1,0
7274,2026-01-26 06:05:00,823,29.16,USD,online_services,pix,CL,mobile,1,0
7275,2026-01-26 06:10:00,74,20.39,USD,utilities,card,BR,mobile,1,0
7276,2026-01-26 06:15:00,217,5.17,USD,groceries,digital_wallet,CO,mobile,1,0
7277,2026-01-26 06:20:00,263,118.16,USD,groceries,digital_wallet,CL,desktop,1,0
7278,2026-01-26 06:25:00,805,25.94,USD,transport,card,CO,mobile,1,0
7279,2026-01-26 06:30:00,505,15.93,USD,utilities,card,AR,mobile,1,0
7280,2026-01-26 06:35:00,535,10.71,USD,utilities,card,BR,mobile,1,0
7281,2026-01-26 06:40:00,646,71.57,USD,travel,card,BR,mobile,1,0
7282,2026-01-26 06:45:00,277,9.04,USD,utilities,card,CO,desktop,1,0
7283,2026-01-26 06:50:00,714,37.86,USD,restaurants,card,CO,mobile,1,0
7284,2026-01-26 06:55:00,31,18.47,USD,entertainment,pix,CO,mobile,1,1
7285,2026-01-26 07:00:00,114,19.58,USD,online_services,card,BR,desktop,0,0
7286,2026-01-26 07:05:00,816,10.98,USD,online_services,bank_transfer,MX,mobile,1,0
7287,2026-01-26 07:10:00,659,17.81,USD,entertainment,pix,BR,mobile,0,0
7288,2026-01-26 07:15:00,177,33.41,USD,entertainment,card,CL,mobile,1,0
7289,2026-01-26 07:20:00,439,41.9,USD,restaurants,bank_transfer,BR,mobile,1,0
7290,2026-01-26 07:25:00,52,15.1,USD,entertainment,pix,CO,desktop,1,0
7291,2026-01-26 07:30:00,672,30.24,USD,restaurants,bank_transfer,PT,mobile,1,0
7292,2026-01-26 07:35:00,756,80.52,USD,electronics,bank_transfer,BR,mobile,1,0
7293,2026-01-26 07:40:00,279,6.28,USD,groceries,bank_transfer,MX,mobile,1,0
7294,2026-01-26 07:45:00,351,32.91,USD,transport,bank_transfer,CL,mobile,1,0
7295,2026-01-26 07:50:00,237,12.8,USD,groceries,pix,BR,mobile,0,0
7296,2026-01-26 07:55:00,390,11.56,USD,electronics,card,BR,mobile,0,0
7297,2026-01-26 08:00:00,273,42.99,USD,groceries,pix,CO,mobile,1,0
7298,2026-01-26 08:05:00,248,19.2,USD,utilities,pix,BR,mobile,0,0
7299,2026-01-26 08:10:00,431,9.81,USD,entertainment,digital_wallet,BR,mobile,0,0
7300,2026-01-26 08:15:00,860,124.5,USD,entertainment,pix,US,mobile,1,0
7301,2026-01-26 08:20:00,763,83.1,USD,entertainment,card,AR,desktop,1,0
7302,2026-01-26 08:25:00,298,4.8,USD,utilities,pix,CO,mobile,1,0
7303,2026-01-26 08:30:00,943,7.58,USD,entertainment,card,CL,mobile,1,0
7304,2026-01-26 08:35:00,211,59.95,USD,entertainment,pix,AR,mobile,1,0
7305,2026-01-26 08:40:00,911,24.91,USD,restaurants,pix,CO,desktop,1,0
7306,2026-01-26 08:45:00,310,148.5,USD,entertainment,digital_wallet,BR,mobile,0,0
7307,2026-01-26 08:50:00,541,61.33,USD,electronics,card,BR,desktop,1,0
7308,2026-01-26 08:55:00,204,44.68,USD,restaurants,digital_wallet,CL,mobile,1,0
7309,2026-01-26 09:00:00,763,11.92,USD,electronics,bank_transfer,US,mobile,1,0
7310,2026-01-26 09:05:00,318,54.13,USD,transport,card,BR,desktop,0,0
7311,2026-01-26 09:10:00,873,9.25,USD,restaurants,card,PT,mobile,1,0
7312,2026-01-26 09:15:00,83,122.15,USD,travel,digital_wallet,CO,mobile,1,0
7313,2026-01-26 09:20:00,503,50.51,USD,online_services,bank_transfer,AR,mobile,1,0
7314,2026-01-26 09:25:00,159,14.51,USD,groceries,card,BR,mobile,1,0
7315,2026-01-26 09:30:00,889,74.05,USD,restaurants,pix,BR,mobile,0,0
7316,2026-01-26 09:35:00,418,311.54,USD,online_services,card,CL,mobile,1,0
7317,2026-01-26 09:40:00,675,26.64,USD,entertainment,pix,BR,mobile,1,0
7318,2026-01-26 09:45:00,880,57.42,USD,restaurants,card,BR,desktop,0,0
7319,2026-01-26 09:50:00,536,21.5,USD,transport,card,BR,desktop,1,0
7320,2026-01-26 09:55:00,58,36.07,USD,groceries,card,PT,mobile,1,0
7321,2026-01-26 10:00:00,221,7.34,USD,utilities,pix,BR,mobile,1,0
7322,2026-01-26 10:05:00,213,33.1,USD,entertainment,card,AR,mobile,1,0
7323,2026-01-26 10:10:00,915,34.59,USD,restaurants,pix,BR,desktop,1,0
7324,2026-01-26 10:15:00,909,200.14,USD,restaurants,bank_transfer,BR,mobile,1,0
7325,2026-01-26 10:20:00,477,5.5,USD,entertainment,pix,BR,mobile,0,0
7326,2026-01-26 10:25:00,891,25.01,USD,travel,digital_wallet,CO,desktop,0,0
7327,2026-01-26 10:30:00,247,120.08,USD,entertainment,bank_transfer,CL,desktop,1,0
7328,2026-01-26 10:35:00,680,26.0,USD,restaurants,card,BR,tablet,0,0
7329,2026-01-26 10:40:00,392,27.9,USD,online_services,card,MX,mobile,1,0
7330,2026-01-26 10:45:00,241,14.39,USD,restaurants,pix,BR,mobile,1,0
7331,2026-01-26 10:50:00,251,13.03,USD,restaurants,pix,MX,mobile,1,0
7332,2026-01-26 10:55:00,420,5.33,USD,entertainment,digital_wallet,BR,mobile,1,0
7333,2026-01-26 11:00:00,340,17.65,USD,travel,card,US,desktop,1,0
7334,2026-01-26 11:05:00,212,12.31,USD,electronics,card,US,mobile,1,0
7335,2026-01-26 11:10:00,335,37.26,USD,entertainment,bank_transfer,MX,mobile,1,0
7336,2026-01-26 11:15:00,129,15.06,USD,travel,bank_transfer,BR,desktop,1,0
7337,2026-01-26 11:20:00,970,20.5,USD,electronics,pix,AR,mobile,1,0
7338,2026-01-26 11:25:00,380,21.07,USD,restaurants,pix,MX,mobile,1,0
7339,2026-01-26 11:30:00,108,31.56,USD,entertainment,bank_transfer,AR,tablet,1,0
7340,2026-01-26 11:35:00,576,19.52,USD,travel,pix,BR,mobile,0,0
7341,2026-01-26 11:40:00,884,11.45,USD,online_services,bank_transfer,AR,desktop,1,0
7342,2026-01-26 11:45:00,360,36.08,USD,electronics,digital_wallet,BR,tablet,1,0
7343,2026-01-26 11:50:00,846,96.3,USD,transport,card,AR,desktop,1,0
7344,2026-01-26 11:55:00,611,37.66,USD,groceries,card,BR,mobile,1,0
7345,2026-01-26 12:00:00,740,18.0,USD,transport,digital_wallet,CL,mobile,1,0
7346,2026-01-26 12:05:00,297,29.28,USD,entertainment,card,BR,mobile,1,0
7347,2026-01-26 12:10:00,37,4.26,USD,transport,card,BR,desktop,1,0
7348,2026-01-26 12:15:00,346,28.81,USD,travel,pix,BR,mobile,0,0
7349,2026-01-26 12:20:00,925,22.19,USD,restaurants,pix,US,mobile,1,0
7350,2026-01-26 12:25:00,791,13.02,USD,online_services,card,AR,desktop,1,0
7351,2026-01-26 12:30:00,785,15.61,USD,online_services,pix,CL,mobile,1,0
7352,2026-01-26 12:35:00,879,21.97,USD,utilities,card,CO,mobile,1,0
7353,2026-01-26 12:40:00,374,89.34,USD,entertainment,card,CL,mobile,1,0
7354,2026-01-26 12:45:00,323,98.7,USD,travel,card,BR,mobile,0,0
7355,2026-01-26 12:50:00,926,13.09,USD,groceries,pix,CL,mobile,0,0
7356,2026-01-26 12:55:00,572,19.73,USD,groceries,bank_transfer,BR,mobile,1,0
7357,2026-01-26 13:00:00,298,20.23,USD,electronics,pix,AR,mobile,1,0
7358,2026-01-26 13:05:00,279,74.41,USD,utilities,bank_transfer,BR,mobile,1,0
7359,2026-01-26 13:10:00,878,38.3,USD,restaurants,card,US,mobile,1,0
7360,2026-01-26 13:15:00,54,36.34,USD,travel,card,AR,mobile,1,0
7361,2026-01-26 13:20:00,62,56.61,USD,online_services,card,BR,mobile,1,0
7362,2026-01-26 13:25:00,738,18.24,USD,utilities,bank_transfer,CL,mobile,1,0
7363,2026-01-26 13:30:00,2,129.53,USD,travel,pix,BR,mobile,1,0
7364,2026-01-26 13:35:00,172,33.06,USD,travel,bank_transfer,BR,mobile,0,0
7365,2026-01-26 13:40:00,991,14.07,USD,groceries,card,US,desktop,1,0
7366,2026-01-26 13:45:00,426,26.32,USD,groceries,digital_wallet,CO,desktop,1,0
7367,2026-01-26 13:50:00,728,113.51,USD,transport,bank_transfer,CO,mobile,1,0
7368,2026-01-26 13:55:00,488,21.65,USD,utilities,digital_wallet,AR,mobile,0,0
7369,2026-01-26 14:00:00,91,85.59,USD,groceries,card,BR,mobile,0,0
7370,2026-01-26 14:05:00,185,17.72,USD,utilities,card,BR,mobile,1,0
7371,2026-01-26 14:10:00,762,15.4,USD,transport,pix,CL,mobile,0,0
7372,2026-01-26 14:15:00,95,64.05,USD,groceries,pix,AR,tablet,1,0
7373,2026-01-26 14:20:00,595,13.82,USD,groceries,bank_transfer,BR,desktop,0,0
7374,2026-01-26 14:25:00,349,75.38,USD,entertainment,card,BR,mobile,1,0
7375,2026-01-26 14:30:00,371,47.07,USD,groceries,pix,BR,mobile,0,0
7376,2026-01-26 14:35:00,953,13.82,USD,travel,card,BR,mobile,0,0
7377,2026-01-26 14:40:00,606,30.83,USD,online_services,pix,BR,mobile,1,0
7378,2026-01-26 14:45:00,616,19.13,USD,travel,card,BR,mobile,0,0
7379,2026-01-26 14:50:00,351,46.94,USD,transport,digital_wallet,AR,mobile,1,0
7380,2026-01-26 14:55:00,382,218.72,USD,online_services,card,BR,desktop,0,0
7381,2026-01-26 15:00:00,686,22.86,USD,groceries,pix,BR,mobile,1,0
7382,2026-01-26 15:05:00,39,56.47,USD,restaurants,card,AR,mobile,1,0
7383,2026-01-26 15:10:00,238,33.93,USD,restaurants,card,MX,mobile,1,0
7384,2026-01-26 15:15:00,601,33.92,USD,groceries,pix,BR,desktop,1,0
7385,2026-01-26 15:20:00,624,28.07,USD,online_services,card,BR,desktop,0,0
7386,2026-01-26 15:25:00,93,14.05,USD,restaurants,pix,AR,desktop,1,1
7387,2026-01-26 15:30:00,788,46.3,USD,groceries,card,BR,mobile,0,0
7388,2026-01-26 15:35:00,543,24.81,USD,online_services,pix,BR,mobile,1,0
7389,2026-01-26 15:40:00,238,13.4,USD,online_services,bank_transfer,AR,mobile,1,0
7390,2026-01-26 15:45:00,752,91.3,USD,restaurants,bank_transfer,BR,mobile,0,0
7391,2026-01-26 15:50:00,991,36.56,USD,electronics,card,MX,mobile,1,1
7392,2026-01-26 15:55:00,424,26.36,USD,entertainment,pix,MX,mobile,1,0
7393,2026-01-26 16:00:00,284,126.48,USD,electronics,card,BR,mobile,0,0
7394,2026-01-26 16:05:00,300,5.28,USD,utilities,card,BR,mobile,0,0
7395,2026-01-26 16:10:00,593,118.25,USD,restaurants,bank_transfer,PT,mobile,1,0
7396,2026-01-26 16:15:00,48,13.73,USD,utilities,card,AR,mobile,1,0
7397,2026-01-26 16:20:00,484,40.92,USD,travel,card,PT,mobile,1,0
7398,2026-01-26 16:25:00,25,18.39,USD,groceries,bank_transfer,CO,mobile,1,0
7399,2026-01-26 16:30:00,39,13.16,USD,travel,card,BR,desktop,1,0
7400,2026-01-26 16:35:00,431,123.21,USD,groceries,card,BR,mobile,0,0
7401,2026-01-26 16:40:00,746,211.92,USD,utilities,digital_wallet,BR,mobile,1,0
7402,2026-01-26 16:45:00,884,26.54,USD,online_services,card,MX,mobile,1,0
7403,2026-01-26 16:50:00,88,46.32,USD,restaurants,bank_transfer,BR,mobile,0,0
7404,2026-01-26 16:55:00,245,35.06,USD,travel,card,CL,desktop,1,0
7405,2026-01-26 17:00:00,422,186.89,USD,transport,digital_wallet,AR,mobile,1,0
7406,2026-01-26 17:05:00,575,4.0,USD,groceries,bank_transfer,MX,desktop,1,0
7407,2026-01-26 17:10:00,988,48.29,USD,entertainment,card,CO,mobile,1,0
7408,2026-01-26 17:15:00,685,16.0,USD,groceries,digital_wallet,BR,desktop,0,0
7409,2026-01-26 17:20:00,539,3.14,USD,groceries,card,BR,desktop,0,0
7410,2026-01-26 17:25:00,61,23.09,USD,utilities,bank_transfer,AR,mobile,1,0
7411,2026-01-26 17:30:00,81,210.2,USD,transport,pix,MX,mobile,1,0
7412,2026-01-26 17:35:00,154,17.18,USD,online_services,card,CO,mobile,1,0
7413,2026-01-26 17:40:00,661,73.02,USD,travel,pix,AR,tablet,1,0
7414,2026-01-26 17:45:00,332,109.8,USD,travel,card,MX,mobile,1,0
7415,2026-01-26 17:50:00,241,32.7,USD,electronics,pix,BR,mobile,1,0
7416,2026-01-26 17:55:00,671,37.35,USD,transport,pix,BR,mobile,0,0
7417,2026-01-26 18:00:00,816,5.95,USD,restaurants,card,US,mobile,1,0
7418,2026-01-26 18:05:00,440,16.18,USD,entertainment,bank_transfer,AR,desktop,1,0
7419,2026-01-26 18:10:00,882,82.02,USD,travel,digital_wallet,MX,mobile,1,0
7420,2026-01-26 18:15:00,735,35.19,USD,groceries,pix,BR,mobile,1,0
7421,2026-01-26 18:20:00,717,47.82,USD,transport,pix,AR,desktop,1,0
7422,2026-01-26 18:25:00,868,37.83,USD,online_services,card,BR,desktop,1,0
7423,2026-01-26 18:30:00,184,296.49,USD,electronics,digital_wallet,BR,desktop,0,0
7424,2026-01-26 18:35:00,759,21.53,USD,transport,bank_transfer,BR,mobile,0,0
7425,2026-01-26 18:40:00,958,164.91,USD,restaurants,digital_wallet,CO,desktop,1,0
7426,2026-01-26 18:45:00,993,37.85,USD,restaurants,bank_transfer,BR,mobile,1,0
7427,2026-01-26 18:50:00,579,180.22,USD,utilities,card,BR,mobile,1,0
7428,2026-01-26 18:55:00,755,9.73,USD,transport,card,BR,tablet,1,0
7429,2026-01-26 19:00:00,889,39.83,USD,transport,pix,BR,mobile,0,0
7430,2026-01-26 19:05:00,853,22.34,USD,groceries,card,AR,mobile,1,0
7431,2026-01-26 19:10:00,898,38.07,USD,online_services,pix,CL,desktop,1,0
7432,2026-01-26 19:15:00,833,112.44,USD,electronics,card,CL,mobile,1,0
7433,2026-01-26 19:20:00,382,48.37,USD,entertainment,pix,BR,mobile,0,0
7434,2026-01-26 19:25:00,731,112.21,USD,entertainment,pix,AR,mobile,1,0
7435,2026-01-26 19:30:00,411,16.94,USD,transport,card,BR,mobile,1,0
7436,2026-01-26 19:35:00,802,14.54,USD,electronics,pix,AR,mobile,1,0
7437,2026-01-26 19:40:00,811,33.65,USD,groceries,card,US,mobile,1,0
7438,2026-01-26 19:45:00,935,31.86,USD,entertainment,card,AR,desktop,1,0
7439,2026-01-26 19:50:00,589,27.5,USD,entertainment,card,US,desktop,1,0
7440,2026-01-26 19:55:00,476,12.7,USD,restaurants,card,BR,mobile,1,0
7441,2026-01-26 20:00:00,166,109.8,USD,restaurants,card,CO,mobile,0,0
7442,2026-01-26 20:05:00,639,23.04,USD,electronics,card,CO,desktop,1,0
7443,2026-01-26 20:10:00,567,137.84,USD,entertainment,card,CL,mobile,1,0
7444,2026-01-26 20:15:00,515,33.54,USD,travel,card,CL,desktop,1,0
7445,2026-01-26 20:20:00,677,63.33,USD,groceries,pix,BR,mobile,0,0
7446,2026-01-26 20:25:00,852,57.84,USD,travel,bank_transfer,CO,desktop,1,0
7447,2026-01-26 20:30:00,149,14.52,USD,entertainment,card,AR,desktop,0,0
7448,2026-01-26 20:35:00,432,47.81,USD,restaurants,card,AR,mobile,1,0
7449,2026-01-26 20:40:00,723,227.77,USD,electronics,card,BR,mobile,0,0
7450,2026-01-26 20:45:00,820,42.59,USD,utilities,card,BR,mobile,0,0
7451,2026-01-26 20:50:00,779,81.55,USD,transport,card,US,mobile,1,0
7452,2026-01-26 20:55:00,800,66.24,USD,groceries,pix,BR,mobile,1,0
7453,2026-01-26 21:00:00,856,45.02,USD,online_services,pix,BR,mobile,0,0
7454,2026-01-26 21:05:00,962,39.9,USD,groceries,bank_transfer,BR,mobile,1,0
7455,2026-01-26 21:10:00,609,57.24,USD,groceries,digital_wallet,CL,mobile,1,0
7456,2026-01-26 21:15:00,249,71.04,USD,restaurants,digital_wallet,CO,mobile,1,0
7457,2026-01-26 21:20:00,564,8.57,USD,utilities,card,US,desktop,1,0
7458,2026-01-26 21:25:00,710,42.41,USD,entertainment,card,AR,mobile,1,0
7459,2026-01-26 21:30:00,101,27.55,USD,restaurants,pix,BR,mobile,1,0
7460,2026-01-26 21:35:00,757,22.39,USD,groceries,pix,BR,mobile,0,0
7461,2026-01-26 21:40:00,545,121.02,USD,online_services,pix,BR,mobile,0,0
7462,2026-01-26 21:45:00,937,15.91,USD,groceries,pix,CL,mobile,1,0
7463,2026-01-26 21:50:00,212,8.21,USD,online_services,digital_wallet,PT,mobile,1,0
7464,2026-01-26 21:55:00,907,73.38,USD,electronics,pix,BR,mobile,1,0
7465,2026-01-26 22:00:00,449,8.0,USD,restaurants,digital_wallet,BR,mobile,1,0
7466,2026-01-26 22:05:00,574,4.82,USD,transport,digital_wallet,CL,mobile,1,0
7467,2026-01-26 22:10:00,661,82.13,USD,transport,card,AR,mobile,1,0
7468,2026-01-26 22:15:00,580,38.81,USD,restaurants,card,CL,desktop,1,0
7469,2026-01-26 22:20:00,904,53.13,USD,electronics,card,AR,mobile,1,0
7470,2026-01-26 22:25:00,168,21.28,USD,entertainment,card,BR,mobile,1,0
7471,2026-01-26 22:30:00,730,8.29,USD,electronics,bank_transfer,AR,mobile,1,0
7472,2026-01-26 22:35:00,975,10.12,USD,entertainment,digital_wallet,BR,mobile,0,0
7473,2026-01-26 22:40:00,221,25.22,USD,online_services,card,CO,mobile,1,0
7474,2026-01-26 22:45:00,256,9.28,USD,groceries,card,BR,mobile,0,0
7475,2026-01-26 22:50:00,476,45.02,USD,entertainment,bank_transfer,AR,desktop,1,0
7476,2026-01-26 22:55:00,725,20.85,USD,restaurants,pix,PT,mobile,1,0
7477,2026-01-26 23:00:00,959,39.85,USD,groceries,bank_transfer,AR,mobile,0,0
7478,2026-01-26 23:05:00,796,38.67,USD,transport,card,BR,mobile,0,0
7479,2026-01-26 23:10:00,795,48.75,USD,electronics,card,US,tablet,1,1
7480,2026-01-26 23:15:00,442,54.57,USD,online_services,card,BR,desktop,0,0
7481,2026-01-26 23:20:00,646,23.48,USD,transport,card,CO,tablet,1,0
7482,2026-01-26 23:25:00,212,39.8,USD,utilities,card,BR,mobile,0,0
7483,2026-01-26 23:30:00,464,41.93,USD,online_services,card,US,mobile,1,1
7484,2026-01-26 23:35:00,189,2.92,USD,transport,pix,BR,mobile,0,0
7485,2026-01-26 23:40:00,28,63.21,USD,restaurants,bank_transfer,BR,mobile,1,0
7486,2026-01-26 23:45:00,857,38.47,USD,online_services,card,PT,desktop,1,0
7487,2026-01-26 23:50:00,805,58.21,USD,electronics,bank_transfer,AR,mobile,1,0
7488,2026-01-26 23:55:00,511,9.14,USD,electronics,card,BR,mobile,1,0
7489,2026-01-27 00:00:00,15,24.15,USD,entertainment,pix,BR,desktop,1,0
7490,2026-01-27 00:05:00,91,11.12,USD,electronics,card,BR,mobile,0,0
7491,2026-01-27 00:10:00,112,69.73,USD,travel,bank_transfer,BR,mobile,1,0
7492,2026-01-27 00:15:00,718,8.12,USD,online_services,card,AR,desktop,1,0
7493,2026-01-27 00:20:00,204,13.08,USD,groceries,card,AR,mobile,1,0
7494,2026-01-27 00:25:00,251,56.5,USD,entertainment,digital_wallet,US,desktop,1,0
7495,2026-01-27 00:30:00,862,17.65,USD,electronics,card,CO,mobile,1,0
7496,2026-01-27 00:35:00,877,13.09,USD,travel,bank_transfer,US,mobile,1,0
7497,2026-01-27 00:40:00,764,82.0,USD,online_services,pix,AR,mobile,1,0
7498,2026-01-27 00:45:00,310,85.43,USD,travel,card,BR,mobile,0,0
7499,2026-01-27 00:50:00,580,68.17,USD,electronics,card,AR,mobile,1,0
7500,2026-01-27 00:55:00,201,77.38,USD,online_services,bank_transfer,BR,mobile,1,0
7501,2026-01-27 01:00:00,858,26.27,USD,travel,digital_wallet,BR,mobile,0,0
7502,2026-01-27 01:05:00,85,26.99,USD,restaurants,card,MX,mobile,1,0
7503,2026-01-27 01:10:00,745,17.32,USD,groceries,bank_transfer,CL,mobile,1,0
7504,2026-01-27 01:15:00,512,39.16,USD,transport,bank_transfer,BR,mobile,1,0
7505,2026-01-27 01:20:00,758,19.53,USD,entertainment,pix,BR,mobile,1,0
7506,2026-01-27 01:25:00,451,21.48,USD,electronics,bank_transfer,BR,mobile,1,0
7507,2026-01-27 01:30:00,159,60.33,USD,restaurants,card,AR,tablet,1,0
7508,2026-01-27 01:35:00,752,108.26,USD,online_services,pix,BR,desktop,0,0
7509,2026-01-27 01:40:00,632,49.32,USD,restaurants,digital_wallet,US,mobile,1,0
7510,2026-01-27 01:45:00,465,199.2,USD,groceries,bank_transfer,AR,mobile,1,0
7511,2026-01-27 01:50:00,373,16.35,USD,electronics,card,BR,mobile,1,1
7512,2026-01-27 01:55:00,344,5.27,USD,groceries,pix,CO,mobile,1,0
7513,2026-01-27 02:00:00,482,67.67,USD,travel,card,US,desktop,1,0
7514,2026-01-27 02:05:00,262,15.3,USD,electronics,card,MX,mobile,1,0
7515,2026-01-27 02:10:00,283,25.19,USD,online_services,card,AR,mobile,1,0
7516,2026-01-27 02:15:00,279,5.64,USD,restaurants,card,BR,mobile,1,0
7517,2026-01-27 02:20:00,13,13.47,USD,transport,pix,CL,mobile,1,0
7518,2026-01-27 02:25:00,928,7.37,USD,entertainment,card,MX,mobile,1,0
7519,2026-01-27 02:30:00,237,21.45,USD,entertainment,bank_transfer,PT,mobile,1,0
7520,2026-01-27 02:35:00,166,22.32,USD,transport,bank_transfer,AR,desktop,1,0
7521,2026-01-27 02:40:00,152,36.23,USD,online_services,pix,CL,mobile,1,0
7522,2026-01-27 02:45:00,989,114.4,USD,utilities,card,BR,mobile,1,0
7523,2026-01-27 02:50:00,477,65.16,USD,travel,digital_wallet,BR,mobile,0,0
7524,2026-01-27 02:55:00,327,6.54,USD,entertainment,card,BR,desktop,0,0
7525,2026-01-27 03:00:00,404,60.83,USD,travel,pix,BR,mobile,0,0
7526,2026-01-27 03:05:00,89,37.03,USD,electronics,card,AR,mobile,1,0
7527,2026-01-27 03:10:00,314,30.03,USD,travel,digital_wallet,BR,mobile,0,0
7528,2026-01-27 03:15:00,249,32.37,USD,utilities,card,CL,desktop,1,0
7529,2026-01-27 03:20:00,804,40.63,USD,groceries,digital_wallet,CL,mobile,0,0
7530,2026-01-27 03:25:00,59,16.58,USD,groceries,digital_wallet,BR,mobile,1,0
7531,2026-01-27 03:30:00,426,27.6,USD,electronics,digital_wallet,CL,mobile,1,0
7532,2026-01-27 03:35:00,791,108.2,USD,travel,bank_transfer,BR,mobile,1,0
7533,2026-01-27 03:40:00,834,16.38,USD,restaurants,pix,BR,tablet,0,0
7534,2026-01-27 03:45:00,513,11.82,USD,travel,digital_wallet,PT,mobile,1,1
7535,2026-01-27 03:50:00,223,31.13,USD,groceries,card,BR,mobile,0,0
7536,2026-01-27 03:55:00,337,10.69,USD,restaurants,bank_transfer,BR,mobile,1,0
7537,2026-01-27 04:00:00,223,5.91,USD,electronics,card,CL,mobile,1,0
7538,2026-01-27 04:05:00,663,23.47,USD,groceries,card,BR,mobile,1,0
7539,2026-01-27 04:10:00,293,140.98,USD,entertainment,card,BR,mobile,1,0
7540,2026-01-27 04:15:00,631,31.86,USD,travel,digital_wallet,CO,desktop,1,0
7541,2026-01-27 04:20:00,656,39.59,USD,travel,card,CL,mobile,1,0
7542,2026-01-27 04:25:00,940,3.93,USD,travel,pix,AR,mobile,1,0
7543,2026-01-27 04:30:00,371,51.32,USD,entertainment,pix,US,mobile,1,0
7544,2026-01-27 04:35:00,962,36.36,USD,entertainment,pix,BR,mobile,1,0
7545,2026-01-27 04:40:00,401,17.03,USD,entertainment,card,AR,tablet,1,0
7546,2026-01-27 04:45:00,681,39.65,USD,restaurants,pix,BR,desktop,1,0
7547,2026-01-27 04:50:00,662,39.26,USD,entertainment,pix,BR,desktop,1,0
7548,2026-01-27 04:55:00,818,11.48,USD,restaurants,digital_wallet,PT,desktop,1,0
7549,2026-01-27 05:00:00,470,46.15,USD,groceries,digital_wallet,CO,mobile,1,0
7550,2026-01-27 05:05:00,793,109.63,USD,online_services,card,BR,mobile,0,0
7551,2026-01-27 05:10:00,356,26.37,USD,restaurants,card,BR,mobile,0,0
7552,2026-01-27 05:15:00,492,13.91,USD,groceries,pix,BR,desktop,0,0
7553,2026-01-27 05:20:00,500,27.73,USD,transport,pix,CL,mobile,1,1
7554,2026-01-27 05:25:00,705,77.84,USD,online_services,pix,BR,mobile,0,0
7555,2026-01-27 05:30:00,619,9.72,USD,utilities,bank_transfer,US,desktop,1,0
7556,2026-01-27 05:35:00,79,59.06,USD,entertainment,card,BR,mobile,1,0
7557,2026-01-27 05:40:00,810,16.81,USD,restaurants,bank_transfer,BR,desktop,1,0
7558,2026-01-27 05:45:00,759,42.18,USD,entertainment,card,US,desktop,1,0
7559,2026-01-27 05:50:00,105,18.83,USD,utilities,digital_wallet,US,mobile,1,0
7560,2026-01-27 05:55:00,962,18.78,USD,transport,card,BR,desktop,1,0
7561,2026-01-27 06:00:00,661,151.88,USD,transport,bank_transfer,AR,mobile,1,0
7562,2026-01-27 06:05:00,85,8.09,USD,utilities,card,US,desktop,1,0
7563,2026-01-27 06:10:00,492,53.8,USD,restaurants,pix,CL,mobile,1,0
7564,2026-01-27 06:15:00,837,187.04,USD,online_services,card,CL,mobile,1,0
7565,2026-01-27 06:20:00,280,65.73,USD,electronics,pix,CL,mobile,1,0
7566,2026-01-27 06:25:00,933,8.75,USD,entertainment,digital_wallet,US,mobile,1,0
7567,2026-01-27 06:30:00,419,9.19,USD,transport,bank_transfer,AR,mobile,1,0
7568,2026-01-27 06:35:00,227,15.62,USD,entertainment,pix,BR,mobile,0,0
7569,2026-01-27 06:40:00,357,38.78,USD,online_services,card,AR,desktop,1,0
7570,2026-01-27 06:45:00,525,41.51,USD,electronics,digital_wallet,CO,mobile,1,0
7571,2026-01-27 06:50:00,689,9.28,USD,restaurants,card,AR,desktop,1,0
7572,2026-01-27 06:55:00,928,13.84,USD,groceries,pix,BR,mobile,1,0
7573,2026-01-27 07:00:00,195,14.71,USD,online_services,card,CL,tablet,1,0
7574,2026-01-27 07:05:00,961,27.64,USD,online_services,bank_transfer,AR,desktop,1,0
7575,2026-01-27 07:10:00,528,240.98,USD,entertainment,card,PT,desktop,1,0
7576,2026-01-27 07:15:00,128,13.02,USD,groceries,card,BR,mobile,0,0
7577,2026-01-27 07:20:00,927,12.47,USD,online_services,card,CO,desktop,1,0
7578,2026-01-27 07:25:00,350,10.66,USD,electronics,pix,AR,mobile,0,0
7579,2026-01-27 07:30:00,621,62.52,USD,restaurants,card,BR,mobile,1,0
7580,2026-01-27 07:35:00,699,31.77,USD,transport,digital_wallet,AR,mobile,0,0
7581,2026-01-27 07:40:00,14,13.51,USD,online_services,bank_transfer,BR,desktop,1,0
7582,2026-01-27 07:45:00,222,23.04,USD,utilities,digital_wallet,MX,tablet,1,0
7583,2026-01-27 07:50:00,687,15.01,USD,travel,card,CO,mobile,1,0
7584,2026-01-27 07:55:00,325,44.52,USD,entertainment,pix,BR,desktop,1,0
7585,2026-01-27 08:00:00,10,485.11,USD,utilities,pix,AR,mobile,0,0
7586,2026-01-27 08:05:00,24,57.45,USD,entertainment,digital_wallet,PT,mobile,1,0
7587,2026-01-27 08:10:00,827,30.17,USD,transport,card,BR,mobile,0,0
7588,2026-01-27 08:15:00,154,17.03,USD,groceries,card,US,mobile,1,1
7589,2026-01-27 08:20:00,101,8.64,USD,groceries,card,BR,mobile,1,0
7590,2026-01-27 08:25:00,563,68.97,USD,restaurants,pix,BR,mobile,0,0
7591,2026-01-27 08:30:00,119,65.32,USD,utilities,bank_transfer,AR,mobile,1,0
7592,2026-01-27 08:35:00,654,20.78,USD,groceries,card,BR,mobile,1,0
7593,2026-01-27 08:40:00,545,111.42,USD,restaurants,pix,US,mobile,1,0
7594,2026-01-27 08:45:00,649,33.82,USD,online_services,card,CL,desktop,1,0
7595,2026-01-27 08:50:00,492,71.86,USD,electronics,card,CL,mobile,1,0
7596,2026-01-27 08:55:00,779,44.53,USD,restaurants,digital_wallet,CL,mobile,1,0
7597,2026-01-27 09:00:00,645,27.74,USD,utilities,bank_transfer,CL,desktop,1,1
7598,2026-01-27 09:05:00,416,12.74,USD,online_services,digital_wallet,CO,mobile,1,0
7599,2026-01-27 09:10:00,16,28.63,USD,travel,card,CL,mobile,1,0
7600,2026-01-27 09:15:00,274,76.87,USD,groceries,bank_transfer,MX,mobile,1,1
7601,2026-01-27 09:20:00,132,19.92,USD,entertainment,pix,AR,mobile,1,0
7602,2026-01-27 09:25:00,16,51.41,USD,utilities,pix,BR,mobile,0,0
7603,2026-01-27 09:30:00,274,11.22,USD,online_services,card,AR,desktop,0,0
7604,2026-01-27 09:35:00,207,72.24,USD,travel,card,BR,mobile,1,0
7605,2026-01-27 09:40:00,77,45.28,USD,online_services,card,BR,tablet,1,0
7606,2026-01-27 09:45:00,313,9.95,USD,utilities,pix,BR,mobile,0,0
7607,2026-01-27 09:50:00,507,26.47,USD,restaurants,bank_transfer,BR,mobile,1,0
7608,2026-01-27 09:55:00,179,84.05,USD,entertainment,pix,BR,mobile,0,0
7609,2026-01-27 10:00:00,274,9.4,USD,entertainment,card,MX,mobile,1,0
7610,2026-01-27 10:05:00,21,11.35,USD,utilities,bank_transfer,CO,mobile,1,0
7611,2026-01-27 10:10:00,51,30.89,USD,travel,card,BR,mobile,0,0
7612,2026-01-27 10:15:00,158,279.59,USD,entertainment,bank_transfer,US,desktop,1,0
7613,2026-01-27 10:20:00,453,16.9,USD,travel,card,US,desktop,1,0
7614,2026-01-27 10:25:00,667,54.34,USD,transport,pix,US,desktop,1,0
7615,2026-01-27 10:30:00,789,42.95,USD,electronics,card,BR,desktop,0,0
7616,2026-01-27 10:35:00,630,18.37,USD,online_services,card,BR,mobile,1,0
7617,2026-01-27 10:40:00,617,38.91,USD,utilities,pix,AR,mobile,1,0
7618,2026-01-27 10:45:00,936,21.16,USD,entertainment,pix,CO,mobile,1,0
7619,2026-01-27 10:50:00,256,23.15,USD,transport,card,CL,mobile,1,0
7620,2026-01-27 10:55:00,799,6.29,USD,restaurants,pix,CL,mobile,1,0
7621,2026-01-27 11:00:00,937,32.32,USD,transport,card,CO,mobile,1,0
7622,2026-01-27 11:05:00,568,81.38,USD,transport,digital_wallet,US,desktop,1,0
7623,2026-01-27 11:10:00,841,35.07,USD,online_services,card,AR,mobile,0,0
7624,2026-01-27 11:15:00,138,98.54,USD,travel,card,US,desktop,1,0
7625,2026-01-27 11:20:00,879,59.16,USD,electronics,pix,MX,mobile,1,0
7626,2026-01-27 11:25:00,565,31.2,USD,online_services,bank_transfer,BR,desktop,1,0
7627,2026-01-27 11:30:00,222,17.67,USD,transport,card,MX,mobile,1,0
7628,2026-01-27 11:35:00,62,20.36,USD,utilities,pix,BR,mobile,1,0
7629,2026-01-27 11:40:00,720,7.61,USD,entertainment,digital_wallet,BR,mobile,0,0
7630,2026-01-27 11:45:00,431,25.35,USD,transport,card,PT,mobile,1,0
7631,2026-01-27 11:50:00,311,38.32,USD,online_services,card,BR,mobile,0,0
7632,2026-01-27 11:55:00,391,184.09,USD,entertainment,card,AR,desktop,0,0
7633,2026-01-27 12:00:00,992,56.17,USD,online_services,digital_wallet,PT,desktop,1,0
7634,2026-01-27 12:05:00,428,13.95,USD,groceries,card,BR,mobile,1,0
7635,2026-01-27 12:10:00,79,7.85,USD,transport,card,BR,mobile,1,0
7636,2026-01-27 12:15:00,280,26.94,USD,transport,digital_wallet,BR,mobile,0,0
7637,2026-01-27 12:20:00,146,74.57,USD,entertainment,bank_transfer,AR,mobile,1,0
7638,2026-01-27 12:25:00,686,26.56,USD,utilities,pix,BR,mobile,1,0
7639,2026-01-27 12:30:00,801,56.94,USD,groceries,card,BR,mobile,0,0
7640,2026-01-27 12:35:00,841,27.63,USD,restaurants,pix,MX,mobile,1,0
7641,2026-01-27 12:40:00,633,67.83,USD,entertainment,bank_transfer,BR,mobile,0,0
7642,2026-01-27 12:45:00,769,6.7,USD,transport,card,AR,mobile,1,0
7643,2026-01-27 12:50:00,418,164.71,USD,entertainment,card,BR,mobile,1,0
7644,2026-01-27 12:55:00,628,10.89,USD,groceries,digital_wallet,AR,desktop,1,0
7645,2026-01-27 13:00:00,107,73.24,USD,travel,bank_transfer,CL,mobile,1,0
7646,2026-01-27 13:05:00,539,25.22,USD,groceries,card,BR,mobile,0,0
7647,2026-01-27 13:10:00,558,29.49,USD,online_services,digital_wallet,BR,mobile,1,0
7648,2026-01-27 13:15:00,32,26.02,USD,restaurants,pix,BR,mobile,1,0
7649,2026-01-27 13:20:00,549,42.76,USD,restaurants,digital_wallet,BR,mobile,1,0
7650,2026-01-27 13:25:00,723,52.33,USD,groceries,card,BR,desktop,0,0
7651,2026-01-27 13:30:00,368,95.43,USD,restaurants,card,AR,mobile,1,0
7652,2026-01-27 13:35:00,545,135.36,USD,electronics,pix,BR,tablet,0,0
7653,2026-01-27 13:40:00,287,46.15,USD,travel,card,BR,mobile,0,0
7654,2026-01-27 13:45:00,271,183.77,USD,online_services,card,BR,mobile,0,0
7655,2026-01-27 13:50:00,130,36.34,USD,online_services,pix,MX,mobile,1,0
7656,2026-01-27 13:55:00,328,97.27,USD,groceries,pix,BR,mobile,1,0
7657,2026-01-27 14:00:00,804,50.84,USD,electronics,card,AR,mobile,1,0
7658,2026-01-27 14:05:00,936,19.12,USD,utilities,card,AR,mobile,1,0
7659,2026-01-27 14:10:00,636,39.7,USD,restaurants,pix,BR,mobile,1,0
7660,2026-01-27 14:15:00,625,54.77,USD,entertainment,pix,BR,desktop,1,0
7661,2026-01-27 14:20:00,614,32.07,USD,electronics,pix,BR,mobile,1,0
7662,2026-01-27 14:25:00,476,50.04,USD,restaurants,card,AR,mobile,1,0
7663,2026-01-27 14:30:00,424,78.68,USD,groceries,card,BR,mobile,0,0
7664,2026-01-27 14:35:00,621,32.35,USD,transport,bank_transfer,BR,mobile,1,0
7665,2026-01-27 14:40:00,785,1.74,USD,groceries,bank_transfer,US,mobile,1,0
7666,2026-01-27 14:45:00,414,177.38,USD,restaurants,pix,CO,mobile,1,0
7667,2026-01-27 14:50:00,566,24.59,USD,travel,pix,BR,desktop,0,0
7668,2026-01-27 14:55:00,471,14.54,USD,utilities,card,US,desktop,1,1
7669,2026-01-27 15:00:00,286,10.76,USD,travel,card,BR,mobile,0,0
7670,2026-01-27 15:05:00,291,23.65,USD,entertainment,pix,BR,desktop,1,0
7671,2026-01-27 15:10:00,79,18.86,USD,groceries,pix,BR,mobile,1,0
7672,2026-01-27 15:15:00,440,15.85,USD,transport,card,US,desktop,1,0
7673,2026-01-27 15:20:00,713,16.74,USD,entertainment,card,BR,mobile,1,0
7674,2026-01-27 15:25:00,686,56.25,USD,groceries,digital_wallet,MX,mobile,0,0
7675,2026-01-27 15:30:00,986,252.24,USD,travel,pix,CL,mobile,1,0
7676,2026-01-27 15:35:00,40,75.23,USD,restaurants,bank_transfer,AR,tablet,1,0
7677,2026-01-27 15:40:00,761,101.76,USD,electronics,pix,BR,desktop,1,0
7678,2026-01-27 15:45:00,796,22.71,USD,entertainment,bank_transfer,BR,mobile,0,0
7679,2026-01-27 15:50:00,437,36.77,USD,online_services,card,CO,mobile,1,0
7680,2026-01-27 15:55:00,283,50.73,USD,groceries,card,BR,desktop,0,0
7681,2026-01-27 16:00:00,358,17.12,USD,travel,pix,AR,mobile,1,0
7682,2026-01-27 16:05:00,683,21.63,USD,travel,pix,BR,mobile,0,0
7683,2026-01-27 16:10:00,863,77.83,USD,groceries,card,CO,tablet,1,0
7684,2026-01-27 16:15:00,643,98.52,USD,travel,pix,CL,mobile,1,0
7685,2026-01-27 16:20:00,515,35.42,USD,groceries,card,AR,mobile,1,0
7686,2026-01-27 16:25:00,653,10.02,USD,entertainment,card,AR,mobile,1,0
7687,2026-01-27 16:30:00,71,24.64,USD,restaurants,digital_wallet,BR,mobile,0,0
7688,2026-01-27 16:35:00,609,7.84,USD,restaurants,pix,BR,mobile,0,0
7689,2026-01-27 16:40:00,43,35.7,USD,groceries,card,BR,desktop,1,0
7690,2026-01-27 16:45:00,960,42.75,USD,electronics,card,CL,desktop,1,0
7691,2026-01-27 16:50:00,890,25.26,USD,restaurants,digital_wallet,BR,mobile,1,0
7692,2026-01-27 16:55:00,509,42.17,USD,electronics,digital_wallet,BR,desktop,1,0
7693,2026-01-27 17:00:00,375,50.24,USD,online_services,card,BR,mobile,0,0
7694,2026-01-27 17:05:00,733,42.81,USD,utilities,card,BR,mobile,1,0
7695,2026-01-27 17:10:00,638,9.96,USD,utilities,pix,AR,mobile,1,0
7696,2026-01-27 17:15:00,706,25.71,USD,electronics,card,CL,mobile,1,0
7697,2026-01-27 17:20:00,516,49.89,USD,groceries,pix,BR,mobile,1,0
7698,2026-01-27 17:25:00,237,160.57,USD,electronics,card,BR,mobile,0,0
7699,2026-01-27 17:30:00,74,25.23,USD,groceries,card,AR,desktop,0,0
7700,2026-01-27 17:35:00,284,57.45,USD,groceries,pix,AR,mobile,1,0
7701,2026-01-27 17:40:00,529,79.69,USD,transport,card,MX,mobile,1,0
7702,2026-01-27 17:45:00,425,27.2,USD,entertainment,pix,MX,desktop,0,0
7703,2026-01-27 17:50:00,507,104.42,USD,utilities,card,MX,mobile,1,0
7704,2026-01-27 17:55:00,278,110.19,USD,travel,pix,MX,mobile,0,0
7705,2026-01-27 18:00:00,938,131.68,USD,transport,digital_wallet,US,mobile,1,0
7706,2026-01-27 18:05:00,367,52.38,USD,entertainment,pix,AR,mobile,1,0
7707,2026-01-27 18:10:00,847,350.77,USD,online_services,pix,AR,mobile,0,0
7708,2026-01-27 18:15:00,391,17.9,USD,entertainment,pix,CO,mobile,1,0
7709,2026-01-27 18:20:00,444,277.02,USD,utilities,bank_transfer,BR,mobile,0,0
7710,2026-01-27 18:25:00,604,71.4,USD,online_services,pix,BR,mobile,1,1
7711,2026-01-27 18:30:00,264,126.52,USD,entertainment,card,US,mobile,1,0
7712,2026-01-27 18:35:00,220,24.05,USD,online_services,card,AR,mobile,1,0
7713,2026-01-27 18:40:00,380,77.05,USD,transport,pix,BR,mobile,0,0
7714,2026-01-27 18:45:00,805,137.96,USD,transport,bank_transfer,BR,mobile,0,0
7715,2026-01-27 18:50:00,145,11.16,USD,restaurants,card,BR,mobile,0,0
7716,2026-01-27 18:55:00,438,28.13,USD,restaurants,pix,BR,desktop,1,0
7717,2026-01-27 19:00:00,673,3.89,USD,travel,pix,AR,tablet,1,0
7718,2026-01-27 19:05:00,707,27.71,USD,online_services,card,AR,mobile,1,0
7719,2026-01-27 19:10:00,435,14.64,USD,restaurants,pix,AR,mobile,1,0
7720,2026-01-27 19:15:00,82,26.64,USD,entertainment,card,BR,desktop,1,0
7721,2026-01-27 19:20:00,16,616.24,USD,groceries,pix,BR,mobile,0,0
7722,2026-01-27 19:25:00,470,184.53,USD,online_services,bank_transfer,BR,mobile,0,0
7723,2026-01-27 19:30:00,811,7.85,USD,travel,digital_wallet,BR,mobile,0,0
7724,2026-01-27 19:35:00,29,57.73,USD,electronics,pix,CL,mobile,1,0
7725,2026-01-27 19:40:00,888,73.62,USD,transport,card,BR,mobile,0,0
7726,2026-01-27 19:45:00,676,23.62,USD,online_services,pix,US,desktop,1,0
7727,2026-01-27 19:50:00,9,39.58,USD,electronics,bank_transfer,CL,mobile,1,0
7728,2026-01-27 19:55:00,344,43.64,USD,groceries,card,BR,mobile,0,0
7729,2026-01-27 20:00:00,221,8.61,USD,travel,card,BR,mobile,1,0
7730,2026-01-27 20:05:00,950,11.81,USD,travel,card,BR,mobile,1,0
7731,2026-01-27 20:10:00,555,39.34,USD,entertainment,pix,BR,mobile,1,0
7732,2026-01-27 20:15:00,325,36.58,USD,electronics,card,US,mobile,1,0
7733,2026-01-27 20:20:00,279,16.3,USD,transport,card,CL,mobile,1,0
7734,2026-01-27 20:25:00,564,14.96,USD,groceries,pix,CO,desktop,1,0
7735,2026-01-27 20:30:00,6,30.27,USD,online_services,digital_wallet,CL,desktop,1,0
7736,2026-01-27 20:35:00,258,80.33,USD,restaurants,card,US,desktop,1,0
7737,2026-01-27 20:40:00,166,30.68,USD,transport,pix,US,mobile,1,0
7738,2026-01-27 20:45:00,621,167.79,USD,restaurants,digital_wallet,BR,desktop,1,0
7739,2026-01-27 20:50:00,670,16.51,USD,restaurants,digital_wallet,BR,mobile,1,0
7740,2026-01-27 20:55:00,468,40.17,USD,groceries,card,BR,mobile,0,0
7741,2026-01-27 21:00:00,141,23.24,USD,transport,card,BR,tablet,1,0
7742,2026-01-27 21:05:00,371,59.62,USD,online_services,card,AR,mobile,1,1
7743,2026-01-27 21:10:00,843,15.16,USD,restaurants,card,BR,mobile,1,0
7744,2026-01-27 21:15:00,204,227.56,USD,online_services,pix,MX,mobile,1,0
7745,2026-01-27 21:20:00,164,6.11,USD,entertainment,pix,BR,mobile,1,0
7746,2026-01-27 21:25:00,112,184.1,USD,online_services,bank_transfer,MX,mobile,1,0
7747,2026-01-27 21:30:00,817,36.23,USD,travel,pix,BR,mobile,0,0
7748,2026-01-27 21:35:00,120,57.54,USD,online_services,bank_transfer,BR,mobile,0,0
7749,2026-01-27 21:40:00,582,125.78,USD,travel,pix,MX,mobile,0,0
7750,2026-01-27 21:45:00,1000,78.07,USD,utilities,pix,BR,mobile,0,0
7751,2026-01-27 21:50:00,642,15.96,USD,groceries,card,CO,mobile,1,0
7752,2026-01-27 21:55:00,413,60.35,USD,online_services,bank_transfer,US,mobile,1,0
7753,2026-01-27 22:00:00,207,214.32,USD,groceries,pix,BR,mobile,1,0
7754,2026-01-27 22:05:00,2,13.64,USD,restaurants,card,BR,tablet,1,0
7755,2026-01-27 22:10:00,156,275.46,USD,entertainment,card,BR,desktop,1,0
7756,2026-01-27 22:15:00,953,48.7,USD,transport,pix,BR,mobile,0,0
7757,2026-01-27 22:20:00,144,21.47,USD,groceries,card,US,mobile,1,0
7758,2026-01-27 22:25:00,20,13.55,USD,utilities,bank_transfer,MX,desktop,1,0
7759,2026-01-27 22:30:00,817,26.49,USD,travel,card,BR,mobile,0,0
7760,2026-01-27 22:35:00,419,4.69,USD,electronics,pix,CL,desktop,0,0
7761,2026-01-27 22:40:00,357,21.86,USD,transport,card,US,desktop,1,0
7762,2026-01-27 22:45:00,718,25.46,USD,entertainment,pix,BR,mobile,1,0
7763,2026-01-27 22:50:00,524,11.31,USD,transport,bank_transfer,BR,mobile,0,0
7764,2026-01-27 22:55:00,915,69.95,USD,travel,card,MX,mobile,1,0
7765,2026-01-27 23:00:00,468,26.61,USD,restaurants,card,CO,mobile,1,0
7766,2026-01-27 23:05:00,713,17.54,USD,transport,card,BR,desktop,1,0
7767,2026-01-27 23:10:00,879,23.92,USD,groceries,card,AR,mobile,1,0
7768,2026-01-27 23:15:00,464,47.23,USD,transport,pix,BR,desktop,0,0
7769,2026-01-27 23:20:00,285,35.63,USD,electronics,card,CL,mobile,0,0
7770,2026-01-27 23:25:00,975,16.43,USD,entertainment,card,CL,mobile,1,0
7771,2026-01-27 23:30:00,227,37.55,USD,utilities,pix,BR,mobile,0,0
7772,2026-01-27 23:35:00,40,31.48,USD,travel,bank_transfer,MX,mobile,1,0
7773,2026-01-27 23:40:00,579,10.6,USD,online_services,card,AR,mobile,1,0
7774,2026-01-27 23:45:00,987,24.82,USD,transport,bank_transfer,CO,desktop,1,0
7775,2026-01-27 23:50:00,87,59.11,USD,electronics,digital_wallet,CL,mobile,0,0
7776,2026-01-27 23:55:00,850,58.68,USD,travel,pix,AR,mobile,0,0
7777,2026-01-28 00:00:00,831,26.31,USD,restaurants,pix,BR,mobile,0,0
7778,2026-01-28 00:05:00,929,65.16,USD,electronics,pix,BR,mobile,0,0
7779,2026-01-28 00:10:00,422,12.43,USD,online_services,card,CO,desktop,1,1
7780,2026-01-28 00:15:00,255,12.82,USD,electronics,digital_wallet,CL,mobile,1,0
7781,2026-01-28 00:20:00,513,25.76,USD,online_services,digital_wallet,BR,mobile,0,0
7782,2026-01-28 00:25:00,143,148.05,USD,entertainment,card,PT,mobile,1,1
7783,2026-01-28 00:30:00,843,38.99,USD,restaurants,card,MX,desktop,1,0
7784,2026-01-28 00:35:00,664,25.14,USD,electronics,card,BR,mobile,1,0
7785,2026-01-28 00:40:00,484,155.11,USD,transport,pix,BR,mobile,0,0
7786,2026-01-28 00:45:00,516,24.86,USD,online_services,digital_wallet,AR,mobile,1,0
7787,2026-01-28 00:50:00,713,309.43,USD,transport,card,BR,mobile,1,0
7788,2026-01-28 00:55:00,524,19.86,USD,electronics,pix,PT,mobile,1,0
7789,2026-01-28 01:00:00,840,12.04,USD,entertainment,bank_transfer,CL,mobile,1,0
7790,2026-01-28 01:05:00,925,28.04,USD,online_services,card,BR,mobile,1,0
7791,2026-01-28 01:10:00,950,25.81,USD,travel,pix,BR,mobile,1,0
7792,2026-01-28 01:15:00,621,14.77,USD,utilities,card,BR,mobile,1,0
7793,2026-01-28 01:20:00,743,446.74,USD,groceries,card,AR,mobile,0,0
7794,2026-01-28 01:25:00,312,45.54,USD,online_services,pix,BR,mobile,0,0
7795,2026-01-28 01:30:00,39,52.68,USD,restaurants,card,MX,mobile,1,0
7796,2026-01-28 01:35:00,401,20.87,USD,utilities,pix,CO,mobile,1,0
7797,2026-01-28 01:40:00,872,18.58,USD,travel,card,US,mobile,1,0
7798,2026-01-28 01:45:00,134,92.35,USD,travel,bank_transfer,BR,desktop,0,0
7799,2026-01-28 01:50:00,546,6.2,USD,groceries,pix,BR,desktop,1,0
7800,2026-01-28 01:55:00,193,10.56,USD,travel,digital_wallet,MX,mobile,1,1
7801,2026-01-28 02:00:00,430,25.86,USD,groceries,pix,BR,mobile,1,0
7802,2026-01-28 02:05:00,144,127.87,USD,travel,pix,BR,tablet,0,0
7803,2026-01-28 02:10:00,735,22.77,USD,electronics,card,PT,mobile,1,0
7804,2026-01-28 02:15:00,811,50.21,USD,restaurants,card,CO,desktop,1,0
7805,2026-01-28 02:20:00,759,34.05,USD,electronics,pix,US,mobile,1,0
7806,2026-01-28 02:25:00,705,121.06,USD,restaurants,pix,BR,mobile,0,0
7807,2026-01-28 02:30:00,236,6.79,USD,groceries,pix,AR,mobile,1,0
7808,2026-01-28 02:35:00,531,69.13,USD,groceries,card,AR,mobile,1,0
7809,2026-01-28 02:40:00,105,27.14,USD,transport,card,AR,mobile,1,0
7810,2026-01-28 02:45:00,375,83.5,USD,entertainment,card,BR,mobile,0,0
7811,2026-01-28 02:50:00,506,14.6,USD,travel,card,MX,mobile,1,0
7812,2026-01-28 02:55:00,669,33.93,USD,groceries,bank_transfer,BR,mobile,0,0
7813,2026-01-28 03:00:00,97,29.89,USD,electronics,pix,AR,desktop,1,0
7814,2026-01-28 03:05:00,813,12.15,USD,travel,pix,US,mobile,1,0
7815,2026-01-28 03:10:00,459,9.2,USD,restaurants,card,CO,mobile,1,0
7816,2026-01-28 03:15:00,882,18.53,USD,restaurants,bank_transfer,BR,tablet,0,0
7817,2026-01-28 03:20:00,528,37.71,USD,restaurants,card,CL,mobile,1,0
7818,2026-01-28 03:25:00,548,15.53,USD,groceries,card,AR,mobile,1,0
7819,2026-01-28 03:30:00,693,23.81,USD,restaurants,bank_transfer,BR,mobile,1,0
7820,2026-01-28 03:35:00,820,5.02,USD,travel,pix,BR,desktop,0,0
7821,2026-01-28 03:40:00,158,22.86,USD,utilities,card,CL,mobile,1,0
7822,2026-01-28 03:45:00,512,92.17,USD,utilities,card,CO,mobile,1,0
7823,2026-01-28 03:50:00,30,67.03,USD,entertainment,card,US,mobile,1,0
7824,2026-01-28 03:55:00,475,30.36,USD,transport,pix,BR,mobile,1,0
7825,2026-01-28 04:00:00,814,42.25,USD,online_services,card,BR,mobile,1,0
7826,2026-01-28 04:05:00,866,14.47,USD,online_services,pix,BR,mobile,0,0
7827,2026-01-28 04:10:00,284,168.08,USD,transport,card,PT,mobile,1,0
7828,2026-01-28 04:15:00,387,261.85,USD,groceries,pix,MX,mobile,1,0
7829,2026-01-28 04:20:00,552,39.05,USD,electronics,pix,PT,mobile,1,0
7830,2026-01-28 04:25:00,396,441.72,USD,electronics,bank_transfer,AR,mobile,1,1
7831,2026-01-28 04:30:00,179,16.77,USD,entertainment,card,BR,mobile,0,0
7832,2026-01-28 04:35:00,305,9.48,USD,restaurants,card,AR,mobile,1,0
7833,2026-01-28 04:40:00,405,16.29,USD,travel,card,BR,mobile,0,0
7834,2026-01-28 04:45:00,519,26.59,USD,transport,card,BR,mobile,0,0
7835,2026-01-28 04:50:00,921,334.31,USD,electronics,card,BR,mobile,1,1
7836,2026-01-28 04:55:00,545,25.0,USD,groceries,card,BR,mobile,0,0
7837,2026-01-28 05:00:00,388,14.02,USD,travel,bank_transfer,BR,desktop,1,0
7838,2026-01-28 05:05:00,661,13.48,USD,groceries,bank_transfer,US,desktop,1,0
7839,2026-01-28 05:10:00,774,103.55,USD,utilities,pix,CO,mobile,1,0
7840,2026-01-28 05:15:00,431,89.77,USD,entertainment,card,CO,desktop,1,0
7841,2026-01-28 05:20:00,490,20.38,USD,online_services,pix,BR,mobile,1,0
7842,2026-01-28 05:25:00,218,5.07,USD,entertainment,pix,CO,mobile,1,0
7843,2026-01-28 05:30:00,865,10.71,USD,online_services,pix,BR,mobile,1,0
7844,2026-01-28 05:35:00,867,185.16,USD,restaurants,card,BR,mobile,0,0
7845,2026-01-28 05:40:00,175,65.94,USD,groceries,bank_transfer,BR,mobile,0,0
7846,2026-01-28 05:45:00,347,35.36,USD,online_services,card,BR,mobile,0,0
7847,2026-01-28 05:50:00,272,214.61,USD,entertainment,card,US,desktop,1,0
7848,2026-01-28 05:55:00,923,234.7,USD,entertainment,card,MX,mobile,1,0
7849,2026-01-28 06:00:00,66,31.95,USD,transport,card,BR,mobile,1,0
7850,2026-01-28 06:05:00,208,32.54,USD,transport,digital_wallet,CL,mobile,1,0
7851,2026-01-28 06:10:00,315,18.5,USD,entertainment,pix,BR,mobile,0,0
7852,2026-01-28 06:15:00,561,24.91,USD,electronics,bank_transfer,BR,mobile,1,0
7853,2026-01-28 06:20:00,249,7.49,USD,groceries,digital_wallet,CL,mobile,1,1
7854,2026-01-28 06:25:00,537,7.46,USD,transport,pix,CO,mobile,1,0
7855,2026-01-28 06:30:00,748,5.91,USD,electronics,bank_transfer,CO,mobile,1,0
7856,2026-01-28 06:35:00,829,97.94,USD,utilities,digital_wallet,BR,mobile,0,1
7857,2026-01-28 06:40:00,100,6.95,USD,transport,card,AR,mobile,1,0
7858,2026-01-28 06:45:00,139,232.75,USD,electronics,card,BR,mobile,1,0
7859,2026-01-28 06:50:00,96,15.95,USD,travel,card,BR,mobile,0,0
7860,2026-01-28 06:55:00,910,188.17,USD,restaurants,pix,BR,mobile,0,0
7861,2026-01-28 07:00:00,653,22.99,USD,travel,bank_transfer,BR,mobile,0,0
7862,2026-01-28 07:05:00,532,6.92,USD,restaurants,card,BR,mobile,1,0
7863,2026-01-28 07:10:00,791,119.56,USD,online_services,bank_transfer,BR,mobile,1,0
7864,2026-01-28 07:15:00,587,134.54,USD,transport,pix,CL,mobile,1,0
7865,2026-01-28 07:20:00,236,13.38,USD,transport,card,BR,desktop,0,0
7866,2026-01-28 07:25:00,511,23.77,USD,electronics,pix,BR,mobile,1,0
7867,2026-01-28 07:30:00,704,13.39,USD,transport,bank_transfer,US,tablet,1,0
7868,2026-01-28 07:35:00,37,29.36,USD,travel,card,US,mobile,1,0
7869,2026-01-28 07:40:00,607,36.89,USD,entertainment,card,BR,mobile,0,0
7870,2026-01-28 07:45:00,498,23.3,USD,online_services,pix,BR,mobile,1,0
7871,2026-01-28 07:50:00,70,5.37,USD,online_services,card,BR,desktop,1,0
7872,2026-01-28 07:55:00,264,18.52,USD,transport,card,PT,desktop,1,0
7873,2026-01-28 08:00:00,449,66.92,USD,travel,bank_transfer,BR,mobile,1,0
7874,2026-01-28 08:05:00,343,26.87,USD,transport,card,BR,mobile,1,0
7875,2026-01-28 08:10:00,291,23.87,USD,utilities,card,CO,mobile,0,0
7876,2026-01-28 08:15:00,650,13.06,USD,groceries,bank_transfer,CO,mobile,1,0
7877,2026-01-28 08:20:00,405,17.99,USD,online_services,pix,BR,mobile,0,0
7878,2026-01-28 08:25:00,498,135.5,USD,transport,card,BR,mobile,1,0
7879,2026-01-28 08:30:00,799,10.59,USD,entertainment,card,BR,mobile,1,0
7880,2026-01-28 08:35:00,94,68.09,USD,entertainment,card,BR,mobile,0,0
7881,2026-01-28 08:40:00,360,34.71,USD,transport,card,BR,desktop,1,1
7882,2026-01-28 08:45:00,74,42.3,USD,online_services,digital_wallet,MX,mobile,1,0
7883,2026-01-28 08:50:00,928,15.92,USD,transport,card,CO,mobile,0,0
7884,2026-01-28 08:55:00,186,23.29,USD,entertainment,card,CL,desktop,0,0
7885,2026-01-28 09:00:00,820,32.93,USD,online_services,bank_transfer,CL,mobile,1,0
7886,2026-01-28 09:05:00,191,19.67,USD,groceries,bank_transfer,AR,mobile,0,0
7887,2026-01-28 09:10:00,325,46.13,USD,online_services,pix,BR,mobile,1,1
7888,2026-01-28 09:15:00,609,52.32,USD,online_services,card,CO,mobile,1,0
7889,2026-01-28 09:20:00,832,290.82,USD,electronics,card,BR,mobile,0,0
7890,2026-01-28 09:25:00,178,43.74,USD,utilities,digital_wallet,BR,mobile,1,1
7891,2026-01-28 09:30:00,214,4.89,USD,groceries,pix,BR,desktop,0,0
7892,2026-01-28 09:35:00,882,105.96,USD,restaurants,bank_transfer,CO,mobile,1,1
7893,2026-01-28 09:40:00,322,27.01,USD,utilities,card,AR,mobile,1,0
7894,2026-01-28 09:45:00,210,247.63,USD,online_services,bank_transfer,AR,mobile,0,0
7895,2026-01-28 09:50:00,744,144.16,USD,restaurants,digital_wallet,AR,desktop,1,0
7896,2026-01-28 09:55:00,92,19.98,USD,entertainment,card,MX,desktop,1,0
7897,2026-01-28 10:00:00,867,68.16,USD,groceries,card,BR,mobile,0,0
7898,2026-01-28 10:05:00,876,18.28,USD,utilities,card,BR,mobile,1,0
7899,2026-01-28 10:10:00,857,33.2,USD,online_services,pix,CO,tablet,0,0
7900,2026-01-28 10:15:00,296,65.1,USD,electronics,card,CL,mobile,1,0
7901,2026-01-28 10:20:00,115,100.79,USD,groceries,card,BR,desktop,0,0
7902,2026-01-28 10:25:00,426,81.06,USD,restaurants,pix,BR,mobile,0,0
7903,2026-01-28 10:30:00,335,35.69,USD,travel,pix,US,mobile,1,0
7904,2026-01-28 10:35:00,960,396.8,USD,utilities,card,BR,mobile,0,0
7905,2026-01-28 10:40:00,632,22.99,USD,travel,digital_wallet,US,mobile,1,0
7906,2026-01-28 10:45:00,945,6.64,USD,electronics,card,CO,mobile,1,1
7907,2026-01-28 10:50:00,751,8.05,USD,travel,pix,US,desktop,1,0
7908,2026-01-28 10:55:00,715,144.61,USD,online_services,pix,BR,mobile,0,0
7909,2026-01-28 11:00:00,112,30.67,USD,utilities,pix,AR,desktop,1,0
7910,2026-01-28 11:05:00,69,38.82,USD,restaurants,pix,BR,mobile,0,0
7911,2026-01-28 11:10:00,47,19.25,USD,restaurants,pix,BR,desktop,1,0
7912,2026-01-28 11:15:00,594,21.06,USD,transport,bank_transfer,BR,mobile,1,0
7913,2026-01-28 11:20:00,202,15.07,USD,transport,bank_transfer,BR,desktop,0,0
7914,2026-01-28 11:25:00,990,53.05,USD,entertainment,digital_wallet,BR,desktop,0,0
7915,2026-01-28 11:30:00,133,30.04,USD,online_services,digital_wallet,CL,desktop,1,0
7916,2026-01-28 11:35:00,947,51.16,USD,travel,pix,BR,mobile,0,0
7917,2026-01-28 11:40:00,668,46.5,USD,online_services,pix,BR,mobile,1,0
7918,2026-01-28 11:45:00,107,21.63,USD,electronics,card,BR,tablet,1,0
7919,2026-01-28 11:50:00,59,7.7,USD,entertainment,pix,CL,mobile,0,0
7920,2026-01-28 11:55:00,396,7.06,USD,entertainment,card,BR,mobile,0,0
7921,2026-01-28 12:00:00,339,683.11,USD,transport,card,CO,mobile,0,0
7922,2026-01-28 12:05:00,316,145.21,USD,entertainment,digital_wallet,BR,mobile,0,0
7923,2026-01-28 12:10:00,529,126.49,USD,travel,pix,AR,desktop,1,0
7924,2026-01-28 12:15:00,130,16.87,USD,travel,card,CO,desktop,1,0
7925,2026-01-28 12:20:00,130,33.43,USD,transport,pix,AR,mobile,1,0
7926,2026-01-28 12:25:00,695,14.65,USD,transport,card,CL,mobile,1,0
7927,2026-01-28 12:30:00,991,8.92,USD,utilities,bank_transfer,US,desktop,1,0
7928,2026-01-28 12:35:00,274,18.38,USD,travel,card,BR,mobile,1,0
7929,2026-01-28 12:40:00,932,124.73,USD,restaurants,pix,BR,mobile,1,0
7930,2026-01-28 12:45:00,345,76.76,USD,travel,pix,US,tablet,1,0
7931,2026-01-28 12:50:00,336,12.55,USD,travel,pix,MX,tablet,1,0
7932,2026-01-28 12:55:00,91,24.17,USD,utilities,card,CL,mobile,1,0
7933,2026-01-28 13:00:00,424,70.04,USD,utilities,bank_transfer,BR,mobile,0,1
7934,2026-01-28 13:05:00,498,18.71,USD,entertainment,bank_transfer,BR,desktop,1,0
7935,2026-01-28 13:10:00,664,35.86,USD,groceries,card,US,desktop,1,0
7936,2026-01-28 13:15:00,159,49.49,USD,electronics,card,CL,mobile,1,0
7937,2026-01-28 13:20:00,189,48.96,USD,restaurants,pix,BR,tablet,0,0
7938,2026-01-28 13:25:00,433,42.7,USD,groceries,card,BR,mobile,0,0
7939,2026-01-28 13:30:00,70,17.22,USD,online_services,card,MX,mobile,0,0
7940,2026-01-28 13:35:00,144,19.09,USD,restaurants,pix,AR,mobile,1,0
7941,2026-01-28 13:40:00,630,10.66,USD,restaurants,pix,PT,mobile,1,0
7942,2026-01-28 13:45:00,954,6.95,USD,transport,bank_transfer,BR,mobile,1,0
7943,2026-01-28 13:50:00,573,29.53,USD,electronics,digital_wallet,BR,mobile,0,0
7944,2026-01-28 13:55:00,145,74.91,USD,travel,pix,BR,mobile,0,0
7945,2026-01-28 14:00:00,991,8.33,USD,transport,card,AR,mobile,0,0
7946,2026-01-28 14:05:00,522,43.51,USD,utilities,card,BR,mobile,1,0
7947,2026-01-28 14:10:00,717,72.58,USD,restaurants,card,BR,mobile,1,0
7948,2026-01-28 14:15:00,197,5.28,USD,online_services,pix,BR,mobile,1,0
7949,2026-01-28 14:20:00,579,25.26,USD,utilities,pix,BR,desktop,1,0
7950,2026-01-28 14:25:00,77,171.78,USD,travel,digital_wallet,MX,desktop,1,0
7951,2026-01-28 14:30:00,626,57.51,USD,groceries,card,BR,mobile,0,0
7952,2026-01-28 14:35:00,203,5.1,USD,entertainment,card,AR,mobile,1,0
7953,2026-01-28 14:40:00,910,63.97,USD,entertainment,pix,CL,mobile,1,0
7954,2026-01-28 14:45:00,55,15.68,USD,travel,card,BR,mobile,0,0
7955,2026-01-28 14:50:00,653,66.11,USD,transport,card,AR,desktop,1,0
7956,2026-01-28 14:55:00,140,16.61,USD,electronics,card,MX,desktop,1,0
7957,2026-01-28 15:00:00,688,31.41,USD,electronics,card,AR,desktop,1,0
7958,2026-01-28 15:05:00,494,19.35,USD,travel,card,AR,desktop,1,0
7959,2026-01-28 15:10:00,968,33.22,USD,transport,pix,MX,mobile,1,0
7960,2026-01-28 15:15:00,652,18.78,USD,electronics,bank_transfer,US,mobile,1,0
7961,2026-01-28 15:20:00,372,26.48,USD,online_services,bank_transfer,MX,mobile,1,1
7962,2026-01-28 15:25:00,88,10.22,USD,electronics,card,BR,mobile,0,0
7963,2026-01-28 15:30:00,596,54.09,USD,travel,card,CL,mobile,1,0
7964,2026-01-28 15:35:00,442,39.46,USD,online_services,bank_transfer,AR,mobile,1,1
7965,2026-01-28 15:40:00,53,6.58,USD,online_services,digital_wallet,BR,mobile,1,0
7966,2026-01-28 15:45:00,582,89.38,USD,travel,bank_transfer,BR,mobile,1,0
7967,2026-01-28 15:50:00,210,27.76,USD,transport,pix,MX,desktop,1,0
7968,2026-01-28 15:55:00,235,38.93,USD,groceries,bank_transfer,BR,mobile,0,0
7969,2026-01-28 16:00:00,9,71.13,USD,utilities,pix,US,mobile,1,0
7970,2026-01-28 16:05:00,373,45.98,USD,travel,card,PT,mobile,1,0
7971,2026-01-28 16:10:00,219,106.19,USD,travel,card,BR,mobile,1,0
7972,2026-01-28 16:15:00,72,24.7,USD,online_services,digital_wallet,BR,tablet,1,1
7973,2026-01-28 16:20:00,435,93.17,USD,transport,digital_wallet,PT,mobile,1,1
7974,2026-01-28 16:25:00,221,37.45,USD,groceries,pix,BR,desktop,1,0
7975,2026-01-28 16:30:00,135,55.02,USD,entertainment,pix,CO,desktop,1,0
7976,2026-01-28 16:35:00,467,49.58,USD,online_services,card,BR,desktop,0,0
7977,2026-01-28 16:40:00,64,114.52,USD,restaurants,pix,BR,mobile,0,0
7978,2026-01-28 16:45:00,991,68.13,USD,online_services,card,BR,mobile,1,0
7979,2026-01-28 16:50:00,471,21.26,USD,travel,card,BR,mobile,1,0
7980,2026-01-28 16:55:00,997,17.44,USD,travel,card,US,mobile,1,0
7981,2026-01-28 17:00:00,882,31.51,USD,online_services,pix,BR,tablet,0,0
7982,2026-01-28 17:05:00,980,15.49,USD,transport,digital_wallet,BR,mobile,0,0
7983,2026-01-28 17:10:00,543,11.56,USD,entertainment,bank_transfer,CL,mobile,0,0
7984,2026-01-28 17:15:00,424,3.94,USD,groceries,card,PT,mobile,1,0
7985,2026-01-28 17:20:00,720,7.03,USD,entertainment,card,BR,mobile,0,0
7986,2026-01-28 17:25:00,81,241.15,USD,groceries,card,CO,tablet,1,0
7987,2026-01-28 17:30:00,841,17.18,USD,groceries,card,BR,mobile,1,0
7988,2026-01-28 17:35:00,324,222.17,USD,electronics,pix,MX,mobile,1,0
7989,2026-01-28 17:40:00,8,49.56,USD,transport,pix,CO,mobile,1,0
7990,2026-01-28 17:45:00,238,31.51,USD,utilities,card,US,mobile,1,0
7991,2026-01-28 17:50:00,243,7.38,USD,online_services,digital_wallet,CL,mobile,1,0
7992,2026-01-28 17:55:00,15,33.27,USD,online_services,bank_transfer,US,mobile,1,0
7993,2026-01-28 18:00:00,669,219.68,USD,travel,card,BR,mobile,0,0
7994,2026-01-28 18:05:00,96,157.22,USD,restaurants,pix,CO,mobile,1,0
7995,2026-01-28 18:10:00,847,43.56,USD,entertainment,card,CO,mobile,1,0
7996,2026-01-28 18:15:00,454,10.5,USD,electronics,pix,BR,mobile,1,0
7997,2026-01-28 18:20:00,719,12.72,USD,travel,pix,US,mobile,1,0
7998,2026-01-28 18:25:00,340,14.12,USD,travel,card,CO,mobile,1,1
7999,2026-01-28 18:30:00,132,118.88,USD,online_services,pix,US,mobile,1,0
8000,2026-01-28 18:35:00,181,169.31,USD,electronics,digital_wallet,BR,mobile,0,0
8001,2026-01-28 18:40:00,646,40.28,USD,online_services,pix,MX,desktop,1,1
8002,2026-01-28 18:45:00,717,24.46,USD,travel,pix,BR,mobile,1,0
8003,2026-01-28 18:50:00,268,155.82,USD,entertainment,bank_transfer,PT,mobile,1,0
8004,2026-01-28 18:55:00,358,12.45,USD,online_services,bank_transfer,BR,mobile,1,0
8005,2026-01-28 19:00:00,946,34.88,USD,utilities,bank_transfer,CL,mobile,0,0
8006,2026-01-28 19:05:00,852,52.61,USD,electronics,card,BR,mobile,0,0
8007,2026-01-28 19:10:00,414,13.97,USD,restaurants,card,CO,mobile,1,0
8008,2026-01-28 19:15:00,241,17.53,USD,restaurants,bank_transfer,BR,desktop,1,0
8009,2026-01-28 19:20:00,302,16.22,USD,transport,digital_wallet,US,desktop,1,0
8010,2026-01-28 19:25:00,539,136.55,USD,entertainment,pix,US,mobile,1,0
8011,2026-01-28 19:30:00,567,224.61,USD,utilities,digital_wallet,BR,mobile,0,0
8012,2026-01-28 19:35:00,185,37.14,USD,groceries,pix,MX,mobile,1,0
8013,2026-01-28 19:40:00,66,25.32,USD,electronics,card,CL,mobile,1,0
8014,2026-01-28 19:45:00,496,18.18,USD,online_services,digital_wallet,BR,mobile,0,0
8015,2026-01-28 19:50:00,798,33.17,USD,utilities,bank_transfer,BR,mobile,0,0
8016,2026-01-28 19:55:00,153,19.1,USD,online_services,pix,BR,mobile,1,0
8017,2026-01-28 20:00:00,409,30.05,USD,online_services,pix,BR,tablet,0,0
8018,2026-01-28 20:05:00,162,50.06,USD,groceries,card,AR,mobile,1,0
8019,2026-01-28 20:10:00,243,22.08,USD,entertainment,pix,AR,mobile,0,0
8020,2026-01-28 20:15:00,613,27.4,USD,travel,card,BR,mobile,1,0
8021,2026-01-28 20:20:00,287,27.51,USD,electronics,pix,PT,mobile,1,0
8022,2026-01-28 20:25:00,264,24.11,USD,utilities,pix,BR,mobile,1,0
8023,2026-01-28 20:30:00,996,21.3,USD,online_services,card,US,mobile,1,0
8024,2026-01-28 20:35:00,173,70.97,USD,electronics,card,MX,mobile,1,1
8025,2026-01-28 20:40:00,190,5.64,USD,entertainment,card,CO,mobile,1,0
8026,2026-01-28 20:45:00,930,159.86,USD,electronics,pix,AR,mobile,0,0
8027,2026-01-28 20:50:00,551,37.92,USD,entertainment,card,BR,mobile,0,0
8028,2026-01-28 20:55:00,44,60.95,USD,online_services,pix,US,mobile,1,0
8029,2026-01-28 21:00:00,425,68.38,USD,utilities,pix,CO,desktop,1,0
8030,2026-01-28 21:05:00,566,16.31,USD,restaurants,card,MX,mobile,1,0
8031,2026-01-28 21:10:00,254,13.27,USD,utilities,bank_transfer,BR,mobile,0,0
8032,2026-01-28 21:15:00,549,11.8,USD,travel,pix,AR,mobile,1,0
8033,2026-01-28 21:20:00,649,25.87,USD,travel,pix,BR,desktop,1,0
8034,2026-01-28 21:25:00,251,66.63,USD,groceries,card,CL,mobile,0,0
8035,2026-01-28 21:30:00,813,18.47,USD,electronics,pix,CO,mobile,1,0
8036,2026-01-28 21:35:00,453,60.82,USD,transport,pix,BR,mobile,0,0
8037,2026-01-28 21:40:00,964,3.1,USD,groceries,bank_transfer,BR,tablet,1,0
8038,2026-01-28 21:45:00,88,22.52,USD,utilities,card,BR,tablet,0,0
8039,2026-01-28 21:50:00,325,106.39,USD,restaurants,pix,BR,mobile,1,0
8040,2026-01-28 21:55:00,722,27.91,USD,entertainment,digital_wallet,BR,mobile,0,0
8041,2026-01-28 22:00:00,895,14.45,USD,entertainment,bank_transfer,BR,mobile,0,0
8042,2026-01-28 22:05:00,222,17.17,USD,travel,bank_transfer,BR,mobile,1,0
8043,2026-01-28 22:10:00,981,1.6,USD,utilities,card,CL,mobile,1,0
8044,2026-01-28 22:15:00,194,12.04,USD,groceries,pix,MX,desktop,1,0
8045,2026-01-28 22:20:00,417,95.32,USD,groceries,card,BR,mobile,0,0
8046,2026-01-28 22:25:00,315,18.49,USD,utilities,pix,BR,mobile,0,0
8047,2026-01-28 22:30:00,425,20.81,USD,restaurants,pix,CO,desktop,1,0
8048,2026-01-28 22:35:00,903,3.22,USD,transport,pix,BR,mobile,0,0
8049,2026-01-28 22:40:00,733,6.48,USD,entertainment,digital_wallet,BR,mobile,1,0
8050,2026-01-28 22:45:00,797,108.86,USD,travel,digital_wallet,AR,mobile,0,0
8051,2026-01-28 22:50:00,254,61.39,USD,restaurants,card,PT,mobile,1,0
8052,2026-01-28 22:55:00,947,9.05,USD,restaurants,digital_wallet,BR,mobile,0,0
8053,2026-01-28 23:00:00,436,17.63,USD,utilities,bank_transfer,PT,mobile,1,0
8054,2026-01-28 23:05:00,652,32.16,USD,travel,pix,BR,desktop,1,0
8055,2026-01-28 23:10:00,698,10.01,USD,online_services,card,BR,desktop,0,0
8056,2026-01-28 23:15:00,663,4.46,USD,travel,card,BR,mobile,1,0
8057,2026-01-28 23:20:00,602,28.24,USD,entertainment,card,CO,desktop,1,0
8058,2026-01-28 23:25:00,481,58.71,USD,transport,card,AR,mobile,1,0
8059,2026-01-28 23:30:00,648,59.85,USD,groceries,card,AR,mobile,1,0
8060,2026-01-28 23:35:00,906,79.46,USD,travel,card,PT,mobile,1,0
8061,2026-01-28 23:40:00,390,7.0,USD,entertainment,pix,AR,mobile,1,0
8062,2026-01-28 23:45:00,511,35.09,USD,electronics,pix,BR,mobile,1,0
8063,2026-01-28 23:50:00,181,25.32,USD,utilities,card,CO,mobile,1,0
8064,2026-01-28 23:55:00,356,30.35,USD,entertainment,bank_transfer,BR,mobile,0,0
8065,2026-01-29 00:00:00,773,26.8,USD,travel,card,AR,mobile,1,0
8066,2026-01-29 00:05:00,641,17.11,USD,travel,card,US,mobile,1,0
8067,2026-01-29 00:10:00,212,1.62,USD,restaurants,pix,AR,mobile,1,0
8068,2026-01-29 00:15:00,547,105.83,USD,online_services,pix,BR,desktop,1,0
8069,2026-01-29 00:20:00,812,46.06,USD,groceries,card,AR,mobile,1,0
8070,2026-01-29 00:25:00,125,7.51,USD,groceries,pix,BR,mobile,0,0
8071,2026-01-29 00:30:00,62,53.15,USD,utilities,card,BR,desktop,1,0
8072,2026-01-29 00:35:00,393,21.17,USD,groceries,card,AR,mobile,0,0
8073,2026-01-29 00:40:00,657,21.78,USD,travel,pix,BR,desktop,1,0
8074,2026-01-29 00:45:00,314,15.36,USD,restaurants,card,BR,mobile,0,0
8075,2026-01-29 00:50:00,822,56.65,USD,entertainment,digital_wallet,AR,desktop,1,0
8076,2026-01-29 00:55:00,847,14.88,USD,groceries,pix,BR,desktop,1,0
8077,2026-01-29 01:00:00,533,11.06,USD,transport,card,BR,mobile,0,0
8078,2026-01-29 01:05:00,379,102.69,USD,travel,bank_transfer,PT,mobile,1,1
8079,2026-01-29 01:10:00,42,27.69,USD,electronics,pix,BR,mobile,1,0
8080,2026-01-29 01:15:00,822,28.57,USD,restaurants,card,BR,mobile,1,0
8081,2026-01-29 01:20:00,896,66.19,USD,groceries,digital_wallet,US,mobile,1,0
8082,2026-01-29 01:25:00,443,16.99,USD,groceries,pix,BR,mobile,0,0
8083,2026-01-29 01:30:00,517,20.74,USD,restaurants,card,US,mobile,1,0
8084,2026-01-29 01:35:00,754,44.96,USD,transport,bank_transfer,CL,desktop,1,0
8085,2026-01-29 01:40:00,696,7.09,USD,groceries,digital_wallet,AR,mobile,0,0
8086,2026-01-29 01:45:00,136,41.31,USD,travel,card,BR,mobile,1,0
8087,2026-01-29 01:50:00,673,15.55,USD,online_services,card,BR,mobile,0,0
8088,2026-01-29 01:55:00,925,77.9,USD,entertainment,pix,MX,mobile,1,0
8089,2026-01-29 02:00:00,751,57.21,USD,transport,pix,BR,mobile,0,0
8090,2026-01-29 02:05:00,481,50.13,USD,electronics,card,CO,mobile,0,0
8091,2026-01-29 02:10:00,524,6.64,USD,utilities,digital_wallet,MX,mobile,1,0
8092,2026-01-29 02:15:00,260,29.86,USD,online_services,card,CO,desktop,1,0
8093,2026-01-29 02:20:00,661,10.2,USD,travel,bank_transfer,BR,mobile,1,0
8094,2026-01-29 02:25:00,242,31.92,USD,restaurants,bank_transfer,CO,mobile,1,0
8095,2026-01-29 02:30:00,342,3.27,USD,utilities,card,CO,desktop,0,0
8096,2026-01-29 02:35:00,266,7.09,USD,travel,pix,BR,mobile,0,0
8097,2026-01-29 02:40:00,336,108.75,USD,groceries,card,US,desktop,1,0
8098,2026-01-29 02:45:00,367,47.9,USD,transport,pix,BR,mobile,1,0
8099,2026-01-29 02:50:00,83,23.25,USD,travel,pix,PT,mobile,1,0
8100,2026-01-29 02:55:00,718,13.35,USD,utilities,bank_transfer,BR,desktop,1,0
8101,2026-01-29 03:00:00,441,11.2,USD,utilities,pix,BR,mobile,1,1
8102,2026-01-29 03:05:00,950,40.45,USD,restaurants,card,CL,desktop,1,0
8103,2026-01-29 03:10:00,181,23.49,USD,entertainment,card,BR,mobile,0,0
8104,2026-01-29 03:15:00,670,155.5,USD,online_services,card,BR,mobile,1,0
8105,2026-01-29 03:20:00,180,27.53,USD,utilities,pix,BR,mobile,0,0
8106,2026-01-29 03:25:00,548,35.12,USD,entertainment,digital_wallet,MX,mobile,1,0
8107,2026-01-29 03:30:00,491,8.26,USD,utilities,bank_transfer,BR,mobile,0,0
8108,2026-01-29 03:35:00,449,23.09,USD,travel,card,CL,mobile,0,0
8109,2026-01-29 03:40:00,655,39.53,USD,travel,digital_wallet,AR,mobile,1,1
8110,2026-01-29 03:45:00,829,22.81,USD,travel,card,AR,mobile,1,0
8111,2026-01-29 03:50:00,317,20.38,USD,online_services,digital_wallet,BR,mobile,1,0
8112,2026-01-29 03:55:00,850,45.92,USD,transport,card,BR,mobile,1,0
8113,2026-01-29 04:00:00,185,150.63,USD,utilities,card,PT,mobile,1,0
8114,2026-01-29 04:05:00,294,38.28,USD,groceries,bank_transfer,MX,mobile,1,0
8115,2026-01-29 04:10:00,311,103.98,USD,electronics,pix,US,mobile,1,0
8116,2026-01-29 04:15:00,954,61.66,USD,online_services,bank_transfer,CO,mobile,1,0
8117,2026-01-29 04:20:00,119,97.94,USD,restaurants,pix,MX,mobile,1,0
8118,2026-01-29 04:25:00,396,18.0,USD,utilities,card,PT,mobile,1,0
8119,2026-01-29 04:30:00,425,26.93,USD,travel,card,AR,mobile,1,1
8120,2026-01-29 04:35:00,801,27.04,USD,restaurants,card,US,mobile,1,0
8121,2026-01-29 04:40:00,486,57.18,USD,groceries,pix,BR,mobile,0,0
8122,2026-01-29 04:45:00,967,73.14,USD,groceries,card,BR,mobile,0,0
8123,2026-01-29 04:50:00,741,37.53,USD,electronics,card,AR,mobile,1,0
8124,2026-01-29 04:55:00,704,79.58,USD,transport,card,AR,mobile,1,0
8125,2026-01-29 05:00:00,753,18.85,USD,online_services,pix,BR,desktop,1,0
8126,2026-01-29 05:05:00,162,80.27,USD,utilities,card,AR,mobile,1,0
8127,2026-01-29 05:10:00,450,91.45,USD,restaurants,card,AR,desktop,1,0
8128,2026-01-29 05:15:00,587,65.2,USD,travel,card,US,mobile,1,0
8129,2026-01-29 05:20:00,209,37.87,USD,utilities,bank_transfer,BR,desktop,0,0
8130,2026-01-29 05:25:00,119,67.58,USD,entertainment,pix,BR,desktop,1,0
8131,2026-01-29 05:30:00,136,13.54,USD,groceries,card,CO,mobile,1,0
8132,2026-01-29 05:35:00,790,40.38,USD,groceries,bank_transfer,CL,mobile,1,0
8133,2026-01-29 05:40:00,657,44.72,USD,travel,pix,MX,desktop,1,0
8134,2026-01-29 05:45:00,282,8.76,USD,online_services,pix,BR,mobile,0,0
8135,2026-01-29 05:50:00,738,53.23,USD,groceries,card,BR,mobile,1,0
8136,2026-01-29 05:55:00,696,9.5,USD,restaurants,card,US,mobile,1,0
8137,2026-01-29 06:00:00,817,21.59,USD,restaurants,bank_transfer,BR,mobile,0,0
8138,2026-01-29 06:05:00,911,34.46,USD,transport,card,CL,desktop,1,0
8139,2026-01-29 06:10:00,883,15.95,USD,online_services,pix,BR,mobile,1,0
8140,2026-01-29 06:15:00,182,35.97,USD,online_services,card,BR,desktop,0,0
8141,2026-01-29 06:20:00,770,35.39,USD,transport,card,MX,mobile,1,0
8142,2026-01-29 06:25:00,393,14.58,USD,entertainment,pix,BR,mobile,1,0
8143,2026-01-29 06:30:00,404,58.44,USD,groceries,card,BR,tablet,0,0
8144,2026-01-29 06:35:00,648,15.42,USD,travel,card,CO,mobile,1,0
8145,2026-01-29 06:40:00,603,326.35,USD,entertainment,pix,BR,desktop,0,1
8146,2026-01-29 06:45:00,420,29.68,USD,utilities,card,BR,mobile,1,0
8147,2026-01-29 06:50:00,1000,10.26,USD,utilities,digital_wallet,AR,mobile,1,1
8148,2026-01-29 06:55:00,175,12.37,USD,groceries,pix,BR,mobile,0,0
8149,2026-01-29 07:00:00,97,104.33,USD,electronics,bank_transfer,CL,mobile,1,0
8150,2026-01-29 07:05:00,30,22.0,USD,groceries,digital_wallet,BR,desktop,1,0
8151,2026-01-29 07:10:00,815,8.47,USD,groceries,card,BR,desktop,0,0
8152,2026-01-29 07:15:00,407,77.77,USD,restaurants,bank_transfer,BR,mobile,1,0
8153,2026-01-29 07:20:00,438,21.85,USD,online_services,digital_wallet,US,desktop,1,0
8154,2026-01-29 07:25:00,650,63.65,USD,transport,pix,BR,desktop,0,0
8155,2026-01-29 07:30:00,436,84.4,USD,entertainment,pix,US,tablet,1,0
8156,2026-01-29 07:35:00,574,43.57,USD,entertainment,card,BR,desktop,1,0
8157,2026-01-29 07:40:00,59,363.55,USD,utilities,card,BR,mobile,1,0
8158,2026-01-29 07:45:00,157,5.9,USD,travel,card,CO,desktop,1,0
8159,2026-01-29 07:50:00,933,14.62,USD,online_services,card,BR,mobile,0,0
8160,2026-01-29 07:55:00,451,25.64,USD,electronics,pix,CL,mobile,0,0
8161,2026-01-29 08:00:00,168,317.72,USD,utilities,pix,US,desktop,1,0
8162,2026-01-29 08:05:00,370,199.94,USD,utilities,card,MX,mobile,1,0
8163,2026-01-29 08:10:00,335,120.14,USD,travel,card,AR,mobile,1,0
8164,2026-01-29 08:15:00,275,14.97,USD,transport,card,CO,mobile,1,0
8165,2026-01-29 08:20:00,294,16.82,USD,restaurants,digital_wallet,BR,mobile,0,0
8166,2026-01-29 08:25:00,730,14.46,USD,groceries,bank_transfer,CO,desktop,1,0
8167,2026-01-29 08:30:00,107,15.13,USD,electronics,card,BR,mobile,1,0
8168,2026-01-29 08:35:00,310,147.33,USD,electronics,bank_transfer,BR,mobile,0,0
8169,2026-01-29 08:40:00,468,25.95,USD,restaurants,bank_transfer,AR,mobile,1,0
8170,2026-01-29 08:45:00,541,29.62,USD,utilities,bank_transfer,BR,mobile,1,0
8171,2026-01-29 08:50:00,881,71.84,USD,restaurants,bank_transfer,CO,mobile,1,0
8172,2026-01-29 08:55:00,924,6.27,USD,electronics,pix,BR,mobile,1,0
8173,2026-01-29 09:00:00,298,34.91,USD,electronics,card,BR,mobile,0,0
8174,2026-01-29 09:05:00,540,11.06,USD,online_services,bank_transfer,CL,tablet,0,0
8175,2026-01-29 09:10:00,23,24.67,USD,groceries,bank_transfer,AR,mobile,1,0
8176,2026-01-29 09:15:00,618,18.42,USD,utilities,card,PT,desktop,1,0
8177,2026-01-29 09:20:00,153,17.5,USD,entertainment,pix,BR,mobile,1,0
8178,2026-01-29 09:25:00,74,41.5,USD,utilities,pix,BR,mobile,1,0
8179,2026-01-29 09:30:00,672,41.31,USD,utilities,pix,BR,desktop,1,0
8180,2026-01-29 09:35:00,179,26.58,USD,utilities,pix,BR,mobile,0,0
8181,2026-01-29 09:40:00,478,47.98,USD,electronics,card,BR,mobile,0,0
8182,2026-01-29 09:45:00,101,13.89,USD,travel,pix,CO,mobile,0,0
8183,2026-01-29 09:50:00,746,65.47,USD,transport,card,BR,mobile,1,0
8184,2026-01-29 09:55:00,765,26.95,USD,online_services,card,US,mobile,1,0
8185,2026-01-29 10:00:00,575,20.42,USD,restaurants,pix,AR,mobile,1,0
8186,2026-01-29 10:05:00,836,14.96,USD,travel,card,CL,mobile,1,0
8187,2026-01-29 10:10:00,437,26.01,USD,restaurants,card,BR,mobile,0,0
8188,2026-01-29 10:15:00,187,215.0,USD,transport,card,BR,mobile,1,0
8189,2026-01-29 10:20:00,152,31.08,USD,online_services,pix,BR,desktop,0,0
8190,2026-01-29 10:25:00,220,10.54,USD,restaurants,card,AR,mobile,1,0
8191,2026-01-29 10:30:00,201,83.0,USD,online_services,card,AR,mobile,0,0
8192,2026-01-29 10:35:00,324,20.66,USD,utilities,bank_transfer,BR,mobile,0,0
8193,2026-01-29 10:40:00,215,43.98,USD,transport,pix,BR,tablet,1,0
8194,2026-01-29 10:45:00,592,18.07,USD,transport,pix,PT,mobile,1,0
8195,2026-01-29 10:50:00,149,119.2,USD,groceries,pix,BR,mobile,1,0
8196,2026-01-29 10:55:00,622,18.34,USD,utilities,card,BR,desktop,1,0
8197,2026-01-29 11:00:00,335,134.0,USD,entertainment,card,BR,mobile,0,0
8198,2026-01-29 11:05:00,687,11.6,USD,online_services,card,BR,mobile,0,0
8199,2026-01-29 11:10:00,513,24.71,USD,transport,bank_transfer,BR,mobile,0,0
8200,2026-01-29 11:15:00,906,134.29,USD,electronics,pix,CL,mobile,1,0
8201,2026-01-29 11:20:00,440,39.18,USD,entertainment,bank_transfer,CL,mobile,1,0
8202,2026-01-29 11:25:00,296,321.01,USD,transport,digital_wallet,CL,mobile,1,0
8203,2026-01-29 11:30:00,590,25.3,USD,transport,card,BR,tablet,0,0
8204,2026-01-29 11:35:00,659,42.82,USD,restaurants,digital_wallet,BR,tablet,0,0
8205,2026-01-29 11:40:00,440,222.55,USD,online_services,pix,MX,mobile,1,0
8206,2026-01-29 11:45:00,560,7.29,USD,electronics,pix,BR,mobile,1,0
8207,2026-01-29 11:50:00,471,6.44,USD,utilities,pix,BR,mobile,1,0
8208,2026-01-29 11:55:00,306,14.95,USD,entertainment,pix,AR,desktop,1,0
8209,2026-01-29 12:00:00,314,74.69,USD,travel,card,CO,mobile,1,0
8210,2026-01-29 12:05:00,908,6.62,USD,transport,card,BR,mobile,1,0
8211,2026-01-29 12:10:00,676,60.16,USD,transport,card,US,tablet,1,0
8212,2026-01-29 12:15:00,96,56.08,USD,electronics,card,BR,desktop,0,0
8213,2026-01-29 12:20:00,963,248.24,USD,restaurants,card,PT,mobile,1,0
8214,2026-01-29 12:25:00,713,94.21,USD,travel,card,BR,mobile,1,0
8215,2026-01-29 12:30:00,51,47.66,USD,groceries,digital_wallet,CO,desktop,1,0
8216,2026-01-29 12:35:00,728,128.91,USD,transport,card,BR,mobile,1,0
8217,2026-01-29 12:40:00,590,56.76,USD,entertainment,digital_wallet,MX,desktop,1,0
8218,2026-01-29 12:45:00,916,20.9,USD,groceries,pix,AR,mobile,0,0
8219,2026-01-29 12:50:00,490,10.54,USD,groceries,card,US,mobile,1,0
8220,2026-01-29 12:55:00,519,18.74,USD,restaurants,card,CO,desktop,1,0
8221,2026-01-29 13:00:00,315,31.81,USD,utilities,card,AR,desktop,1,0
8222,2026-01-29 13:05:00,322,39.45,USD,utilities,card,BR,mobile,1,0
8223,2026-01-29 13:10:00,618,3.91,USD,groceries,card,BR,desktop,1,0
8224,2026-01-29 13:15:00,828,26.59,USD,transport,bank_transfer,PT,mobile,1,0
8225,2026-01-29 13:20:00,891,34.08,USD,groceries,card,US,desktop,1,0
8226,2026-01-29 13:25:00,771,57.26,USD,groceries,pix,BR,mobile,0,0
8227,2026-01-29 13:30:00,610,168.48,USD,online_services,pix,BR,tablet,0,0
8228,2026-01-29 13:35:00,501,39.87,USD,electronics,pix,BR,mobile,1,0
8229,2026-01-29 13:40:00,340,13.34,USD,utilities,digital_wallet,BR,desktop,1,0
8230,2026-01-29 13:45:00,768,5.38,USD,entertainment,card,BR,mobile,0,0
8231,2026-01-29 13:50:00,319,65.83,USD,electronics,card,MX,mobile,1,0
8232,2026-01-29 13:55:00,268,13.89,USD,utilities,digital_wallet,BR,mobile,1,0
8233,2026-01-29 14:00:00,868,78.79,USD,restaurants,digital_wallet,US,mobile,1,0
8234,2026-01-29 14:05:00,590,133.94,USD,electronics,bank_transfer,PT,desktop,1,0
8235,2026-01-29 14:10:00,355,7.07,USD,electronics,bank_transfer,BR,mobile,1,0
8236,2026-01-29 14:15:00,866,57.62,USD,travel,card,AR,mobile,1,0
8237,2026-01-29 14:20:00,963,120.62,USD,restaurants,pix,AR,mobile,1,0
8238,2026-01-29 14:25:00,318,91.75,USD,entertainment,card,BR,mobile,0,0
8239,2026-01-29 14:30:00,522,4.07,USD,utilities,pix,CO,mobile,1,0
8240,2026-01-29 14:35:00,484,14.1,USD,online_services,bank_transfer,AR,desktop,1,0
8241,2026-01-29 14:40:00,702,9.21,USD,online_services,card,BR,mobile,0,0
8242,2026-01-29 14:45:00,952,55.89,USD,entertainment,pix,US,mobile,1,0
8243,2026-01-29 14:50:00,549,50.07,USD,utilities,bank_transfer,BR,mobile,1,0
8244,2026-01-29 14:55:00,799,2.23,USD,entertainment,card,BR,mobile,1,0
8245,2026-01-29 15:00:00,596,24.51,USD,online_services,pix,PT,mobile,1,0
8246,2026-01-29 15:05:00,888,73.75,USD,groceries,bank_transfer,BR,mobile,0,0
8247,2026-01-29 15:10:00,405,38.4,USD,restaurants,card,BR,mobile,0,0
8248,2026-01-29 15:15:00,386,38.33,USD,electronics,card,BR,desktop,1,0
8249,2026-01-29 15:20:00,423,22.99,USD,travel,card,BR,tablet,1,0
8250,2026-01-29 15:25:00,997,11.49,USD,online_services,card,BR,mobile,0,0
8251,2026-01-29 15:30:00,612,32.56,USD,groceries,pix,CL,mobile,1,0
8252,2026-01-29 15:35:00,153,34.89,USD,restaurants,pix,BR,mobile,1,1
8253,2026-01-29 15:40:00,41,61.27,USD,utilities,card,AR,mobile,1,0
8254,2026-01-29 15:45:00,519,66.45,USD,transport,pix,BR,mobile,0,0
8255,2026-01-29 15:50:00,806,36.08,USD,groceries,card,BR,mobile,1,0
8256,2026-01-29 15:55:00,480,98.98,USD,entertainment,bank_transfer,US,mobile,1,0
8257,2026-01-29 16:00:00,561,22.76,USD,online_services,card,CO,mobile,1,0
8258,2026-01-29 16:05:00,799,7.81,USD,online_services,pix,CO,mobile,0,0
8259,2026-01-29 16:10:00,517,53.36,USD,utilities,card,BR,mobile,0,0
8260,2026-01-29 16:15:00,909,37.58,USD,groceries,bank_transfer,AR,desktop,1,0
8261,2026-01-29 16:20:00,638,54.43,USD,restaurants,pix,MX,mobile,1,0
8262,2026-01-29 16:25:00,732,9.35,USD,utilities,digital_wallet,US,mobile,1,0
8263,2026-01-29 16:30:00,782,198.5,USD,entertainment,card,CO,mobile,1,0
8264,2026-01-29 16:35:00,627,67.39,USD,restaurants,bank_transfer,AR,mobile,1,0
8265,2026-01-29 16:40:00,51,24.83,USD,electronics,card,BR,mobile,0,0
8266,2026-01-29 16:45:00,428,12.99,USD,utilities,card,BR,mobile,1,0
8267,2026-01-29 16:50:00,142,97.24,USD,online_services,pix,BR,mobile,1,0
8268,2026-01-29 16:55:00,511,11.0,USD,online_services,card,BR,mobile,1,1
8269,2026-01-29 17:00:00,144,317.78,USD,electronics,bank_transfer,BR,mobile,0,0
8270,2026-01-29 17:05:00,510,17.94,USD,utilities,card,BR,mobile,0,0
8271,2026-01-29 17:10:00,344,185.03,USD,groceries,bank_transfer,AR,tablet,1,0
8272,2026-01-29 17:15:00,21,27.54,USD,online_services,pix,AR,mobile,0,0
8273,2026-01-29 17:20:00,125,160.89,USD,restaurants,pix,AR,mobile,1,0
8274,2026-01-29 17:25:00,504,15.88,USD,online_services,pix,BR,mobile,1,1
8275,2026-01-29 17:30:00,79,33.75,USD,groceries,pix,AR,desktop,0,0
8276,2026-01-29 17:35:00,856,74.05,USD,online_services,pix,PT,mobile,1,0
8277,2026-01-29 17:40:00,759,64.2,USD,travel,pix,BR,mobile,0,0
8278,2026-01-29 17:45:00,710,99.56,USD,travel,pix,US,mobile,1,0
8279,2026-01-29 17:50:00,173,20.34,USD,entertainment,bank_transfer,BR,desktop,1,0
8280,2026-01-29 17:55:00,796,36.05,USD,electronics,card,CL,mobile,1,0
8281,2026-01-29 18:00:00,635,115.4,USD,online_services,card,AR,mobile,1,1
8282,2026-01-29 18:05:00,391,16.36,USD,groceries,pix,CL,mobile,1,0
8283,2026-01-29 18:10:00,1,58.71,USD,entertainment,pix,US,mobile,1,0
8284,2026-01-29 18:15:00,529,26.6,USD,restaurants,digital_wallet,BR,mobile,0,0
8285,2026-01-29 18:20:00,796,40.69,USD,groceries,digital_wallet,CO,mobile,1,0
8286,2026-01-29 18:25:00,34,36.04,USD,entertainment,bank_transfer,US,mobile,1,0
8287,2026-01-29 18:30:00,53,15.06,USD,entertainment,pix,MX,mobile,1,0
8288,2026-01-29 18:35:00,383,25.52,USD,restaurants,bank_transfer,BR,mobile,1,0
8289,2026-01-29 18:40:00,512,38.28,USD,entertainment,card,BR,desktop,1,0
8290,2026-01-29 18:45:00,475,29.88,USD,online_services,card,US,mobile,1,0
8291,2026-01-29 18:50:00,427,159.61,USD,entertainment,bank_transfer,CO,mobile,1,0
8292,2026-01-29 18:55:00,256,90.92,USD,restaurants,bank_transfer,PT,mobile,1,0
8293,2026-01-29 19:00:00,60,44.26,USD,groceries,card,BR,mobile,1,0
8294,2026-01-29 19:05:00,32,15.44,USD,groceries,bank_transfer,MX,mobile,1,0
8295,2026-01-29 19:10:00,99,14.53,USD,travel,bank_transfer,MX,mobile,0,0
8296,2026-01-29 19:15:00,691,238.37,USD,restaurants,card,US,mobile,1,0
8297,2026-01-29 19:20:00,786,12.06,USD,transport,card,CL,tablet,1,0
8298,2026-01-29 19:25:00,436,37.11,USD,groceries,bank_transfer,BR,mobile,0,0
8299,2026-01-29 19:30:00,78,47.51,USD,electronics,card,CL,desktop,1,0
8300,2026-01-29 19:35:00,416,24.26,USD,restaurants,card,CL,desktop,1,0
8301,2026-01-29 19:40:00,986,12.16,USD,electronics,pix,BR,mobile,0,0
8302,2026-01-29 19:45:00,250,15.11,USD,travel,bank_transfer,BR,desktop,1,0
8303,2026-01-29 19:50:00,492,19.17,USD,online_services,bank_transfer,US,mobile,1,0
8304,2026-01-29 19:55:00,538,16.29,USD,transport,pix,BR,mobile,1,0
8305,2026-01-29 20:00:00,330,124.93,USD,transport,bank_transfer,BR,mobile,1,0
8306,2026-01-29 20:05:00,439,32.81,USD,utilities,pix,CL,mobile,1,0
8307,2026-01-29 20:10:00,472,19.61,USD,online_services,pix,PT,mobile,1,0
8308,2026-01-29 20:15:00,474,36.85,USD,electronics,card,CL,mobile,1,0
8309,2026-01-29 20:20:00,718,64.58,USD,transport,card,BR,mobile,1,0
8310,2026-01-29 20:25:00,581,23.46,USD,entertainment,pix,BR,mobile,1,0
8311,2026-01-29 20:30:00,54,81.61,USD,utilities,card,BR,mobile,1,0
8312,2026-01-29 20:35:00,7,9.29,USD,entertainment,card,BR,mobile,0,0
8313,2026-01-29 20:40:00,411,106.84,USD,entertainment,card,MX,desktop,1,0
8314,2026-01-29 20:45:00,908,32.82,USD,restaurants,card,BR,tablet,1,0
8315,2026-01-29 20:50:00,37,31.56,USD,transport,pix,BR,mobile,1,0
8316,2026-01-29 20:55:00,72,16.56,USD,groceries,card,US,tablet,1,0
8317,2026-01-29 21:00:00,680,9.7,USD,electronics,card,BR,tablet,0,0
8318,2026-01-29 21:05:00,451,6.25,USD,utilities,bank_transfer,BR,mobile,1,0
8319,2026-01-29 21:10:00,231,15.44,USD,restaurants,bank_transfer,AR,desktop,0,0
8320,2026-01-29 21:15:00,208,59.6,USD,entertainment,pix,BR,desktop,1,0
8321,2026-01-29 21:20:00,666,12.66,USD,electronics,card,BR,desktop,0,0
8322,2026-01-29 21:25:00,524,7.04,USD,restaurants,pix,PT,mobile,1,0
8323,2026-01-29 21:30:00,639,13.34,USD,restaurants,pix,MX,desktop,1,0
8324,2026-01-29 21:35:00,281,22.54,USD,entertainment,card,CO,mobile,1,0
8325,2026-01-29 21:40:00,527,23.44,USD,utilities,card,CL,mobile,1,0
8326,2026-01-29 21:45:00,861,29.11,USD,transport,card,BR,mobile,0,0
8327,2026-01-29 21:50:00,317,93.0,USD,online_services,card,MX,desktop,1,0
8328,2026-01-29 21:55:00,397,115.5,USD,groceries,card,AR,desktop,0,0
8329,2026-01-29 22:00:00,164,246.03,USD,travel,card,BR,mobile,1,0
8330,2026-01-29 22:05:00,639,6.52,USD,restaurants,pix,BR,mobile,1,0
8331,2026-01-29 22:10:00,33,14.07,USD,online_services,pix,AR,mobile,1,0
8332,2026-01-29 22:15:00,249,66.59,USD,utilities,pix,BR,mobile,1,0
8333,2026-01-29 22:20:00,714,21.03,USD,groceries,digital_wallet,BR,tablet,1,0
8334,2026-01-29 22:25:00,20,78.32,USD,electronics,card,BR,mobile,1,0
8335,2026-01-29 22:30:00,990,40.74,USD,entertainment,bank_transfer,AR,desktop,1,0
8336,2026-01-29 22:35:00,405,160.65,USD,travel,card,BR,desktop,0,0
8337,2026-01-29 22:40:00,399,93.95,USD,electronics,bank_transfer,AR,mobile,1,0
8338,2026-01-29 22:45:00,537,95.68,USD,restaurants,pix,BR,mobile,1,0
8339,2026-01-29 22:50:00,640,21.94,USD,travel,pix,AR,mobile,1,0
8340,2026-01-29 22:55:00,460,30.04,USD,groceries,pix,BR,mobile,0,0
8341,2026-01-29 23:00:00,885,24.4,USD,transport,pix,BR,desktop,1,1
8342,2026-01-29 23:05:00,963,7.35,USD,restaurants,pix,CL,desktop,1,1
8343,2026-01-29 23:10:00,201,144.28,USD,entertainment,card,CL,mobile,1,0
8344,2026-01-29 23:15:00,707,69.78,USD,electronics,card,BR,mobile,1,0
8345,2026-01-29 23:20:00,301,23.45,USD,electronics,bank_transfer,AR,mobile,0,0
8346,2026-01-29 23:25:00,996,122.07,USD,utilities,pix,MX,mobile,1,0
8347,2026-01-29 23:30:00,254,17.63,USD,electronics,card,BR,mobile,0,0
8348,2026-01-29 23:35:00,296,5.27,USD,utilities,digital_wallet,AR,mobile,1,0
8349,2026-01-29 23:40:00,715,90.68,USD,online_services,digital_wallet,BR,mobile,0,0
8350,2026-01-29 23:45:00,790,9.22,USD,restaurants,pix,MX,desktop,1,0
8351,2026-01-29 23:50:00,129,27.23,USD,entertainment,pix,BR,mobile,1,0
8352,2026-01-29 23:55:00,556,40.7,USD,groceries,card,US,mobile,1,0
8353,2026-01-30 00:00:00,346,48.69,USD,entertainment,pix,CL,mobile,1,0
8354,2026-01-30 00:05:00,612,77.35,USD,restaurants,digital_wallet,AR,desktop,1,0
8355,2026-01-30 00:10:00,557,59.2,USD,transport,card,BR,desktop,0,0
8356,2026-01-30 00:15:00,986,57.39,USD,utilities,card,AR,mobile,1,0
8357,2026-01-30 00:20:00,934,15.02,USD,restaurants,bank_transfer,BR,mobile,1,0
8358,2026-01-30 00:25:00,654,44.44,USD,travel,card,BR,desktop,1,0
8359,2026-01-30 00:30:00,680,7.35,USD,utilities,digital_wallet,BR,mobile,0,0
8360,2026-01-30 00:35:00,899,157.93,USD,utilities,card,CL,mobile,1,0
8361,2026-01-30 00:40:00,184,8.15,USD,restaurants,card,CO,mobile,1,0
8362,2026-01-30 00:45:00,726,23.42,USD,transport,digital_wallet,US,mobile,1,0
8363,2026-01-30 00:50:00,773,8.86,USD,travel,card,BR,desktop,0,0
8364,2026-01-30 00:55:00,128,15.96,USD,travel,pix,US,mobile,1,0
8365,2026-01-30 01:00:00,882,33.56,USD,restaurants,card,MX,desktop,1,0
8366,2026-01-30 01:05:00,700,19.52,USD,travel,pix,US,desktop,1,0
8367,2026-01-30 01:10:00,348,103.98,USD,groceries,card,CO,mobile,1,0
8368,2026-01-30 01:15:00,485,41.55,USD,entertainment,bank_transfer,BR,mobile,0,0
8369,2026-01-30 01:20:00,490,20.84,USD,entertainment,digital_wallet,US,mobile,1,0
8370,2026-01-30 01:25:00,919,28.97,USD,electronics,card,AR,desktop,0,0
8371,2026-01-30 01:30:00,970,112.13,USD,restaurants,card,CO,mobile,1,0
8372,2026-01-30 01:35:00,807,82.18,USD,restaurants,pix,BR,mobile,0,0
8373,2026-01-30 01:40:00,653,10.6,USD,entertainment,digital_wallet,BR,mobile,0,0
8374,2026-01-30 01:45:00,105,16.77,USD,electronics,card,BR,mobile,0,0
8375,2026-01-30 01:50:00,915,53.24,USD,online_services,digital_wallet,AR,mobile,1,0
8376,2026-01-30 01:55:00,134,47.15,USD,online_services,bank_transfer,BR,mobile,0,0
8377,2026-01-30 02:00:00,167,11.58,USD,electronics,pix,US,mobile,1,1
8378,2026-01-30 02:05:00,70,70.04,USD,transport,card,BR,mobile,1,0
8379,2026-01-30 02:10:00,948,13.59,USD,utilities,pix,BR,mobile,1,0
8380,2026-01-30 02:15:00,494,121.98,USD,entertainment,pix,BR,tablet,0,0
8381,2026-01-30 02:20:00,236,56.23,USD,restaurants,pix,BR,desktop,0,0
8382,2026-01-30 02:25:00,81,10.68,USD,online_services,card,BR,mobile,1,0
8383,2026-01-30 02:30:00,412,19.51,USD,restaurants,pix,CO,mobile,1,0
8384,2026-01-30 02:35:00,724,19.17,USD,travel,bank_transfer,PT,mobile,1,0
8385,2026-01-30 02:40:00,995,38.86,USD,restaurants,pix,BR,mobile,1,0
8386,2026-01-30 02:45:00,553,27.01,USD,electronics,pix,BR,desktop,1,1
8387,2026-01-30 02:50:00,608,10.53,USD,travel,card,CO,mobile,1,0
8388,2026-01-30 02:55:00,836,8.21,USD,groceries,card,BR,mobile,1,0
8389,2026-01-30 03:00:00,902,57.34,USD,transport,card,CO,mobile,1,0
8390,2026-01-30 03:05:00,280,44.09,USD,utilities,card,AR,mobile,1,0
8391,2026-01-30 03:10:00,992,36.8,USD,online_services,pix,US,mobile,1,0
8392,2026-01-30 03:15:00,520,43.41,USD,online_services,bank_transfer,BR,desktop,1,0
8393,2026-01-30 03:20:00,931,17.83,USD,utilities,card,PT,mobile,1,0
8394,2026-01-30 03:25:00,118,39.8,USD,online_services,card,PT,mobile,1,0
8395,2026-01-30 03:30:00,98,419.27,USD,restaurants,bank_transfer,BR,mobile,0,0
8396,2026-01-30 03:35:00,885,107.19,USD,restaurants,card,AR,mobile,1,0
8397,2026-01-30 03:40:00,673,24.82,USD,electronics,digital_wallet,BR,mobile,0,0
8398,2026-01-30 03:45:00,176,19.62,USD,online_services,pix,BR,mobile,0,0
8399,2026-01-30 03:50:00,895,1.9,USD,utilities,digital_wallet,PT,mobile,1,0
8400,2026-01-30 03:55:00,103,96.42,USD,transport,pix,BR,desktop,0,0
8401,2026-01-30 04:00:00,683,72.72,USD,groceries,digital_wallet,BR,mobile,0,0
8402,2026-01-30 04:05:00,206,19.22,USD,travel,pix,BR,mobile,0,0
8403,2026-01-30 04:10:00,71,7.91,USD,transport,card,AR,mobile,1,0
8404,2026-01-30 04:15:00,807,10.43,USD,restaurants,bank_transfer,US,desktop,1,0
8405,2026-01-30 04:20:00,848,51.65,USD,restaurants,card,CL,tablet,1,0
8406,2026-01-30 04:25:00,106,30.29,USD,restaurants,pix,CL,mobile,1,1
8407,2026-01-30 04:30:00,94,66.13,USD,transport,card,BR,mobile,0,0
8408,2026-01-30 04:35:00,615,36.11,USD,travel,bank_transfer,CO,mobile,1,0
8409,2026-01-30 04:40:00,29,87.07,USD,restaurants,bank_transfer,BR,mobile,1,0
8410,2026-01-30 04:45:00,747,47.92,USD,electronics,bank_transfer,AR,desktop,1,0
8411,2026-01-30 04:50:00,916,75.85,USD,online_services,card,AR,desktop,0,0
8412,2026-01-30 04:55:00,752,4.1,USD,online_services,digital_wallet,PT,mobile,1,0
8413,2026-01-30 05:00:00,231,9.64,USD,utilities,bank_transfer,CO,mobile,1,0
8414,2026-01-30 05:05:00,191,23.0,USD,transport,card,CL,mobile,1,0
8415,2026-01-30 05:10:00,681,97.47,USD,restaurants,card,BR,desktop,1,0
8416,2026-01-30 05:15:00,62,217.14,USD,online_services,card,BR,mobile,1,0
8417,2026-01-30 05:20:00,538,28.1,USD,electronics,card,AR,mobile,1,0
8418,2026-01-30 05:25:00,449,17.96,USD,electronics,pix,CL,mobile,0,0
8419,2026-01-30 05:30:00,745,4.69,USD,electronics,card,CO,mobile,0,0
8420,2026-01-30 05:35:00,203,78.54,USD,restaurants,card,CL,desktop,1,0
8421,2026-01-30 05:40:00,763,19.1,USD,entertainment,pix,BR,mobile,0,0
8422,2026-01-30 05:45:00,700,638.0,USD,restaurants,pix,BR,tablet,0,0
8423,2026-01-30 05:50:00,239,15.81,USD,restaurants,bank_transfer,BR,mobile,0,0
8424,2026-01-30 05:55:00,357,271.86,USD,utilities,card,CO,mobile,1,0
8425,2026-01-30 06:00:00,67,69.99,USD,entertainment,pix,PT,desktop,1,0
8426,2026-01-30 06:05:00,450,11.84,USD,utilities,digital_wallet,AR,desktop,1,0
8427,2026-01-30 06:10:00,261,41.77,USD,entertainment,card,CL,mobile,1,0
8428,2026-01-30 06:15:00,114,71.62,USD,groceries,pix,CL,mobile,1,0
8429,2026-01-30 06:20:00,560,26.44,USD,electronics,digital_wallet,BR,mobile,1,0
8430,2026-01-30 06:25:00,568,76.55,USD,electronics,pix,BR,mobile,0,0
8431,2026-01-30 06:30:00,86,74.89,USD,transport,bank_transfer,BR,mobile,1,1
8432,2026-01-30 06:35:00,186,60.12,USD,electronics,digital_wallet,US,mobile,1,0
8433,2026-01-30 06:40:00,83,32.57,USD,electronics,card,BR,mobile,1,0
8434,2026-01-30 06:45:00,679,10.23,USD,travel,bank_transfer,AR,desktop,1,0
8435,2026-01-30 06:50:00,339,30.67,USD,online_services,pix,BR,desktop,1,0
8436,2026-01-30 06:55:00,72,39.49,USD,entertainment,digital_wallet,CL,mobile,0,0
8437,2026-01-30 07:00:00,192,5.07,USD,online_services,pix,BR,mobile,0,0
8438,2026-01-30 07:05:00,976,39.22,USD,utilities,bank_transfer,PT,mobile,1,0
8439,2026-01-30 07:10:00,256,30.06,USD,entertainment,card,BR,mobile,0,0
8440,2026-01-30 07:15:00,685,9.06,USD,transport,pix,US,mobile,1,0
8441,2026-01-30 07:20:00,469,23.74,USD,travel,bank_transfer,AR,mobile,0,0
8442,2026-01-30 07:25:00,182,24.24,USD,groceries,digital_wallet,BR,desktop,0,0
8443,2026-01-30 07:30:00,308,228.17,USD,online_services,card,CO,mobile,1,0
8444,2026-01-30 07:35:00,15,41.27,USD,restaurants,card,AR,mobile,1,0
8445,2026-01-30 07:40:00,747,93.32,USD,restaurants,digital_wallet,BR,mobile,0,0
8446,2026-01-30 07:45:00,335,29.44,USD,online_services,pix,CO,tablet,1,0
8447,2026-01-30 07:50:00,500,5.08,USD,groceries,card,AR,mobile,1,0
8448,2026-01-30 07:55:00,153,64.87,USD,travel,pix,AR,mobile,1,1
8449,2026-01-30 08:00:00,825,17.15,USD,travel,digital_wallet,CO,desktop,1,0
8450,2026-01-30 08:05:00,219,23.67,USD,restaurants,digital_wallet,CL,mobile,1,0
8451,2026-01-30 08:10:00,567,11.55,USD,electronics,card,BR,mobile,0,0
8452,2026-01-30 08:15:00,873,35.62,USD,utilities,bank_transfer,BR,mobile,0,0
8453,2026-01-30 08:20:00,714,96.08,USD,entertainment,pix,BR,mobile,1,0
8454,2026-01-30 08:25:00,604,84.16,USD,travel,card,AR,mobile,1,0
8455,2026-01-30 08:30:00,889,161.77,USD,travel,bank_transfer,BR,desktop,0,0
8456,2026-01-30 08:35:00,177,186.41,USD,transport,card,BR,desktop,0,0
8457,2026-01-30 08:40:00,964,4.28,USD,travel,card,MX,desktop,1,0
8458,2026-01-30 08:45:00,557,10.04,USD,groceries,card,BR,mobile,0,0
8459,2026-01-30 08:50:00,410,5.43,USD,groceries,card,BR,mobile,0,0
8460,2026-01-30 08:55:00,256,62.3,USD,utilities,card,MX,mobile,1,0
8461,2026-01-30 09:00:00,745,16.56,USD,restaurants,digital_wallet,CO,mobile,0,0
8462,2026-01-30 09:05:00,977,20.3,USD,entertainment,card,CO,mobile,1,0
8463,2026-01-30 09:10:00,691,26.67,USD,groceries,pix,BR,desktop,0,0
8464,2026-01-30 09:15:00,33,48.55,USD,transport,card,CL,mobile,1,0
8465,2026-01-30 09:20:00,470,7.5,USD,online_services,bank_transfer,US,tablet,1,0
8466,2026-01-30 09:25:00,733,9.4,USD,transport,pix,BR,desktop,1,0
8467,2026-01-30 09:30:00,398,33.16,USD,online_services,digital_wallet,BR,mobile,1,0
8468,2026-01-30 09:35:00,773,109.81,USD,transport,card,BR,mobile,0,0
8469,2026-01-30 09:40:00,708,32.28,USD,entertainment,pix,US,mobile,1,0
8470,2026-01-30 09:45:00,68,15.0,USD,entertainment,card,BR,mobile,0,0
8471,2026-01-30 09:50:00,558,3.86,USD,entertainment,card,AR,mobile,1,0
8472,2026-01-30 09:55:00,172,85.86,USD,transport,pix,AR,mobile,1,0
8473,2026-01-30 10:00:00,487,15.86,USD,utilities,bank_transfer,PT,desktop,1,0
8474,2026-01-30 10:05:00,385,10.51,USD,transport,card,BR,mobile,1,0
8475,2026-01-30 10:10:00,807,5.96,USD,utilities,pix,AR,mobile,1,0
8476,2026-01-30 10:15:00,869,7.85,USD,electronics,pix,PT,tablet,1,1
8477,2026-01-30 10:20:00,462,12.66,USD,utilities,pix,BR,desktop,1,0
8478,2026-01-30 10:25:00,537,26.08,USD,online_services,bank_transfer,AR,mobile,0,0
8479,2026-01-30 10:30:00,627,9.89,USD,utilities,pix,BR,desktop,0,0
8480,2026-01-30 10:35:00,656,39.87,USD,electronics,digital_wallet,BR,tablet,0,0
8481,2026-01-30 10:40:00,636,25.88,USD,electronics,bank_transfer,BR,desktop,1,0
8482,2026-01-30 10:45:00,784,305.51,USD,electronics,bank_transfer,BR,desktop,1,0
8483,2026-01-30 10:50:00,982,6.02,USD,transport,card,BR,mobile,0,0
8484,2026-01-30 10:55:00,829,38.92,USD,electronics,bank_transfer,MX,desktop,1,0
8485,2026-01-30 11:00:00,135,39.41,USD,electronics,digital_wallet,AR,desktop,1,0
8486,2026-01-30 11:05:00,477,11.82,USD,entertainment,card,BR,mobile,0,1
8487,2026-01-30 11:10:00,462,36.42,USD,online_services,pix,CL,mobile,1,0
8488,2026-01-30 11:15:00,509,71.49,USD,online_services,bank_transfer,US,mobile,1,0
8489,2026-01-30 11:20:00,529,36.47,USD,travel,card,BR,mobile,0,0
8490,2026-01-30 11:25:00,719,132.22,USD,online_services,pix,BR,mobile,0,0
8491,2026-01-30 11:30:00,422,3.75,USD,online_services,pix,BR,mobile,0,0
8492,2026-01-30 11:35:00,264,14.26,USD,electronics,bank_transfer,US,mobile,1,0
8493,2026-01-30 11:40:00,458,144.76,USD,electronics,card,MX,mobile,1,0
8494,2026-01-30 11:45:00,855,82.44,USD,electronics,card,AR,desktop,1,0
8495,2026-01-30 11:50:00,312,56.86,USD,groceries,card,BR,mobile,0,0
8496,2026-01-30 11:55:00,21,113.66,USD,transport,card,AR,tablet,0,0
8497,2026-01-30 12:00:00,977,4.87,USD,electronics,card,CL,mobile,1,0
8498,2026-01-30 12:05:00,196,73.38,USD,utilities,pix,BR,desktop,1,0
8499,2026-01-30 12:10:00,603,96.0,USD,transport,bank_transfer,BR,mobile,0,0
8500,2026-01-30 12:15:00,801,17.14,USD,entertainment,digital_wallet,BR,mobile,0,0
8501,2026-01-30 12:20:00,275,459.09,USD,transport,digital_wallet,CL,mobile,1,1
8502,2026-01-30 12:25:00,341,40.3,USD,transport,digital_wallet,PT,mobile,1,0
8503,2026-01-30 12:30:00,281,3.7,USD,groceries,card,BR,mobile,0,0
8504,2026-01-30 12:35:00,150,48.49,USD,travel,card,US,mobile,1,0
8505,2026-01-30 12:40:00,153,16.12,USD,groceries,card,AR,mobile,1,0
8506,2026-01-30 12:45:00,187,106.17,USD,restaurants,pix,CL,desktop,1,0
8507,2026-01-30 12:50:00,459,57.28,USD,travel,digital_wallet,US,mobile,1,0
8508,2026-01-30 12:55:00,531,18.21,USD,entertainment,card,AR,mobile,1,0
8509,2026-01-30 13:00:00,16,148.78,USD,electronics,pix,BR,desktop,0,0
8510,2026-01-30 13:05:00,847,84.73,USD,transport,pix,BR,mobile,1,0
8511,2026-01-30 13:10:00,676,14.47,USD,online_services,card,MX,mobile,1,0
8512,2026-01-30 13:15:00,71,28.44,USD,transport,bank_transfer,AR,mobile,1,0
8513,2026-01-30 13:20:00,843,55.53,USD,transport,card,BR,mobile,1,0
8514,2026-01-30 13:25:00,31,23.01,USD,groceries,card,AR,mobile,1,0
8515,2026-01-30 13:30:00,561,23.7,USD,transport,digital_wallet,BR,mobile,1,0
8516,2026-01-30 13:35:00,466,34.35,USD,restaurants,card,BR,mobile,1,0
8517,2026-01-30 13:40:00,503,11.41,USD,transport,card,MX,mobile,1,0
8518,2026-01-30 13:45:00,957,3.55,USD,restaurants,bank_transfer,BR,mobile,0,0
8519,2026-01-30 13:50:00,928,42.06,USD,restaurants,pix,BR,desktop,1,0
8520,2026-01-30 13:55:00,280,4.53,USD,entertainment,pix,BR,desktop,0,0
8521,2026-01-30 14:00:00,580,12.27,USD,electronics,pix,US,mobile,1,0
8522,2026-01-30 14:05:00,960,5.63,USD,entertainment,card,BR,mobile,0,0
8523,2026-01-30 14:10:00,729,6.37,USD,travel,card,BR,mobile,1,0
8524,2026-01-30 14:15:00,888,50.72,USD,travel,bank_transfer,BR,mobile,0,0
8525,2026-01-30 14:20:00,435,26.51,USD,electronics,card,BR,mobile,0,1
8526,2026-01-30 14:25:00,284,25.57,USD,electronics,digital_wallet,BR,mobile,0,0
8527,2026-01-30 14:30:00,511,8.88,USD,transport,card,BR,mobile,1,0
8528,2026-01-30 14:35:00,817,17.19,USD,online_services,bank_transfer,BR,desktop,0,0
8529,2026-01-30 14:40:00,929,48.25,USD,electronics,digital_wallet,CL,desktop,1,0
8530,2026-01-30 14:45:00,686,31.43,USD,online_services,card,BR,mobile,1,0
8531,2026-01-30 14:50:00,707,75.39,USD,utilities,pix,BR,desktop,1,0
8532,2026-01-30 14:55:00,512,86.93,USD,travel,bank_transfer,CO,mobile,1,0
8533,2026-01-30 15:00:00,320,25.73,USD,utilities,pix,BR,mobile,0,0
8534,2026-01-30 15:05:00,423,5.2,USD,entertainment,bank_transfer,BR,mobile,1,0
8535,2026-01-30 15:10:00,498,15.54,USD,utilities,card,PT,mobile,1,0
8536,2026-01-30 15:15:00,816,30.03,USD,utilities,digital_wallet,AR,mobile,1,0
8537,2026-01-30 15:20:00,556,15.23,USD,entertainment,pix,CL,mobile,1,0
8538,2026-01-30 15:25:00,794,11.53,USD,entertainment,card,AR,mobile,1,0
8539,2026-01-30 15:30:00,28,35.51,USD,utilities,pix,PT,mobile,1,0
8540,2026-01-30 15:35:00,757,376.27,USD,restaurants,card,BR,mobile,0,0
8541,2026-01-30 15:40:00,508,20.32,USD,online_services,pix,BR,desktop,0,0
8542,2026-01-30 15:45:00,999,33.02,USD,travel,card,MX,mobile,1,0
8543,2026-01-30 15:50:00,472,8.92,USD,groceries,bank_transfer,BR,mobile,0,0
8544,2026-01-30 15:55:00,479,114.82,USD,restaurants,card,AR,mobile,0,0
8545,2026-01-30 16:00:00,128,79.42,USD,utilities,pix,BR,mobile,0,0
8546,2026-01-30 16:05:00,807,74.12,USD,utilities,digital_wallet,BR,desktop,0,0
8547,2026-01-30 16:10:00,702,129.0,USD,entertainment,digital_wallet,CL,desktop,1,0
8548,2026-01-30 16:15:00,863,21.6,USD,entertainment,bank_transfer,AR,mobile,0,0
8549,2026-01-30 16:20:00,93,24.47,USD,utilities,card,AR,mobile,1,0
8550,2026-01-30 16:25:00,212,183.07,USD,online_services,digital_wallet,BR,desktop,0,0
8551,2026-01-30 16:30:00,877,62.35,USD,utilities,card,BR,desktop,0,0
8552,2026-01-30 16:35:00,43,3.6,USD,restaurants,card,CO,desktop,1,0
8553,2026-01-30 16:40:00,509,52.19,USD,utilities,digital_wallet,BR,mobile,1,0
8554,2026-01-30 16:45:00,405,18.51,USD,travel,card,AR,mobile,1,0
8555,2026-01-30 16:50:00,940,81.3,USD,utilities,card,AR,mobile,1,1
8556,2026-01-30 16:55:00,857,49.81,USD,entertainment,pix,BR,mobile,1,0
8557,2026-01-30 17:00:00,897,5.81,USD,entertainment,pix,BR,desktop,0,0
8558,2026-01-30 17:05:00,290,43.33,USD,utilities,card,MX,mobile,1,0
8559,2026-01-30 17:10:00,588,40.88,USD,restaurants,bank_transfer,BR,desktop,1,0
8560,2026-01-30 17:15:00,701,47.63,USD,utilities,bank_transfer,BR,mobile,0,0
8561,2026-01-30 17:20:00,968,58.88,USD,transport,digital_wallet,PT,mobile,1,0
8562,2026-01-30 17:25:00,8,147.82,USD,restaurants,card,BR,tablet,0,0
8563,2026-01-30 17:30:00,978,50.09,USD,entertainment,pix,MX,mobile,0,0
8564,2026-01-30 17:35:00,356,33.88,USD,online_services,bank_transfer,BR,mobile,0,0
8565,2026-01-30 17:40:00,129,104.37,USD,groceries,card,BR,mobile,1,0
8566,2026-01-30 17:45:00,616,311.92,USD,online_services,pix,AR,desktop,1,0
8567,2026-01-30 17:50:00,782,82.69,USD,transport,card,BR,mobile,1,0
8568,2026-01-30 17:55:00,130,40.7,USD,online_services,card,CO,mobile,1,0
8569,2026-01-30 18:00:00,41,51.04,USD,groceries,card,BR,mobile,1,0
8570,2026-01-30 18:05:00,897,42.78,USD,travel,pix,AR,mobile,1,0
8571,2026-01-30 18:10:00,934,33.73,USD,travel,pix,MX,mobile,1,0
8572,2026-01-30 18:15:00,157,288.64,USD,utilities,card,AR,mobile,1,0
8573,2026-01-30 18:20:00,905,15.66,USD,electronics,pix,AR,mobile,1,0
8574,2026-01-30 18:25:00,910,105.1,USD,groceries,card,BR,mobile,0,0
8575,2026-01-30 18:30:00,998,29.2,USD,restaurants,card,BR,mobile,0,0
8576,2026-01-30 18:35:00,217,7.54,USD,transport,digital_wallet,US,mobile,1,0
8577,2026-01-30 18:40:00,579,27.43,USD,utilities,card,AR,desktop,1,0
8578,2026-01-30 18:45:00,995,19.17,USD,groceries,bank_transfer,CL,desktop,1,0
8579,2026-01-30 18:50:00,903,59.0,USD,utilities,card,BR,mobile,0,0
8580,2026-01-30 18:55:00,605,36.28,USD,travel,card,BR,mobile,1,0
8581,2026-01-30 19:00:00,198,11.92,USD,travel,bank_transfer,BR,mobile,1,0
8582,2026-01-30 19:05:00,85,144.17,USD,online_services,card,BR,mobile,0,0
8583,2026-01-30 19:10:00,260,98.51,USD,utilities,card,BR,mobile,1,0
8584,2026-01-30 19:15:00,66,161.75,USD,entertainment,pix,BR,mobile,1,0
8585,2026-01-30 19:20:00,196,41.97,USD,utilities,pix,BR,mobile,1,0
8586,2026-01-30 19:25:00,75,31.95,USD,electronics,digital_wallet,AR,mobile,1,0
8587,2026-01-30 19:30:00,763,66.92,USD,online_services,digital_wallet,AR,mobile,1,0
8588,2026-01-30 19:35:00,590,18.59,USD,utilities,card,BR,mobile,0,0
8589,2026-01-30 19:40:00,518,37.72,USD,online_services,card,MX,mobile,1,0
8590,2026-01-30 19:45:00,810,27.78,USD,travel,pix,AR,mobile,1,0
8591,2026-01-30 19:50:00,411,7.68,USD,entertainment,card,BR,mobile,1,0
8592,2026-01-30 19:55:00,403,37.62,USD,electronics,pix,CO,mobile,1,0
8593,2026-01-30 20:00:00,207,21.31,USD,online_services,card,AR,mobile,0,0
8594,2026-01-30 20:05:00,445,25.98,USD,entertainment,bank_transfer,AR,mobile,1,0
8595,2026-01-30 20:10:00,175,47.65,USD,restaurants,digital_wallet,US,mobile,1,0
8596,2026-01-30 20:15:00,590,118.22,USD,travel,card,BR,mobile,0,0
8597,2026-01-30 20:20:00,998,14.17,USD,restaurants,card,AR,mobile,1,0
8598,2026-01-30 20:25:00,534,23.65,USD,entertainment,digital_wallet,BR,mobile,0,0
8599,2026-01-30 20:30:00,300,15.41,USD,entertainment,card,BR,desktop,0,0
8600,2026-01-30 20:35:00,689,14.44,USD,utilities,card,BR,mobile,1,0
8601,2026-01-30 20:40:00,821,18.27,USD,restaurants,card,BR,mobile,1,0
8602,2026-01-30 20:45:00,472,27.21,USD,electronics,card,BR,desktop,0,0
8603,2026-01-30 20:50:00,251,59.49,USD,transport,card,AR,mobile,1,0
8604,2026-01-30 20:55:00,714,45.62,USD,electronics,card,BR,mobile,1,0
8605,2026-01-30 21:00:00,188,11.51,USD,online_services,card,BR,mobile,0,0
8606,2026-01-30 21:05:00,998,120.8,USD,travel,bank_transfer,BR,mobile,0,0
8607,2026-01-30 21:10:00,318,85.15,USD,electronics,card,BR,mobile,0,0
8608,2026-01-30 21:15:00,351,13.45,USD,online_services,bank_transfer,AR,mobile,1,0
8609,2026-01-30 21:20:00,727,112.63,USD,travel,pix,AR,mobile,0,0
8610,2026-01-30 21:25:00,13,45.92,USD,electronics,pix,CO,mobile,1,1
8611,2026-01-30 21:30:00,203,28.32,USD,travel,digital_wallet,PT,mobile,1,0
8612,2026-01-30 21:35:00,126,47.37,USD,utilities,card,BR,desktop,0,0
8613,2026-01-30 21:40:00,392,32.27,USD,electronics,card,BR,mobile,1,0
8614,2026-01-30 21:45:00,554,57.12,USD,travel,pix,US,mobile,1,0
8615,2026-01-30 21:50:00,180,39.94,USD,restaurants,card,CL,mobile,1,0
8616,2026-01-30 21:55:00,345,23.63,USD,groceries,card,PT,mobile,1,0
8617,2026-01-30 22:00:00,773,4.37,USD,groceries,digital_wallet,CO,mobile,1,1
8618,2026-01-30 22:05:00,940,56.1,USD,electronics,bank_transfer,CO,mobile,1,1
8619,2026-01-30 22:10:00,15,22.79,USD,entertainment,pix,BR,tablet,1,0
8620,2026-01-30 22:15:00,628,72.09,USD,restaurants,pix,BR,mobile,1,0
8621,2026-01-30 22:20:00,26,53.61,USD,online_services,pix,AR,tablet,1,0
8622,2026-01-30 22:25:00,521,23.39,USD,restaurants,card,AR,mobile,1,0
8623,2026-01-30 22:30:00,880,92.11,USD,entertainment,card,CO,mobile,1,0
8624,2026-01-30 22:35:00,799,40.64,USD,restaurants,pix,PT,tablet,1,0
8625,2026-01-30 22:40:00,233,39.0,USD,groceries,card,BR,desktop,0,0
8626,2026-01-30 22:45:00,259,28.84,USD,entertainment,card,BR,mobile,1,0
8627,2026-01-30 22:50:00,784,178.32,USD,travel,pix,US,mobile,1,0
8628,2026-01-30 22:55:00,820,16.23,USD,entertainment,pix,MX,mobile,1,0
8629,2026-01-30 23:00:00,281,23.98,USD,online_services,card,MX,mobile,1,0
8630,2026-01-30 23:05:00,4,9.61,USD,travel,digital_wallet,CL,desktop,1,0
8631,2026-01-30 23:10:00,445,68.49,USD,utilities,bank_transfer,PT,mobile,1,0
8632,2026-01-30 23:15:00,620,18.5,USD,electronics,pix,BR,mobile,0,0
8633,2026-01-30 23:20:00,444,20.7,USD,transport,card,BR,mobile,0,0
8634,2026-01-30 23:25:00,935,19.75,USD,electronics,pix,BR,mobile,0,0
8635,2026-01-30 23:30:00,814,35.26,USD,transport,pix,BR,desktop,1,0
8636,2026-01-30 23:35:00,788,9.48,USD,online_services,pix,MX,mobile,1,0
8637,2026-01-30 23:40:00,21,3.51,USD,travel,pix,AR,mobile,0,0
8638,2026-01-30 23:45:00,854,52.34,USD,online_services,card,CL,mobile,1,0
8639,2026-01-30 23:50:00,756,4.0,USD,transport,card,BR,mobile,1,0
8640,2026-01-30 23:55:00,397,77.8,USD,utilities,bank_transfer,CO,mobile,1,0
8641,2026-01-31 00:00:00,590,157.36,USD,groceries,card,BR,mobile,0,0
8642,2026-01-31 00:05:00,825,28.1,USD,transport,pix,AR,mobile,0,0
8643,2026-01-31 00:10:00,907,121.45,USD,groceries,bank_transfer,BR,mobile,1,0
8644,2026-01-31 00:15:00,551,32.32,USD,online_services,card,AR,desktop,1,0
8645,2026-01-31 00:20:00,42,163.9,USD,transport,digital_wallet,BR,mobile,1,0
8646,2026-01-31 00:25:00,619,20.98,USD,utilities,bank_transfer,CL,mobile,1,0
8647,2026-01-31 00:30:00,681,3.11,USD,electronics,pix,AR,mobile,0,0
8648,2026-01-31 00:35:00,59,30.57,USD,groceries,pix,PT,mobile,1,0
8649,2026-01-31 00:40:00,818,182.72,USD,transport,bank_transfer,US,desktop,1,0
8650,2026-01-31 00:45:00,202,56.54,USD,transport,card,BR,mobile,0,0
8651,2026-01-31 00:50:00,891,19.78,USD,travel,pix,BR,tablet,1,0
8652,2026-01-31 00:55:00,551,46.01,USD,transport,card,BR,mobile,0,0
8653,2026-01-31 01:00:00,323,87.46,USD,entertainment,bank_transfer,BR,mobile,0,0
8654,2026-01-31 01:05:00,59,30.4,USD,entertainment,pix,BR,mobile,1,0
8655,2026-01-31 01:10:00,18,457.78,USD,restaurants,bank_transfer,US,mobile,1,0
8656,2026-01-31 01:15:00,742,19.74,USD,travel,card,US,mobile,1,0
8657,2026-01-31 01:20:00,378,90.24,USD,travel,card,BR,desktop,0,1
8658,2026-01-31 01:25:00,841,70.95,USD,transport,bank_transfer,CO,tablet,1,0
8659,2026-01-31 01:30:00,231,16.45,USD,utilities,card,MX,mobile,1,0
8660,2026-01-31 01:35:00,921,21.66,USD,restaurants,pix,BR,tablet,1,0
8661,2026-01-31 01:40:00,942,91.66,USD,utilities,pix,US,mobile,1,0
8662,2026-01-31 01:45:00,102,38.27,USD,electronics,card,PT,desktop,1,0
8663,2026-01-31 01:50:00,647,46.44,USD,transport,card,PT,tablet,1,0
8664,2026-01-31 01:55:00,940,6.45,USD,entertainment,card,CO,tablet,1,0
8665,2026-01-31 02:00:00,324,63.82,USD,travel,digital_wallet,BR,mobile,0,0
8666,2026-01-31 02:05:00,68,44.14,USD,travel,card,BR,mobile,0,0
8667,2026-01-31 02:10:00,876,31.07,USD,entertainment,card,PT,mobile,1,0
8668,2026-01-31 02:15:00,475,47.51,USD,transport,digital_wallet,BR,mobile,1,0
8669,2026-01-31 02:20:00,28,21.99,USD,utilities,bank_transfer,BR,mobile,1,0
8670,2026-01-31 02:25:00,841,18.32,USD,travel,pix,BR,desktop,1,0
8671,2026-01-31 02:30:00,679,26.0,USD,restaurants,pix,AR,mobile,1,0
8672,2026-01-31 02:35:00,71,20.82,USD,online_services,bank_transfer,BR,mobile,0,0
8673,2026-01-31 02:40:00,259,293.1,USD,utilities,digital_wallet,MX,mobile,0,0
8674,2026-01-31 02:45:00,19,82.42,USD,restaurants,digital_wallet,AR,mobile,1,0
8675,2026-01-31 02:50:00,955,12.57,USD,utilities,pix,BR,mobile,0,0
8676,2026-01-31 02:55:00,25,253.74,USD,travel,pix,BR,desktop,0,0
8677,2026-01-31 03:00:00,796,21.48,USD,utilities,bank_transfer,AR,desktop,1,1
8678,2026-01-31 03:05:00,512,34.11,USD,electronics,bank_transfer,CO,mobile,1,0
8679,2026-01-31 03:10:00,583,81.24,USD,restaurants,pix,US,mobile,1,0
8680,2026-01-31 03:15:00,812,4.62,USD,restaurants,card,MX,mobile,1,0
8681,2026-01-31 03:20:00,895,26.13,USD,groceries,bank_transfer,BR,mobile,0,0
8682,2026-01-31 03:25:00,128,18.67,USD,online_services,card,MX,mobile,1,1
8683,2026-01-31 03:30:00,18,40.65,USD,transport,card,AR,mobile,1,0
8684,2026-01-31 03:35:00,125,47.94,USD,online_services,card,CL,mobile,1,0
8685,2026-01-31 03:40:00,683,30.65,USD,restaurants,card,CL,mobile,1,0
8686,2026-01-31 03:45:00,569,29.26,USD,transport,pix,BR,mobile,1,0
8687,2026-01-31 03:50:00,84,96.08,USD,online_services,card,AR,tablet,1,0
8688,2026-01-31 03:55:00,235,44.77,USD,transport,pix,CL,desktop,1,0
8689,2026-01-31 04:00:00,538,34.52,USD,utilities,digital_wallet,BR,mobile,1,0
8690,2026-01-31 04:05:00,731,38.39,USD,groceries,card,CO,mobile,1,0
8691,2026-01-31 04:10:00,344,207.66,USD,online_services,card,BR,mobile,0,0
8692,2026-01-31 04:15:00,950,39.36,USD,travel,card,AR,desktop,1,0
8693,2026-01-31 04:20:00,993,19.8,USD,utilities,bank_transfer,MX,desktop,0,0
8694,2026-01-31 04:25:00,767,4.91,USD,groceries,card,BR,mobile,1,0
8695,2026-01-31 04:30:00,455,7.89,USD,online_services,card,BR,mobile,0,0
8696,2026-01-31 04:35:00,878,20.76,USD,electronics,card,AR,desktop,0,0
8697,2026-01-31 04:40:00,728,29.71,USD,restaurants,card,BR,mobile,1,0
8698,2026-01-31 04:45:00,520,19.0,USD,restaurants,pix,BR,mobile,1,0
8699,2026-01-31 04:50:00,444,47.05,USD,groceries,pix,CO,mobile,1,0
8700,2026-01-31 04:55:00,833,18.76,USD,entertainment,card,BR,mobile,1,0
8701,2026-01-31 05:00:00,558,13.27,USD,restaurants,card,CL,mobile,1,0
8702,2026-01-31 05:05:00,183,61.11,USD,online_services,pix,BR,mobile,0,0
8703,2026-01-31 05:10:00,1000,130.24,USD,restaurants,digital_wallet,BR,mobile,0,0
8704,2026-01-31 05:15:00,69,10.94,USD,groceries,pix,BR,mobile,0,0
8705,2026-01-31 05:20:00,696,42.25,USD,utilities,bank_transfer,PT,tablet,1,0
8706,2026-01-31 05:25:00,656,4.93,USD,utilities,digital_wallet,AR,mobile,1,0
8707,2026-01-31 05:30:00,587,7.58,USD,travel,card,BR,mobile,1,0
8708,2026-01-31 05:35:00,52,18.38,USD,utilities,card,BR,mobile,1,0
8709,2026-01-31 05:40:00,493,103.02,USD,entertainment,pix,AR,desktop,1,0
8710,2026-01-31 05:45:00,893,15.2,USD,restaurants,card,CL,mobile,1,0
8711,2026-01-31 05:50:00,240,14.64,USD,electronics,card,BR,mobile,0,0
8712,2026-01-31 05:55:00,692,34.33,USD,online_services,pix,BR,mobile,1,0
8713,2026-01-31 06:00:00,859,34.37,USD,entertainment,pix,AR,mobile,1,0
8714,2026-01-31 06:05:00,953,15.1,USD,travel,card,CL,desktop,1,0
8715,2026-01-31 06:10:00,517,241.34,USD,restaurants,pix,MX,mobile,1,0
8716,2026-01-31 06:15:00,314,25.4,USD,travel,card,AR,mobile,1,0
8717,2026-01-31 06:20:00,700,37.1,USD,restaurants,card,CL,mobile,1,0
8718,2026-01-31 06:25:00,487,22.16,USD,entertainment,card,AR,mobile,1,0
8719,2026-01-31 06:30:00,628,51.42,USD,restaurants,card,AR,desktop,1,0
8720,2026-01-31 06:35:00,742,113.86,USD,transport,digital_wallet,CL,mobile,0,0
8721,2026-01-31 06:40:00,711,174.8,USD,travel,card,BR,desktop,0,0
8722,2026-01-31 06:45:00,243,15.45,USD,groceries,bank_transfer,US,mobile,1,0
8723,2026-01-31 06:50:00,756,99.56,USD,entertainment,digital_wallet,BR,mobile,1,0
8724,2026-01-31 06:55:00,542,57.38,USD,electronics,card,CL,mobile,1,0
8725,2026-01-31 07:00:00,931,87.75,USD,travel,card,AR,desktop,0,0
8726,2026-01-31 07:05:00,660,30.21,USD,entertainment,bank_transfer,US,mobile,1,0
8727,2026-01-31 07:10:00,892,27.47,USD,utilities,card,BR,tablet,0,0
8728,2026-01-31 07:15:00,979,84.41,USD,online_services,pix,US,mobile,1,0
8729,2026-01-31 07:20:00,995,86.03,USD,restaurants,card,BR,desktop,1,0
8730,2026-01-31 07:25:00,745,158.49,USD,electronics,bank_transfer,BR,mobile,1,0
8731,2026-01-31 07:30:00,598,40.39,USD,groceries,bank_transfer,US,mobile,1,0
8732,2026-01-31 07:35:00,119,29.76,USD,transport,pix,BR,desktop,1,0
8733,2026-01-31 07:40:00,387,2.83,USD,travel,card,CL,mobile,1,0
8734,2026-01-31 07:45:00,476,6.61,USD,restaurants,pix,AR,mobile,1,0
8735,2026-01-31 07:50:00,781,22.33,USD,electronics,pix,US,desktop,1,0
8736,2026-01-31 07:55:00,589,11.01,USD,online_services,pix,MX,mobile,1,0
8737,2026-01-31 08:00:00,440,74.75,USD,groceries,digital_wallet,BR,mobile,0,0
8738,2026-01-31 08:05:00,147,8.94,USD,restaurants,card,MX,mobile,1,0
8739,2026-01-31 08:10:00,716,20.06,USD,transport,card,BR,mobile,1,0
8740,2026-01-31 08:15:00,432,20.86,USD,online_services,card,CL,mobile,1,0
8741,2026-01-31 08:20:00,37,110.47,USD,entertainment,pix,CO,mobile,1,0
8742,2026-01-31 08:25:00,285,18.03,USD,restaurants,digital_wallet,CO,mobile,1,0
8743,2026-01-31 08:30:00,880,52.06,USD,entertainment,card,CL,mobile,1,0
8744,2026-01-31 08:35:00,119,40.27,USD,groceries,card,MX,mobile,1,0
8745,2026-01-31 08:40:00,407,81.72,USD,utilities,digital_wallet,AR,mobile,1,0
8746,2026-01-31 08:45:00,513,77.5,USD,restaurants,card,US,mobile,1,0
8747,2026-01-31 08:50:00,84,32.03,USD,entertainment,bank_transfer,BR,desktop,1,0
8748,2026-01-31 08:55:00,166,6.07,USD,electronics,digital_wallet,BR,mobile,1,0
8749,2026-01-31 09:00:00,941,26.27,USD,entertainment,bank_transfer,MX,tablet,1,0
8750,2026-01-31 09:05:00,591,32.46,USD,transport,card,BR,mobile,0,0
8751,2026-01-31 09:10:00,211,44.08,USD,travel,pix,BR,desktop,1,0
8752,2026-01-31 09:15:00,170,15.84,USD,online_services,card,CO,desktop,1,0
8753,2026-01-31 09:20:00,426,103.64,USD,utilities,card,AR,mobile,1,0
8754,2026-01-31 09:25:00,724,33.57,USD,travel,card,BR,mobile,0,0
8755,2026-01-31 09:30:00,731,13.19,USD,online_services,card,BR,mobile,1,0
8756,2026-01-31 09:35:00,196,20.94,USD,groceries,digital_wallet,BR,mobile,1,0
8757,2026-01-31 09:40:00,726,227.82,USD,entertainment,pix,BR,mobile,0,0
8758,2026-01-31 09:45:00,897,64.35,USD,entertainment,card,BR,mobile,0,0
8759,2026-01-31 09:50:00,227,94.49,USD,transport,pix,MX,mobile,1,0
8760,2026-01-31 09:55:00,27,11.69,USD,electronics,pix,BR,desktop,1,0
8761,2026-01-31 10:00:00,959,16.63,USD,electronics,card,MX,mobile,1,0
8762,2026-01-31 10:05:00,522,16.75,USD,entertainment,card,PT,desktop,1,0
8763,2026-01-31 10:10:00,777,39.82,USD,travel,pix,BR,desktop,1,0
8764,2026-01-31 10:15:00,321,27.83,USD,utilities,bank_transfer,PT,mobile,1,0
8765,2026-01-31 10:20:00,300,20.3,USD,entertainment,card,BR,mobile,0,0
8766,2026-01-31 10:25:00,226,23.01,USD,online_services,bank_transfer,CL,mobile,1,0
8767,2026-01-31 10:30:00,218,14.97,USD,utilities,pix,PT,tablet,1,0
8768,2026-01-31 10:35:00,472,27.66,USD,travel,pix,MX,desktop,1,0
8769,2026-01-31 10:40:00,106,100.81,USD,groceries,card,BR,mobile,0,0
8770,2026-01-31 10:45:00,843,7.29,USD,transport,pix,BR,tablet,1,0
8771,2026-01-31 10:50:00,512,46.83,USD,restaurants,card,BR,mobile,1,0
8772,2026-01-31 10:55:00,916,131.64,USD,electronics,card,US,mobile,1,0
8773,2026-01-31 11:00:00,503,27.57,USD,online_services,bank_transfer,BR,mobile,0,0
8774,2026-01-31 11:05:00,304,19.51,USD,electronics,pix,AR,desktop,0,0
8775,2026-01-31 11:10:00,515,83.45,USD,utilities,card,BR,mobile,0,0
8776,2026-01-31 11:15:00,155,12.38,USD,electronics,card,BR,mobile,1,0
8777,2026-01-31 11:20:00,825,32.37,USD,travel,card,BR,mobile,1,0
8778,2026-01-31 11:25:00,721,11.71,USD,groceries,digital_wallet,BR,mobile,1,0
8779,2026-01-31 11:30:00,148,5.1,USD,entertainment,card,AR,tablet,1,0
8780,2026-01-31 11:35:00,582,28.45,USD,restaurants,pix,BR,mobile,1,0
8781,2026-01-31 11:40:00,538,9.36,USD,electronics,pix,BR,mobile,1,0
8782,2026-01-31 11:45:00,202,32.73,USD,online_services,card,AR,mobile,1,0
8783,2026-01-31 11:50:00,123,100.99,USD,restaurants,card,BR,mobile,0,0
8784,2026-01-31 11:55:00,761,211.51,USD,online_services,pix,CO,mobile,1,0
8785,2026-01-31 12:00:00,265,36.36,USD,utilities,bank_transfer,AR,mobile,1,0
8786,2026-01-31 12:05:00,519,91.76,USD,groceries,pix,AR,tablet,1,0
8787,2026-01-31 12:10:00,248,49.35,USD,transport,card,BR,mobile,0,0
8788,2026-01-31 12:15:00,654,22.58,USD,online_services,card,BR,mobile,1,0
8789,2026-01-31 12:20:00,49,4.83,USD,electronics,card,MX,mobile,1,0
8790,2026-01-31 12:25:00,360,168.43,USD,utilities,card,US,mobile,1,0
8791,2026-01-31 12:30:00,548,11.6,USD,online_services,digital_wallet,BR,mobile,0,0
8792,2026-01-31 12:35:00,440,132.0,USD,groceries,card,BR,mobile,0,0
8793,2026-01-31 12:40:00,613,56.65,USD,entertainment,card,BR,desktop,1,0
8794,2026-01-31 12:45:00,181,12.48,USD,online_services,pix,CL,mobile,1,0
8795,2026-01-31 12:50:00,442,45.24,USD,travel,card,BR,mobile,0,0
8796,2026-01-31 12:55:00,757,279.47,USD,online_services,pix,PT,mobile,1,0
8797,2026-01-31 13:00:00,334,153.8,USD,entertainment,card,BR,mobile,0,0
8798,2026-01-31 13:05:00,158,19.83,USD,entertainment,bank_transfer,PT,mobile,1,0
8799,2026-01-31 13:10:00,848,16.25,USD,groceries,card,BR,mobile,1,0
8800,2026-01-31 13:15:00,779,36.61,USD,utilities,pix,BR,mobile,0,0
8801,2026-01-31 13:20:00,681,28.06,USD,utilities,pix,BR,mobile,1,0
8802,2026-01-31 13:25:00,799,109.92,USD,transport,card,BR,mobile,1,0
8803,2026-01-31 13:30:00,779,69.38,USD,restaurants,card,PT,mobile,1,0
8804,2026-01-31 13:35:00,747,6.1,USD,travel,pix,AR,mobile,1,0
8805,2026-01-31 13:40:00,510,52.39,USD,online_services,bank_transfer,BR,desktop,0,0
8806,2026-01-31 13:45:00,20,27.69,USD,entertainment,pix,PT,mobile,1,0
8807,2026-01-31 13:50:00,598,34.37,USD,utilities,pix,BR,mobile,0,0
8808,2026-01-31 13:55:00,274,42.48,USD,travel,pix,BR,mobile,1,0
8809,2026-01-31 14:00:00,774,109.81,USD,electronics,card,BR,mobile,0,0
8810,2026-01-31 14:05:00,469,88.04,USD,transport,pix,AR,desktop,0,0
8811,2026-01-31 14:10:00,906,15.65,USD,utilities,card,US,mobile,1,0
8812,2026-01-31 14:15:00,596,31.23,USD,entertainment,pix,BR,mobile,1,0
8813,2026-01-31 14:20:00,551,21.15,USD,entertainment,digital_wallet,CO,mobile,1,0
8814,2026-01-31 14:25:00,920,6.16,USD,utilities,pix,BR,mobile,1,0
8815,2026-01-31 14:30:00,476,29.68,USD,online_services,pix,BR,mobile,1,0
8816,2026-01-31 14:35:00,376,209.51,USD,utilities,bank_transfer,CO,mobile,1,0
8817,2026-01-31 14:40:00,372,5.98,USD,electronics,card,CO,mobile,1,0
8818,2026-01-31 14:45:00,876,32.33,USD,restaurants,pix,AR,mobile,1,0
8819,2026-01-31 14:50:00,757,31.31,USD,travel,card,BR,mobile,0,0
8820,2026-01-31 14:55:00,164,44.16,USD,electronics,card,BR,mobile,1,0
8821,2026-01-31 15:00:00,493,12.65,USD,online_services,card,CO,mobile,1,0
8822,2026-01-31 15:05:00,372,7.96,USD,groceries,pix,AR,mobile,1,0
8823,2026-01-31 15:10:00,647,8.34,USD,utilities,pix,BR,mobile,1,0
8824,2026-01-31 15:15:00,53,125.33,USD,entertainment,digital_wallet,BR,mobile,1,0
8825,2026-01-31 15:20:00,715,12.4,USD,groceries,card,CO,mobile,1,0
8826,2026-01-31 15:25:00,743,20.09,USD,restaurants,card,BR,mobile,1,1
8827,2026-01-31 15:30:00,227,271.68,USD,groceries,pix,CL,desktop,1,0
8828,2026-01-31 15:35:00,151,15.89,USD,online_services,card,CL,mobile,1,0
8829,2026-01-31 15:40:00,628,46.64,USD,entertainment,pix,BR,mobile,1,0
8830,2026-01-31 15:45:00,258,95.95,USD,travel,card,AR,mobile,0,0
8831,2026-01-31 15:50:00,942,91.44,USD,travel,card,AR,mobile,1,0
8832,2026-01-31 15:55:00,776,8.74,USD,electronics,pix,AR,mobile,1,0
8833,2026-01-31 16:00:00,956,16.23,USD,restaurants,pix,US,mobile,1,0
8834,2026-01-31 16:05:00,535,44.81,USD,entertainment,card,AR,mobile,1,0
8835,2026-01-31 16:10:00,939,227.93,USD,restaurants,card,BR,mobile,0,0
8836,2026-01-31 16:15:00,14,15.46,USD,restaurants,card,BR,mobile,1,0
8837,2026-01-31 16:20:00,290,20.21,USD,online_services,card,CL,mobile,1,0
8838,2026-01-31 16:25:00,3,50.38,USD,groceries,digital_wallet,BR,tablet,1,0
8839,2026-01-31 16:30:00,678,61.54,USD,online_services,pix,CO,mobile,1,0
8840,2026-01-31 16:35:00,511,65.38,USD,groceries,card,BR,desktop,1,0
8841,2026-01-31 16:40:00,288,14.21,USD,electronics,card,BR,mobile,1,0
8842,2026-01-31 16:45:00,305,19.45,USD,travel,card,BR,mobile,0,0
8843,2026-01-31 16:50:00,644,41.08,USD,groceries,card,US,mobile,1,0
8844,2026-01-31 16:55:00,181,117.02,USD,online_services,digital_wallet,CL,desktop,1,0
8845,2026-01-31 17:00:00,515,26.09,USD,online_services,card,AR,mobile,1,0
8846,2026-01-31 17:05:00,614,32.39,USD,restaurants,bank_transfer,BR,mobile,1,0
8847,2026-01-31 17:10:00,240,11.87,USD,restaurants,bank_transfer,US,mobile,1,0
8848,2026-01-31 17:15:00,229,213.41,USD,utilities,pix,US,mobile,1,0
8849,2026-01-31 17:20:00,355,38.64,USD,transport,pix,BR,mobile,1,0
8850,2026-01-31 17:25:00,593,97.3,USD,groceries,card,CO,mobile,1,0
8851,2026-01-31 17:30:00,255,34.12,USD,utilities,bank_transfer,US,mobile,1,0
8852,2026-01-31 17:35:00,380,36.06,USD,transport,bank_transfer,BR,mobile,0,0
8853,2026-01-31 17:40:00,544,7.39,USD,electronics,pix,BR,mobile,0,0
8854,2026-01-31 17:45:00,187,3.85,USD,entertainment,card,AR,mobile,1,0
8855,2026-01-31 17:50:00,569,115.8,USD,travel,card,BR,mobile,1,0
8856,2026-01-31 17:55:00,139,35.8,USD,utilities,card,CO,mobile,0,0
8857,2026-01-31 18:00:00,143,40.71,USD,utilities,card,AR,mobile,0,0
8858,2026-01-31 18:05:00,237,9.5,USD,online_services,pix,BR,desktop,0,0
8859,2026-01-31 18:10:00,287,13.42,USD,online_services,bank_transfer,BR,mobile,0,0
8860,2026-01-31 18:15:00,30,95.8,USD,entertainment,pix,CL,desktop,1,0
8861,2026-01-31 18:20:00,962,188.7,USD,travel,pix,BR,desktop,1,0
8862,2026-01-31 18:25:00,309,17.79,USD,electronics,pix,BR,mobile,1,0
8863,2026-01-31 18:30:00,805,64.81,USD,entertainment,pix,BR,mobile,0,0
8864,2026-01-31 18:35:00,902,40.05,USD,groceries,card,MX,desktop,1,0
8865,2026-01-31 18:40:00,801,29.36,USD,electronics,bank_transfer,BR,tablet,0,0
8866,2026-01-31 18:45:00,832,211.02,USD,transport,card,BR,mobile,0,0
8867,2026-01-31 18:50:00,101,21.05,USD,travel,digital_wallet,MX,desktop,1,0
8868,2026-01-31 18:55:00,373,114.52,USD,online_services,card,BR,mobile,1,0
8869,2026-01-31 19:00:00,747,48.49,USD,electronics,pix,CL,mobile,1,0
8870,2026-01-31 19:05:00,576,32.56,USD,travel,pix,BR,desktop,0,0
8871,2026-01-31 19:10:00,6,130.58,USD,electronics,card,MX,mobile,1,0
8872,2026-01-31 19:15:00,568,44.26,USD,transport,card,BR,desktop,0,0
8873,2026-01-31 19:20:00,805,30.07,USD,entertainment,card,BR,mobile,0,0
8874,2026-01-31 19:25:00,829,131.56,USD,restaurants,bank_transfer,BR,mobile,0,0
8875,2026-01-31 19:30:00,384,115.5,USD,online_services,card,US,desktop,1,0
8876,2026-01-31 19:35:00,237,110.16,USD,groceries,pix,MX,mobile,1,0
8877,2026-01-31 19:40:00,310,0.68,USD,restaurants,bank_transfer,BR,mobile,0,0
8878,2026-01-31 19:45:00,297,51.43,USD,utilities,pix,BR,desktop,1,0
8879,2026-01-31 19:50:00,347,40.94,USD,groceries,bank_transfer,BR,desktop,0,0
8880,2026-01-31 19:55:00,302,31.98,USD,electronics,card,BR,desktop,0,0
8881,2026-01-31 20:00:00,458,60.93,USD,electronics,card,BR,desktop,0,0
8882,2026-01-31 20:05:00,41,42.97,USD,online_services,card,US,mobile,1,0
8883,2026-01-31 20:10:00,276,65.22,USD,restaurants,bank_transfer,BR,mobile,0,0
8884,2026-01-31 20:15:00,315,25.33,USD,electronics,bank_transfer,US,mobile,1,0
8885,2026-01-31 20:20:00,154,148.14,USD,electronics,bank_transfer,BR,mobile,0,0
8886,2026-01-31 20:25:00,878,72.16,USD,utilities,pix,MX,mobile,1,0
8887,2026-01-31 20:30:00,676,56.97,USD,travel,card,BR,mobile,0,0
8888,2026-01-31 20:35:00,912,54.26,USD,restaurants,card,BR,desktop,0,0
8889,2026-01-31 20:40:00,562,105.35,USD,utilities,pix,MX,mobile,1,0
8890,2026-01-31 20:45:00,110,91.99,USD,restaurants,card,BR,mobile,1,0
8891,2026-01-31 20:50:00,905,29.58,USD,entertainment,pix,US,mobile,1,0
8892,2026-01-31 20:55:00,459,89.15,USD,transport,bank_transfer,CO,mobile,1,0
8893,2026-01-31 21:00:00,685,39.41,USD,groceries,card,PT,mobile,1,0
8894,2026-01-31 21:05:00,382,225.19,USD,restaurants,pix,MX,mobile,1,0
8895,2026-01-31 21:10:00,495,99.26,USD,online_services,pix,BR,desktop,0,0
8896,2026-01-31 21:15:00,490,17.71,USD,online_services,card,BR,desktop,1,0
8897,2026-01-31 21:20:00,285,340.6,USD,travel,card,CL,desktop,0,0
8898,2026-01-31 21:25:00,555,4.05,USD,utilities,pix,BR,desktop,1,0
8899,2026-01-31 21:30:00,734,62.64,USD,online_services,pix,AR,desktop,1,0
8900,2026-01-31 21:35:00,21,16.51,USD,transport,card,BR,mobile,1,0
8901,2026-01-31 21:40:00,131,217.5,USD,utilities,card,CL,mobile,1,0
8902,2026-01-31 21:45:00,843,42.64,USD,travel,card,BR,mobile,1,0
8903,2026-01-31 21:50:00,570,14.97,USD,restaurants,pix,BR,mobile,0,0
8904,2026-01-31 21:55:00,974,25.37,USD,travel,card,PT,desktop,1,0
8905,2026-01-31 22:00:00,605,16.22,USD,groceries,pix,MX,mobile,1,0
8906,2026-01-31 22:05:00,654,24.39,USD,travel,card,BR,mobile,1,0
8907,2026-01-31 22:10:00,900,23.84,USD,transport,bank_transfer,BR,mobile,1,0
8908,2026-01-31 22:15:00,661,15.62,USD,groceries,card,CO,mobile,1,0
8909,2026-01-31 22:20:00,330,43.38,USD,entertainment,card,BR,desktop,1,0
8910,2026-01-31 22:25:00,528,48.97,USD,transport,pix,CL,mobile,1,0
8911,2026-01-31 22:30:00,236,12.23,USD,electronics,pix,CO,mobile,1,0
8912,2026-01-31 22:35:00,335,6.31,USD,groceries,digital_wallet,BR,mobile,0,1
8913,2026-01-31 22:40:00,681,45.19,USD,groceries,digital_wallet,BR,desktop,1,0
8914,2026-01-31 22:45:00,149,56.37,USD,online_services,pix,BR,mobile,1,0
8915,2026-01-31 22:50:00,672,68.73,USD,travel,pix,BR,mobile,1,0
8916,2026-01-31 22:55:00,585,57.46,USD,electronics,pix,AR,mobile,1,1
8917,2026-01-31 23:00:00,309,159.61,USD,entertainment,pix,BR,mobile,1,0
8918,2026-01-31 23:05:00,45,89.75,USD,entertainment,card,PT,mobile,1,0
8919,2026-01-31 23:10:00,705,482.91,USD,groceries,pix,CO,mobile,1,0
8920,2026-01-31 23:15:00,825,735.57,USD,online_services,digital_wallet,BR,mobile,1,0
8921,2026-01-31 23:20:00,731,5.71,USD,entertainment,card,AR,mobile,1,0
8922,2026-01-31 23:25:00,421,3.68,USD,transport,card,BR,mobile,1,1
8923,2026-01-31 23:30:00,654,32.87,USD,transport,card,BR,mobile,1,0
8924,2026-01-31 23:35:00,415,54.83,USD,groceries,card,AR,mobile,1,0
8925,2026-01-31 23:40:00,359,30.7,USD,transport,pix,BR,desktop,1,0
8926,2026-01-31 23:45:00,328,66.93,USD,transport,card,BR,mobile,1,0
8927,2026-01-31 23:50:00,211,25.27,USD,restaurants,pix,BR,mobile,1,0
8928,2026-01-31 23:55:00,970,16.54,USD,entertainment,bank_transfer,BR,mobile,1,0
8929,2026-02-01 00:00:00,667,19.24,USD,transport,card,CL,desktop,1,0
8930,2026-02-01 00:05:00,175,27.11,USD,electronics,bank_transfer,PT,desktop,1,0
8931,2026-02-01 00:10:00,866,76.98,USD,travel,bank_transfer,CL,mobile,1,0
8932,2026-02-01 00:15:00,152,20.35,USD,groceries,pix,PT,mobile,1,0
8933,2026-02-01 00:20:00,594,24.8,USD,restaurants,card,AR,mobile,1,0
8934,2026-02-01 00:25:00,166,58.57,USD,groceries,digital_wallet,BR,mobile,1,0
8935,2026-02-01 00:30:00,362,27.15,USD,entertainment,card,US,mobile,1,0
8936,2026-02-01 00:35:00,659,101.16,USD,entertainment,card,BR,mobile,0,0
8937,2026-02-01 00:40:00,1000,13.2,USD,restaurants,card,BR,mobile,0,0
8938,2026-02-01 00:45:00,992,10.63,USD,entertainment,bank_transfer,US,mobile,1,0
8939,2026-02-01 00:50:00,896,44.91,USD,utilities,card,CL,mobile,1,0
8940,2026-02-01 00:55:00,236,49.61,USD,groceries,card,US,mobile,1,0
8941,2026-02-01 01:00:00,94,13.94,USD,groceries,pix,BR,mobile,0,0
8942,2026-02-01 01:05:00,906,126.92,USD,utilities,pix,CO,desktop,1,0
8943,2026-02-01 01:10:00,924,227.0,USD,transport,pix,BR,mobile,1,0
8944,2026-02-01 01:15:00,279,17.67,USD,transport,card,BR,mobile,1,0
8945,2026-02-01 01:20:00,20,146.54,USD,travel,pix,US,desktop,1,0
8946,2026-02-01 01:25:00,648,3.06,USD,groceries,card,BR,mobile,0,0
8947,2026-02-01 01:30:00,77,97.14,USD,electronics,card,CL,mobile,1,0
8948,2026-02-01 01:35:00,41,14.04,USD,transport,card,US,mobile,1,0
8949,2026-02-01 01:40:00,938,87.89,USD,utilities,pix,US,mobile,1,0
8950,2026-02-01 01:45:00,496,12.66,USD,entertainment,card,BR,mobile,0,0
8951,2026-02-01 01:50:00,113,30.92,USD,transport,pix,BR,desktop,0,0
8952,2026-02-01 01:55:00,655,14.73,USD,entertainment,card,US,mobile,1,0
8953,2026-02-01 02:00:00,370,26.74,USD,electronics,card,AR,desktop,0,0
8954,2026-02-01 02:05:00,537,206.42,USD,electronics,card,AR,mobile,0,0
8955,2026-02-01 02:10:00,899,29.73,USD,entertainment,card,BR,mobile,0,0
8956,2026-02-01 02:15:00,238,273.23,USD,transport,bank_transfer,BR,mobile,1,0
8957,2026-02-01 02:20:00,647,22.52,USD,travel,card,PT,mobile,1,0
8958,2026-02-01 02:25:00,829,147.2,USD,electronics,pix,AR,mobile,1,0
8959,2026-02-01 02:30:00,424,6.52,USD,entertainment,card,MX,mobile,1,0
8960,2026-02-01 02:35:00,971,24.87,USD,electronics,card,BR,mobile,1,0
8961,2026-02-01 02:40:00,449,19.37,USD,online_services,card,BR,desktop,1,0
8962,2026-02-01 02:45:00,460,154.12,USD,electronics,card,AR,mobile,1,0
8963,2026-02-01 02:50:00,885,39.86,USD,groceries,pix,US,tablet,1,0
8964,2026-02-01 02:55:00,636,4.1,USD,electronics,card,BR,mobile,1,0
8965,2026-02-01 03:00:00,869,8.93,USD,restaurants,digital_wallet,BR,mobile,0,0
8966,2026-02-01 03:05:00,791,12.03,USD,electronics,pix,AR,mobile,1,0
8967,2026-02-01 03:10:00,713,84.27,USD,online_services,card,BR,mobile,1,0
8968,2026-02-01 03:15:00,242,74.07,USD,groceries,digital_wallet,BR,desktop,1,0
8969,2026-02-01 03:20:00,399,24.52,USD,groceries,card,AR,mobile,1,0
8970,2026-02-01 03:25:00,865,19.13,USD,transport,bank_transfer,BR,mobile,1,0
8971,2026-02-01 03:30:00,617,67.79,USD,electronics,card,CL,desktop,1,0
8972,2026-02-01 03:35:00,281,10.7,USD,restaurants,pix,BR,mobile,0,0
8973,2026-02-01 03:40:00,328,52.34,USD,entertainment,card,CO,mobile,1,0
8974,2026-02-01 03:45:00,776,48.06,USD,travel,bank_transfer,MX,mobile,1,0
8975,2026-02-01 03:50:00,179,25.16,USD,entertainment,card,MX,mobile,1,0
8976,2026-02-01 03:55:00,113,49.29,USD,electronics,pix,CL,mobile,1,0
8977,2026-02-01 04:00:00,766,36.67,USD,online_services,digital_wallet,AR,mobile,1,0
8978,2026-02-01 04:05:00,289,54.46,USD,entertainment,card,BR,mobile,0,0
8979,2026-02-01 04:10:00,766,8.72,USD,online_services,digital_wallet,BR,mobile,0,0
8980,2026-02-01 04:15:00,534,61.22,USD,groceries,pix,BR,mobile,0,0
8981,2026-02-01 04:20:00,998,92.44,USD,entertainment,bank_transfer,CO,mobile,1,0
8982,2026-02-01 04:25:00,525,45.65,USD,transport,pix,BR,mobile,0,0
8983,2026-02-01 04:30:00,868,60.41,USD,restaurants,bank_transfer,BR,mobile,1,0
8984,2026-02-01 04:35:00,851,29.67,USD,restaurants,bank_transfer,AR,desktop,1,0
8985,2026-02-01 04:40:00,212,80.75,USD,restaurants,card,CL,mobile,1,0
8986,2026-02-01 04:45:00,997,35.35,USD,groceries,pix,BR,mobile,0,0
8987,2026-02-01 04:50:00,746,10.51,USD,electronics,digital_wallet,BR,mobile,1,0
8988,2026-02-01 04:55:00,108,75.2,USD,utilities,bank_transfer,AR,desktop,1,0
8989,2026-02-01 05:00:00,7,6.46,USD,electronics,digital_wallet,US,mobile,1,0
8990,2026-02-01 05:05:00,272,43.94,USD,restaurants,pix,CL,mobile,1,0
8991,2026-02-01 05:10:00,17,22.55,USD,entertainment,card,BR,mobile,1,0
8992,2026-02-01 05:15:00,358,21.15,USD,restaurants,bank_transfer,MX,mobile,1,0
8993,2026-02-01 05:20:00,997,39.33,USD,utilities,pix,BR,desktop,0,0
8994,2026-02-01 05:25:00,479,16.29,USD,transport,card,BR,desktop,1,0
8995,2026-02-01 05:30:00,24,55.27,USD,groceries,card,BR,mobile,1,0
8996,2026-02-01 05:35:00,494,35.05,USD,transport,card,BR,mobile,0,0
8997,2026-02-01 05:40:00,220,17.86,USD,utilities,pix,CL,desktop,1,0
8998,2026-02-01 05:45:00,857,126.24,USD,online_services,bank_transfer,AR,mobile,1,0
8999,2026-02-01 05:50:00,91,40.64,USD,electronics,bank_transfer,MX,desktop,1,0
9000,2026-02-01 05:55:00,771,62.23,USD,online_services,card,AR,mobile,1,0
9001,2026-02-01 06:00:00,446,136.54,USD,restaurants,card,BR,mobile,0,0
9002,2026-02-01 06:05:00,19,134.31,USD,electronics,card,AR,tablet,1,0
9003,2026-02-01 06:10:00,674,59.13,USD,electronics,pix,CO,mobile,1,0
9004,2026-02-01 06:15:00,456,24.47,USD,restaurants,bank_transfer,AR,mobile,1,0
9005,2026-02-01 06:20:00,772,7.93,USD,electronics,bank_transfer,BR,mobile,1,1
9006,2026-02-01 06:25:00,619,40.72,USD,electronics,card,AR,mobile,1,0
9007,2026-02-01 06:30:00,788,98.95,USD,entertainment,bank_transfer,AR,mobile,1,0
9008,2026-02-01 06:35:00,461,47.2,USD,electronics,pix,BR,mobile,1,1
9009,2026-02-01 06:40:00,8,1.06,USD,groceries,digital_wallet,US,mobile,1,0
9010,2026-02-01 06:45:00,131,79.05,USD,electronics,bank_transfer,BR,desktop,0,0
9011,2026-02-01 06:50:00,459,84.06,USD,utilities,pix,BR,desktop,0,0
9012,2026-02-01 06:55:00,398,24.5,USD,groceries,bank_transfer,CO,mobile,1,0
9013,2026-02-01 07:00:00,795,88.98,USD,online_services,card,MX,tablet,0,0
9014,2026-02-01 07:05:00,412,62.05,USD,restaurants,bank_transfer,CL,mobile,1,0
9015,2026-02-01 07:10:00,861,16.68,USD,groceries,bank_transfer,AR,desktop,1,0
9016,2026-02-01 07:15:00,188,118.07,USD,restaurants,bank_transfer,PT,mobile,1,0
9017,2026-02-01 07:20:00,385,9.32,USD,transport,card,BR,desktop,1,0
9018,2026-02-01 07:25:00,757,31.27,USD,transport,bank_transfer,BR,desktop,0,0
9019,2026-02-01 07:30:00,125,28.3,USD,utilities,card,AR,desktop,1,0
9020,2026-02-01 07:35:00,322,14.51,USD,travel,bank_transfer,BR,mobile,1,0
9021,2026-02-01 07:40:00,752,44.87,USD,entertainment,digital_wallet,AR,desktop,1,0
9022,2026-02-01 07:45:00,589,122.78,USD,online_services,card,PT,mobile,1,0
9023,2026-02-01 07:50:00,779,115.32,USD,restaurants,pix,BR,mobile,0,0
9024,2026-02-01 07:55:00,516,68.28,USD,restaurants,pix,BR,desktop,1,0
9025,2026-02-01 08:00:00,860,6.07,USD,online_services,bank_transfer,BR,mobile,1,0
9026,2026-02-01 08:05:00,878,8.71,USD,utilities,card,AR,mobile,0,0
9027,2026-02-01 08:10:00,975,39.1,USD,groceries,digital_wallet,CO,mobile,1,0
9028,2026-02-01 08:15:00,123,32.0,USD,restaurants,digital_wallet,PT,mobile,1,0
9029,2026-02-01 08:20:00,592,20.12,USD,transport,pix,CL,mobile,1,0
9030,2026-02-01 08:25:00,115,222.59,USD,groceries,card,PT,mobile,1,0
9031,2026-02-01 08:30:00,229,36.81,USD,travel,pix,BR,desktop,0,0
9032,2026-02-01 08:35:00,301,56.96,USD,entertainment,card,BR,mobile,1,0
9033,2026-02-01 08:40:00,647,88.93,USD,transport,bank_transfer,BR,mobile,1,0
9034,2026-02-01 08:45:00,432,34.99,USD,restaurants,card,MX,mobile,1,0
9035,2026-02-01 08:50:00,865,441.89,USD,electronics,card,BR,mobile,1,0
9036,2026-02-01 08:55:00,299,12.93,USD,online_services,card,BR,mobile,1,0
9037,2026-02-01 09:00:00,618,18.06,USD,entertainment,pix,BR,desktop,1,0
9038,2026-02-01 09:05:00,764,12.9,USD,online_services,pix,BR,mobile,1,0
9039,2026-02-01 09:10:00,981,158.01,USD,travel,pix,CL,mobile,1,0
9040,2026-02-01 09:15:00,246,73.85,USD,groceries,card,US,mobile,1,0
9041,2026-02-01 09:20:00,734,19.22,USD,groceries,card,BR,mobile,1,0
9042,2026-02-01 09:25:00,85,13.96,USD,restaurants,card,AR,mobile,1,0
9043,2026-02-01 09:30:00,544,132.28,USD,travel,pix,BR,mobile,0,0
9044,2026-02-01 09:35:00,414,47.55,USD,restaurants,card,BR,desktop,1,0
9045,2026-02-01 09:40:00,959,135.7,USD,transport,pix,BR,mobile,1,0
9046,2026-02-01 09:45:00,774,31.18,USD,online_services,card,AR,mobile,1,0
9047,2026-02-01 09:50:00,928,55.23,USD,groceries,digital_wallet,AR,desktop,1,0
9048,2026-02-01 09:55:00,851,44.71,USD,groceries,card,CL,mobile,1,0
9049,2026-02-01 10:00:00,411,17.74,USD,electronics,card,MX,desktop,1,0
9050,2026-02-01 10:05:00,734,28.67,USD,utilities,card,BR,mobile,1,0
9051,2026-02-01 10:10:00,31,10.13,USD,utilities,card,CO,mobile,1,0
9052,2026-02-01 10:15:00,558,54.28,USD,transport,card,CL,mobile,1,0
9053,2026-02-01 10:20:00,48,70.9,USD,transport,bank_transfer,BR,mobile,0,0
9054,2026-02-01 10:25:00,725,89.14,USD,travel,pix,BR,mobile,1,0
9055,2026-02-01 10:30:00,967,64.49,USD,utilities,card,BR,mobile,0,0
9056,2026-02-01 10:35:00,682,29.13,USD,restaurants,bank_transfer,BR,mobile,0,0
9057,2026-02-01 10:40:00,840,156.33,USD,online_services,card,BR,mobile,0,0
9058,2026-02-01 10:45:00,235,80.83,USD,utilities,bank_transfer,BR,mobile,0,0
9059,2026-02-01 10:50:00,994,132.76,USD,transport,card,US,mobile,1,0
9060,2026-02-01 10:55:00,551,141.36,USD,entertainment,card,US,mobile,1,0
9061,2026-02-01 11:00:00,675,29.21,USD,entertainment,bank_transfer,AR,desktop,1,0
9062,2026-02-01 11:05:00,771,48.81,USD,groceries,card,CO,tablet,1,0
9063,2026-02-01 11:10:00,640,71.85,USD,electronics,card,PT,mobile,1,1
9064,2026-02-01 11:15:00,318,10.49,USD,restaurants,bank_transfer,BR,mobile,0,0
9065,2026-02-01 11:20:00,612,10.73,USD,groceries,pix,AR,mobile,1,0
9066,2026-02-01 11:25:00,654,9.03,USD,electronics,bank_transfer,CL,mobile,0,0
9067,2026-02-01 11:30:00,858,29.72,USD,entertainment,pix,US,mobile,1,0
9068,2026-02-01 11:35:00,482,23.73,USD,travel,card,MX,desktop,1,0
9069,2026-02-01 11:40:00,502,7.88,USD,groceries,pix,BR,desktop,0,0
9070,2026-02-01 11:45:00,504,38.45,USD,utilities,bank_transfer,CO,mobile,1,0
9071,2026-02-01 11:50:00,115,30.1,USD,groceries,card,BR,mobile,0,0
9072,2026-02-01 11:55:00,91,108.01,USD,electronics,card,BR,mobile,0,0
9073,2026-02-01 12:00:00,21,247.89,USD,travel,pix,AR,mobile,0,0
9074,2026-02-01 12:05:00,667,52.27,USD,online_services,bank_transfer,CL,desktop,1,0
9075,2026-02-01 12:10:00,419,16.5,USD,utilities,card,BR,mobile,1,0
9076,2026-02-01 12:15:00,866,63.23,USD,restaurants,pix,BR,mobile,0,0
9077,2026-02-01 12:20:00,703,33.42,USD,electronics,card,CO,mobile,0,0
9078,2026-02-01 12:25:00,142,26.05,USD,utilities,card,BR,mobile,1,0
9079,2026-02-01 12:30:00,101,13.99,USD,restaurants,pix,MX,mobile,1,0
9080,2026-02-01 12:35:00,367,20.82,USD,online_services,card,AR,mobile,1,0
9081,2026-02-01 12:40:00,921,27.72,USD,travel,card,AR,mobile,1,0
9082,2026-02-01 12:45:00,49,74.0,USD,entertainment,pix,BR,mobile,0,0
9083,2026-02-01 12:50:00,188,55.2,USD,entertainment,card,PT,desktop,1,0
9084,2026-02-01 12:55:00,30,205.53,USD,online_services,bank_transfer,US,mobile,1,0
9085,2026-02-01 13:00:00,414,65.0,USD,entertainment,digital_wallet,BR,mobile,1,0
9086,2026-02-01 13:05:00,990,50.62,USD,electronics,pix,CL,mobile,1,0
9087,2026-02-01 13:10:00,684,24.38,USD,travel,bank_transfer,MX,desktop,1,0
9088,2026-02-01 13:15:00,494,11.73,USD,entertainment,digital_wallet,BR,mobile,0,0
9089,2026-02-01 13:20:00,145,18.73,USD,travel,pix,AR,desktop,1,0
9090,2026-02-01 13:25:00,356,16.45,USD,groceries,bank_transfer,US,desktop,1,0
9091,2026-02-01 13:30:00,525,2.56,USD,online_services,card,AR,mobile,1,0
9092,2026-02-01 13:35:00,275,12.08,USD,transport,bank_transfer,US,desktop,1,0
9093,2026-02-01 13:40:00,706,164.38,USD,entertainment,card,BR,mobile,0,0
9094,2026-02-01 13:45:00,981,47.88,USD,travel,card,US,mobile,1,0
9095,2026-02-01 13:50:00,206,22.73,USD,groceries,pix,PT,mobile,1,0
9096,2026-02-01 13:55:00,253,49.33,USD,online_services,card,BR,mobile,1,0
9097,2026-02-01 14:00:00,127,4.7,USD,groceries,card,BR,mobile,0,0
9098,2026-02-01 14:05:00,726,43.91,USD,online_services,pix,CL,mobile,1,0
9099,2026-02-01 14:10:00,462,118.81,USD,online_services,card,US,mobile,1,0
9100,2026-02-01 14:15:00,284,29.34,USD,travel,bank_transfer,BR,mobile,0,0
9101,2026-02-01 14:20:00,220,5.63,USD,online_services,digital_wallet,BR,mobile,0,0
9102,2026-02-01 14:25:00,71,21.89,USD,utilities,pix,MX,mobile,1,0
9103,2026-02-01 14:30:00,477,119.02,USD,online_services,card,BR,mobile,0,0
9104,2026-02-01 14:35:00,684,42.89,USD,utilities,pix,CL,mobile,1,0
9105,2026-02-01 14:40:00,236,8.02,USD,online_services,card,AR,mobile,1,0
9106,2026-02-01 14:45:00,2,353.41,USD,utilities,pix,PT,tablet,1,1
9107,2026-02-01 14:50:00,474,9.45,USD,online_services,card,BR,mobile,1,0
9108,2026-02-01 14:55:00,676,25.97,USD,groceries,pix,US,mobile,1,0
9109,2026-02-01 15:00:00,345,11.74,USD,electronics,card,AR,mobile,1,0
9110,2026-02-01 15:05:00,251,11.75,USD,electronics,digital_wallet,US,mobile,1,1
9111,2026-02-01 15:10:00,155,21.07,USD,online_services,card,BR,desktop,1,1
9112,2026-02-01 15:15:00,747,62.56,USD,electronics,card,CL,mobile,1,0
9113,2026-02-01 15:20:00,862,120.37,USD,electronics,card,MX,mobile,1,0
9114,2026-02-01 15:25:00,770,22.51,USD,utilities,pix,MX,mobile,1,0
9115,2026-02-01 15:30:00,519,12.06,USD,entertainment,digital_wallet,BR,mobile,0,0
9116,2026-02-01 15:35:00,725,53.44,USD,travel,card,AR,mobile,0,0
9117,2026-02-01 15:40:00,397,55.03,USD,online_services,card,BR,mobile,1,0
9118,2026-02-01 15:45:00,25,42.11,USD,utilities,card,BR,mobile,0,0
9119,2026-02-01 15:50:00,368,43.63,USD,entertainment,pix,CO,mobile,1,0
9120,2026-02-01 15:55:00,704,29.59,USD,online_services,pix,PT,mobile,1,0
9121,2026-02-01 16:00:00,648,36.53,USD,groceries,bank_transfer,CL,mobile,1,0
9122,2026-02-01 16:05:00,991,27.61,USD,travel,bank_transfer,BR,mobile,1,0
9123,2026-02-01 16:10:00,998,96.57,USD,groceries,card,BR,mobile,0,0
9124,2026-02-01 16:15:00,243,307.5,USD,utilities,digital_wallet,BR,mobile,1,0
9125,2026-02-01 16:20:00,10,39.63,USD,restaurants,bank_transfer,BR,desktop,1,0
9126,2026-02-01 16:25:00,275,32.9,USD,travel,pix,MX,mobile,1,0
9127,2026-02-01 16:30:00,877,42.77,USD,utilities,card,BR,mobile,0,0
9128,2026-02-01 16:35:00,814,17.15,USD,entertainment,pix,BR,mobile,1,0
9129,2026-02-01 16:40:00,99,71.16,USD,groceries,pix,CO,mobile,1,0
9130,2026-02-01 16:45:00,161,51.48,USD,electronics,card,BR,desktop,1,0
9131,2026-02-01 16:50:00,564,21.75,USD,utilities,card,BR,mobile,1,0
9132,2026-02-01 16:55:00,661,81.62,USD,online_services,pix,AR,mobile,1,0
9133,2026-02-01 17:00:00,983,33.75,USD,online_services,pix,BR,mobile,0,0
9134,2026-02-01 17:05:00,756,12.55,USD,utilities,card,AR,desktop,0,0
9135,2026-02-01 17:10:00,212,47.07,USD,transport,digital_wallet,AR,desktop,1,0
9136,2026-02-01 17:15:00,38,41.97,USD,utilities,card,CL,desktop,1,0
9137,2026-02-01 17:20:00,634,86.52,USD,restaurants,card,BR,desktop,0,0
9138,2026-02-01 17:25:00,554,76.06,USD,transport,card,BR,mobile,1,0
9139,2026-02-01 17:30:00,922,29.69,USD,transport,pix,CL,mobile,1,0
9140,2026-02-01 17:35:00,576,20.65,USD,electronics,card,BR,mobile,0,0
9141,2026-02-01 17:40:00,502,33.17,USD,online_services,pix,BR,mobile,0,0
9142,2026-02-01 17:45:00,304,47.62,USD,utilities,card,BR,mobile,1,1
9143,2026-02-01 17:50:00,87,53.72,USD,online_services,card,BR,mobile,1,0
9144,2026-02-01 17:55:00,877,44.76,USD,online_services,card,BR,tablet,0,0
9145,2026-02-01 18:00:00,827,30.24,USD,groceries,card,PT,mobile,1,0
9146,2026-02-01 18:05:00,163,89.73,USD,online_services,card,AR,mobile,1,0
9147,2026-02-01 18:10:00,704,16.87,USD,online_services,card,AR,mobile,1,0
9148,2026-02-01 18:15:00,365,395.2,USD,entertainment,pix,BR,mobile,1,0
9149,2026-02-01 18:20:00,438,71.03,USD,groceries,pix,BR,desktop,1,0
9150,2026-02-01 18:25:00,849,10.72,USD,entertainment,digital_wallet,CO,mobile,1,0
9151,2026-02-01 18:30:00,843,39.85,USD,entertainment,pix,CO,mobile,0,0
9152,2026-02-01 18:35:00,191,71.71,USD,groceries,card,PT,desktop,1,0
9153,2026-02-01 18:40:00,308,23.35,USD,restaurants,pix,BR,mobile,1,0
9154,2026-02-01 18:45:00,822,7.43,USD,utilities,card,BR,mobile,1,0
9155,2026-02-01 18:50:00,917,11.72,USD,restaurants,pix,CO,mobile,1,1
9156,2026-02-01 18:55:00,80,56.95,USD,transport,card,BR,desktop,0,0
9157,2026-02-01 19:00:00,834,5.73,USD,travel,digital_wallet,BR,mobile,0,0
9158,2026-02-01 19:05:00,490,7.77,USD,utilities,pix,BR,mobile,1,0
9159,2026-02-01 19:10:00,591,56.65,USD,transport,bank_transfer,BR,mobile,0,0
9160,2026-02-01 19:15:00,76,26.51,USD,groceries,pix,MX,desktop,1,0
9161,2026-02-01 19:20:00,681,16.51,USD,utilities,card,US,desktop,1,0
9162,2026-02-01 19:25:00,678,20.19,USD,online_services,card,CL,desktop,1,0
9163,2026-02-01 19:30:00,663,7.61,USD,utilities,card,BR,mobile,1,0
9164,2026-02-01 19:35:00,791,53.76,USD,electronics,bank_transfer,CO,mobile,1,0
9165,2026-02-01 19:40:00,947,14.78,USD,entertainment,bank_transfer,CL,mobile,1,0
9166,2026-02-01 19:45:00,850,19.38,USD,restaurants,card,MX,mobile,1,0
9167,2026-02-01 19:50:00,745,46.84,USD,entertainment,pix,AR,desktop,1,0
9168,2026-02-01 19:55:00,982,25.62,USD,travel,card,PT,mobile,1,0
9169,2026-02-01 20:00:00,675,16.37,USD,entertainment,pix,BR,mobile,1,0
9170,2026-02-01 20:05:00,673,4.53,USD,entertainment,bank_transfer,CL,mobile,1,0
9171,2026-02-01 20:10:00,543,47.82,USD,online_services,card,MX,mobile,1,0
9172,2026-02-01 20:15:00,770,35.84,USD,utilities,card,US,mobile,1,0
9173,2026-02-01 20:20:00,72,19.74,USD,groceries,pix,US,mobile,1,0
9174,2026-02-01 20:25:00,506,11.74,USD,entertainment,card,BR,desktop,1,0
9175,2026-02-01 20:30:00,426,33.54,USD,entertainment,card,CL,mobile,1,0
9176,2026-02-01 20:35:00,913,53.54,USD,travel,card,BR,mobile,0,0
9177,2026-02-01 20:40:00,73,36.52,USD,travel,pix,CL,mobile,1,0
9178,2026-02-01 20:45:00,644,170.39,USD,groceries,digital_wallet,BR,mobile,1,0
9179,2026-02-01 20:50:00,185,67.01,USD,transport,bank_transfer,BR,mobile,1,0
9180,2026-02-01 20:55:00,884,29.75,USD,utilities,pix,US,mobile,1,0
9181,2026-02-01 21:00:00,852,69.29,USD,groceries,bank_transfer,MX,desktop,1,0
9182,2026-02-01 21:05:00,236,34.77,USD,online_services,pix,AR,mobile,1,0
9183,2026-02-01 21:10:00,872,34.65,USD,restaurants,pix,BR,mobile,1,0
9184,2026-02-01 21:15:00,497,121.07,USD,utilities,card,BR,mobile,1,0
9185,2026-02-01 21:20:00,972,13.49,USD,restaurants,card,BR,mobile,1,0
9186,2026-02-01 21:25:00,730,33.9,USD,groceries,pix,BR,tablet,1,0
9187,2026-02-01 21:30:00,35,108.82,USD,travel,digital_wallet,US,desktop,1,1
9188,2026-02-01 21:35:00,203,45.1,USD,utilities,pix,AR,desktop,1,0
9189,2026-02-01 21:40:00,404,22.9,USD,groceries,digital_wallet,BR,mobile,0,0
9190,2026-02-01 21:45:00,212,6.01,USD,transport,card,CO,desktop,1,0
9191,2026-02-01 21:50:00,133,3.42,USD,transport,card,BR,mobile,1,0
9192,2026-02-01 21:55:00,979,264.06,USD,online_services,digital_wallet,BR,mobile,0,0
9193,2026-02-01 22:00:00,870,45.08,USD,transport,card,BR,mobile,1,0
9194,2026-02-01 22:05:00,435,18.47,USD,groceries,pix,BR,mobile,0,0
9195,2026-02-01 22:10:00,216,46.97,USD,online_services,card,AR,mobile,1,0
9196,2026-02-01 22:15:00,182,12.84,USD,groceries,bank_transfer,CO,mobile,1,0
9197,2026-02-01 22:20:00,916,23.78,USD,electronics,card,AR,mobile,0,0
9198,2026-02-01 22:25:00,332,12.92,USD,restaurants,digital_wallet,MX,mobile,1,0
9199,2026-02-01 22:30:00,13,8.06,USD,transport,card,US,mobile,1,0
9200,2026-02-01 22:35:00,398,4.04,USD,utilities,card,MX,mobile,1,0
9201,2026-02-01 22:40:00,455,6.7,USD,restaurants,bank_transfer,PT,mobile,1,0
9202,2026-02-01 22:45:00,624,91.95,USD,entertainment,card,US,mobile,1,0
9203,2026-02-01 22:50:00,339,12.34,USD,travel,card,MX,mobile,1,0
9204,2026-02-01 22:55:00,924,56.54,USD,entertainment,pix,BR,desktop,1,0
9205,2026-02-01 23:00:00,644,86.2,USD,restaurants,card,BR,mobile,1,0
9206,2026-02-01 23:05:00,987,33.67,USD,transport,card,CO,mobile,1,0
9207,2026-02-01 23:10:00,368,24.57,USD,groceries,card,MX,mobile,1,0
9208,2026-02-01 23:15:00,652,37.83,USD,online_services,pix,MX,mobile,1,0
9209,2026-02-01 23:20:00,366,21.83,USD,online_services,card,CL,mobile,1,1
9210,2026-02-01 23:25:00,700,110.38,USD,electronics,bank_transfer,MX,desktop,1,0
9211,2026-02-01 23:30:00,746,216.27,USD,travel,bank_transfer,CO,desktop,1,0
9212,2026-02-01 23:35:00,322,141.15,USD,restaurants,card,CL,mobile,0,0
9213,2026-02-01 23:40:00,938,3.85,USD,online_services,pix,BR,mobile,1,0
9214,2026-02-01 23:45:00,858,21.39,USD,utilities,pix,AR,mobile,1,0
9215,2026-02-01 23:50:00,895,33.25,USD,groceries,pix,BR,mobile,0,0
9216,2026-02-01 23:55:00,218,52.62,USD,travel,card,BR,desktop,1,0
9217,2026-02-02 00:00:00,718,5.89,USD,restaurants,pix,AR,mobile,1,0
9218,2026-02-02 00:05:00,107,5.79,USD,travel,card,BR,desktop,1,0
9219,2026-02-02 00:10:00,106,122.34,USD,entertainment,pix,US,mobile,1,0
9220,2026-02-02 00:15:00,974,18.93,USD,electronics,card,AR,mobile,1,0
9221,2026-02-02 00:20:00,153,7.48,USD,electronics,digital_wallet,CL,mobile,1,0
9222,2026-02-02 00:25:00,865,10.98,USD,entertainment,card,BR,mobile,1,0
9223,2026-02-02 00:30:00,431,48.93,USD,restaurants,pix,MX,mobile,1,0
9224,2026-02-02 00:35:00,304,14.55,USD,groceries,pix,AR,mobile,0,0
9225,2026-02-02 00:40:00,74,42.17,USD,electronics,card,AR,desktop,0,0
9226,2026-02-02 00:45:00,676,12.44,USD,electronics,card,CL,mobile,1,0
9227,2026-02-02 00:50:00,722,5.79,USD,transport,card,AR,mobile,1,0
9228,2026-02-02 00:55:00,468,137.6,USD,electronics,pix,AR,mobile,1,0
9229,2026-02-02 01:00:00,810,49.31,USD,groceries,pix,CO,mobile,1,0
9230,2026-02-02 01:05:00,324,23.72,USD,entertainment,card,MX,desktop,1,0
9231,2026-02-02 01:10:00,552,19.66,USD,utilities,pix,BR,desktop,1,0
9232,2026-02-02 01:15:00,287,143.29,USD,transport,card,US,mobile,1,0
9233,2026-02-02 01:20:00,583,59.83,USD,entertainment,pix,BR,mobile,1,0
9234,2026-02-02 01:25:00,137,104.25,USD,restaurants,card,BR,mobile,0,0
9235,2026-02-02 01:30:00,477,18.47,USD,electronics,bank_transfer,BR,mobile,0,0
9236,2026-02-02 01:35:00,550,34.84,USD,transport,pix,BR,mobile,0,0
9237,2026-02-02 01:40:00,557,49.51,USD,online_services,card,BR,mobile,0,0
9238,2026-02-02 01:45:00,447,19.1,USD,electronics,pix,MX,mobile,1,1
9239,2026-02-02 01:50:00,644,30.1,USD,entertainment,bank_transfer,AR,desktop,1,0
9240,2026-02-02 01:55:00,513,18.47,USD,restaurants,card,PT,mobile,1,0
9241,2026-02-02 02:00:00,284,49.36,USD,online_services,card,BR,desktop,0,0
9242,2026-02-02 02:05:00,216,8.83,USD,entertainment,card,CL,desktop,1,0
9243,2026-02-02 02:10:00,648,58.67,USD,groceries,card,BR,desktop,0,0
9244,2026-02-02 02:15:00,939,45.18,USD,transport,pix,AR,desktop,1,0
9245,2026-02-02 02:20:00,754,27.02,USD,travel,pix,BR,mobile,0,0
9246,2026-02-02 02:25:00,639,51.91,USD,electronics,card,CL,mobile,1,0
9247,2026-02-02 02:30:00,922,22.99,USD,utilities,card,CO,mobile,1,0
9248,2026-02-02 02:35:00,900,16.94,USD,travel,pix,BR,mobile,1,0
9249,2026-02-02 02:40:00,507,57.04,USD,travel,pix,BR,mobile,1,0
9250,2026-02-02 02:45:00,110,59.56,USD,electronics,bank_transfer,BR,desktop,1,0
9251,2026-02-02 02:50:00,635,19.94,USD,utilities,pix,BR,mobile,1,0
9252,2026-02-02 02:55:00,623,18.3,USD,entertainment,card,CL,mobile,1,0
9253,2026-02-02 03:00:00,278,27.58,USD,entertainment,pix,AR,mobile,1,0
9254,2026-02-02 03:05:00,850,19.07,USD,entertainment,pix,MX,desktop,1,0
9255,2026-02-02 03:10:00,870,152.19,USD,entertainment,pix,PT,desktop,1,0
9256,2026-02-02 03:15:00,331,45.44,USD,utilities,card,BR,mobile,1,0
9257,2026-02-02 03:20:00,477,33.6,USD,restaurants,bank_transfer,US,mobile,1,0
9258,2026-02-02 03:25:00,196,13.03,USD,travel,card,CO,desktop,1,0
9259,2026-02-02 03:30:00,179,69.34,USD,restaurants,card,BR,mobile,0,0
9260,2026-02-02 03:35:00,266,17.96,USD,transport,card,MX,mobile,1,0
9261,2026-02-02 03:40:00,366,17.24,USD,transport,bank_transfer,AR,desktop,1,0
9262,2026-02-02 03:45:00,273,71.71,USD,restaurants,pix,CO,mobile,1,0
9263,2026-02-02 03:50:00,152,48.78,USD,travel,card,CO,desktop,1,0
9264,2026-02-02 03:55:00,448,2.71,USD,electronics,card,US,desktop,1,0
9265,2026-02-02 04:00:00,624,28.28,USD,electronics,card,CO,mobile,1,0
9266,2026-02-02 04:05:00,326,37.54,USD,utilities,pix,MX,mobile,1,0
9267,2026-02-02 04:10:00,534,23.58,USD,transport,pix,BR,mobile,0,0
9268,2026-02-02 04:15:00,272,38.88,USD,groceries,pix,PT,mobile,1,0
9269,2026-02-02 04:20:00,704,5.42,USD,utilities,pix,CL,mobile,0,0
9270,2026-02-02 04:25:00,649,1.95,USD,restaurants,bank_transfer,CO,mobile,1,0
9271,2026-02-02 04:30:00,961,12.49,USD,online_services,card,US,mobile,1,0
9272,2026-02-02 04:35:00,54,43.91,USD,entertainment,bank_transfer,BR,desktop,1,0
9273,2026-02-02 04:40:00,854,1.32,USD,transport,card,BR,mobile,0,0
9274,2026-02-02 04:45:00,341,14.25,USD,travel,pix,MX,mobile,1,0
9275,2026-02-02 04:50:00,67,4.84,USD,online_services,pix,US,mobile,1,0
9276,2026-02-02 04:55:00,690,25.98,USD,online_services,digital_wallet,CO,mobile,0,0
9277,2026-02-02 05:00:00,172,234.6,USD,electronics,card,AR,mobile,1,0
9278,2026-02-02 05:05:00,176,26.65,USD,groceries,pix,BR,desktop,0,0
9279,2026-02-02 05:10:00,980,29.74,USD,groceries,pix,AR,mobile,1,0
9280,2026-02-02 05:15:00,221,76.65,USD,online_services,digital_wallet,BR,desktop,1,0
9281,2026-02-02 05:20:00,548,33.83,USD,entertainment,card,US,mobile,1,0
9282,2026-02-02 05:25:00,201,26.71,USD,entertainment,pix,AR,mobile,0,0
9283,2026-02-02 05:30:00,124,83.65,USD,entertainment,card,BR,desktop,0,0
9284,2026-02-02 05:35:00,1,53.08,USD,utilities,bank_transfer,AR,mobile,1,0
9285,2026-02-02 05:40:00,17,44.2,USD,travel,bank_transfer,US,mobile,1,0
9286,2026-02-02 05:45:00,474,28.82,USD,electronics,pix,CL,mobile,1,0
9287,2026-02-02 05:50:00,435,23.43,USD,restaurants,pix,BR,desktop,0,0
9288,2026-02-02 05:55:00,39,82.86,USD,transport,pix,AR,mobile,1,0
9289,2026-02-02 06:00:00,350,23.65,USD,utilities,pix,AR,mobile,0,0
9290,2026-02-02 06:05:00,273,113.44,USD,groceries,card,BR,desktop,1,0
9291,2026-02-02 06:10:00,572,11.62,USD,restaurants,bank_transfer,CO,mobile,1,0
9292,2026-02-02 06:15:00,995,138.9,USD,utilities,pix,BR,desktop,1,0
9293,2026-02-02 06:20:00,692,53.09,USD,entertainment,card,AR,mobile,0,0
9294,2026-02-02 06:25:00,919,12.57,USD,restaurants,pix,BR,mobile,1,0
9295,2026-02-02 06:30:00,193,55.09,USD,groceries,card,AR,mobile,1,0
9296,2026-02-02 06:35:00,216,17.28,USD,restaurants,pix,AR,mobile,1,0
9297,2026-02-02 06:40:00,751,34.24,USD,groceries,pix,CL,mobile,1,0
9298,2026-02-02 06:45:00,311,20.36,USD,transport,pix,BR,desktop,0,0
9299,2026-02-02 06:50:00,849,28.99,USD,utilities,card,BR,mobile,0,0
9300,2026-02-02 06:55:00,464,84.9,USD,utilities,pix,CO,mobile,1,0
9301,2026-02-02 07:00:00,201,55.62,USD,transport,pix,US,mobile,1,0
9302,2026-02-02 07:05:00,845,10.75,USD,transport,pix,BR,mobile,0,0
9303,2026-02-02 07:10:00,551,11.38,USD,utilities,pix,BR,mobile,0,0
9304,2026-02-02 07:15:00,803,43.41,USD,electronics,pix,US,mobile,1,0
9305,2026-02-02 07:20:00,453,46.67,USD,restaurants,pix,BR,mobile,0,0
9306,2026-02-02 07:25:00,127,16.87,USD,entertainment,card,PT,mobile,1,0
9307,2026-02-02 07:30:00,682,162.6,USD,electronics,card,MX,mobile,1,0
9308,2026-02-02 07:35:00,125,74.7,USD,online_services,card,BR,mobile,0,0
9309,2026-02-02 07:40:00,664,17.72,USD,online_services,bank_transfer,BR,mobile,1,0
9310,2026-02-02 07:45:00,417,16.08,USD,utilities,card,PT,mobile,1,0
9311,2026-02-02 07:50:00,792,26.37,USD,online_services,pix,BR,mobile,0,0
9312,2026-02-02 07:55:00,871,23.76,USD,travel,pix,AR,mobile,1,0
9313,2026-02-02 08:00:00,408,116.3,USD,travel,card,BR,mobile,0,0
9314,2026-02-02 08:05:00,883,88.63,USD,groceries,card,CL,mobile,1,0
9315,2026-02-02 08:10:00,111,34.3,USD,restaurants,card,MX,desktop,1,0
9316,2026-02-02 08:15:00,108,65.23,USD,restaurants,card,CL,mobile,1,0
9317,2026-02-02 08:20:00,994,75.41,USD,online_services,card,BR,mobile,1,0
9318,2026-02-02 08:25:00,575,35.1,USD,transport,bank_transfer,AR,mobile,1,0
9319,2026-02-02 08:30:00,451,49.53,USD,travel,digital_wallet,CL,mobile,0,0
9320,2026-02-02 08:35:00,156,59.99,USD,electronics,card,BR,mobile,1,0
9321,2026-02-02 08:40:00,289,53.93,USD,utilities,card,CO,mobile,1,0
9322,2026-02-02 08:45:00,687,15.2,USD,transport,pix,CL,mobile,1,0
9323,2026-02-02 08:50:00,822,16.82,USD,online_services,digital_wallet,BR,mobile,1,0
9324,2026-02-02 08:55:00,917,24.81,USD,travel,digital_wallet,PT,mobile,1,0
9325,2026-02-02 09:00:00,408,16.34,USD,restaurants,digital_wallet,BR,mobile,0,0
9326,2026-02-02 09:05:00,455,7.59,USD,electronics,card,BR,desktop,0,1
9327,2026-02-02 09:10:00,164,65.1,USD,transport,digital_wallet,BR,mobile,1,0
9328,2026-02-02 09:15:00,84,46.82,USD,entertainment,card,BR,mobile,1,0
9329,2026-02-02 09:20:00,438,8.68,USD,transport,card,BR,mobile,1,0
9330,2026-02-02 09:25:00,580,26.03,USD,groceries,pix,BR,desktop,1,0
9331,2026-02-02 09:30:00,105,27.54,USD,utilities,pix,MX,mobile,1,0
9332,2026-02-02 09:35:00,409,39.72,USD,online_services,bank_transfer,CL,mobile,1,0
9333,2026-02-02 09:40:00,642,11.22,USD,transport,pix,BR,desktop,1,0
9334,2026-02-02 09:45:00,811,8.55,USD,utilities,bank_transfer,CO,mobile,1,1
9335,2026-02-02 09:50:00,939,55.69,USD,groceries,card,CO,tablet,1,0
9336,2026-02-02 09:55:00,341,7.14,USD,transport,card,AR,mobile,1,0
9337,2026-02-02 10:00:00,392,26.24,USD,groceries,bank_transfer,PT,mobile,1,0
9338,2026-02-02 10:05:00,875,23.9,USD,electronics,pix,BR,desktop,0,0
9339,2026-02-02 10:10:00,694,29.27,USD,travel,card,BR,mobile,0,0
9340,2026-02-02 10:15:00,274,42.64,USD,online_services,card,BR,mobile,1,0
9341,2026-02-02 10:20:00,686,163.79,USD,utilities,bank_transfer,BR,mobile,1,0
9342,2026-02-02 10:25:00,158,6.69,USD,online_services,digital_wallet,AR,mobile,1,0
9343,2026-02-02 10:30:00,450,79.57,USD,entertainment,bank_transfer,BR,mobile,1,0
9344,2026-02-02 10:35:00,307,2.69,USD,electronics,pix,AR,mobile,0,0
9345,2026-02-02 10:40:00,993,133.45,USD,online_services,bank_transfer,US,mobile,1,0
9346,2026-02-02 10:45:00,35,4.29,USD,groceries,card,MX,mobile,1,0
9347,2026-02-02 10:50:00,857,378.57,USD,utilities,pix,CL,mobile,1,0
9348,2026-02-02 10:55:00,282,22.43,USD,online_services,pix,CL,mobile,1,0
9349,2026-02-02 11:00:00,37,120.35,USD,groceries,digital_wallet,CO,mobile,1,0
9350,2026-02-02 11:05:00,661,97.92,USD,entertainment,card,AR,desktop,1,0
9351,2026-02-02 11:10:00,679,21.4,USD,online_services,digital_wallet,BR,mobile,0,0
9352,2026-02-02 11:15:00,143,23.11,USD,entertainment,pix,BR,desktop,1,0
9353,2026-02-02 11:20:00,39,14.34,USD,online_services,card,BR,mobile,1,0
9354,2026-02-02 11:25:00,112,72.77,USD,transport,pix,AR,desktop,1,0
9355,2026-02-02 11:30:00,409,21.68,USD,entertainment,card,AR,mobile,1,0
9356,2026-02-02 11:35:00,133,14.6,USD,utilities,pix,BR,mobile,1,0
9357,2026-02-02 11:40:00,704,56.67,USD,groceries,pix,BR,mobile,1,0
9358,2026-02-02 11:45:00,78,13.5,USD,travel,bank_transfer,MX,mobile,1,1
9359,2026-02-02 11:50:00,789,23.83,USD,online_services,pix,BR,mobile,0,1
9360,2026-02-02 11:55:00,875,36.86,USD,electronics,bank_transfer,BR,mobile,0,0
9361,2026-02-02 12:00:00,717,17.42,USD,utilities,card,BR,mobile,1,0
9362,2026-02-02 12:05:00,945,20.26,USD,entertainment,bank_transfer,BR,mobile,0,0
9363,2026-02-02 12:10:00,940,153.7,USD,transport,bank_transfer,CO,mobile,1,0
9364,2026-02-02 12:15:00,47,27.0,USD,transport,pix,BR,mobile,1,0
9365,2026-02-02 12:20:00,342,23.11,USD,electronics,card,BR,mobile,1,0
9366,2026-02-02 12:25:00,761,27.8,USD,electronics,digital_wallet,PT,mobile,1,1
9367,2026-02-02 12:30:00,340,52.17,USD,travel,bank_transfer,AR,mobile,0,0
9368,2026-02-02 12:35:00,738,11.78,USD,entertainment,bank_transfer,CL,mobile,1,0
9369,2026-02-02 12:40:00,775,50.77,USD,electronics,card,CL,mobile,1,0
9370,2026-02-02 12:45:00,997,42.77,USD,entertainment,bank_transfer,BR,mobile,0,0
9371,2026-02-02 12:50:00,330,5.54,USD,entertainment,card,BR,mobile,1,0
9372,2026-02-02 12:55:00,348,199.19,USD,online_services,pix,BR,desktop,1,0
9373,2026-02-02 13:00:00,25,142.71,USD,utilities,pix,BR,mobile,0,0
9374,2026-02-02 13:05:00,286,14.87,USD,travel,card,BR,desktop,0,0
9375,2026-02-02 13:10:00,281,10.78,USD,restaurants,card,CL,mobile,1,0
9376,2026-02-02 13:15:00,454,41.6,USD,transport,pix,BR,desktop,1,0
9377,2026-02-02 13:20:00,422,7.96,USD,transport,card,BR,mobile,0,0
9378,2026-02-02 13:25:00,857,129.58,USD,transport,pix,AR,mobile,1,0
9379,2026-02-02 13:30:00,774,20.73,USD,online_services,card,BR,mobile,0,0
9380,2026-02-02 13:35:00,729,167.64,USD,travel,card,CL,mobile,1,0
9381,2026-02-02 13:40:00,6,14.52,USD,online_services,pix,BR,mobile,0,0
9382,2026-02-02 13:45:00,472,29.6,USD,groceries,digital_wallet,CO,mobile,1,0
9383,2026-02-02 13:50:00,730,117.59,USD,entertainment,pix,MX,desktop,0,0
9384,2026-02-02 13:55:00,245,23.97,USD,travel,card,AR,mobile,1,0
9385,2026-02-02 14:00:00,425,43.47,USD,utilities,digital_wallet,MX,desktop,0,0
9386,2026-02-02 14:05:00,728,98.76,USD,electronics,digital_wallet,BR,mobile,1,0
9387,2026-02-02 14:10:00,795,18.99,USD,travel,pix,BR,mobile,1,0
9388,2026-02-02 14:15:00,855,9.38,USD,transport,pix,BR,mobile,0,0
9389,2026-02-02 14:20:00,430,7.7,USD,entertainment,card,BR,mobile,1,0
9390,2026-02-02 14:25:00,400,59.35,USD,restaurants,pix,US,mobile,1,0
9391,2026-02-02 14:30:00,383,48.85,USD,entertainment,bank_transfer,BR,mobile,1,0
9392,2026-02-02 14:35:00,669,95.74,USD,electronics,digital_wallet,BR,mobile,0,0
9393,2026-02-02 14:40:00,420,25.18,USD,utilities,card,US,desktop,1,0
9394,2026-02-02 14:45:00,401,7.92,USD,groceries,card,BR,desktop,0,0
9395,2026-02-02 14:50:00,169,3.15,USD,restaurants,bank_transfer,CL,tablet,1,0
9396,2026-02-02 14:55:00,479,582.87,USD,travel,bank_transfer,BR,mobile,1,0
9397,2026-02-02 15:00:00,238,56.09,USD,transport,pix,PT,mobile,1,0
9398,2026-02-02 15:05:00,525,37.97,USD,transport,card,BR,mobile,0,0
9399,2026-02-02 15:10:00,889,43.76,USD,online_services,pix,CO,mobile,1,0
9400,2026-02-02 15:15:00,776,7.91,USD,online_services,pix,AR,mobile,1,0
9401,2026-02-02 15:20:00,479,14.96,USD,groceries,card,PT,desktop,1,0
9402,2026-02-02 15:25:00,978,189.3,USD,travel,card,PT,tablet,1,0
9403,2026-02-02 15:30:00,981,63.97,USD,entertainment,card,MX,mobile,1,0
9404,2026-02-02 15:35:00,445,15.43,USD,utilities,pix,BR,desktop,1,0
9405,2026-02-02 15:40:00,764,9.71,USD,restaurants,card,AR,mobile,1,0
9406,2026-02-02 15:45:00,343,19.77,USD,utilities,pix,US,mobile,1,0
9407,2026-02-02 15:50:00,879,24.16,USD,entertainment,card,CL,mobile,1,0
9408,2026-02-02 15:55:00,374,257.02,USD,online_services,card,US,mobile,1,0
9409,2026-02-02 16:00:00,259,27.43,USD,entertainment,digital_wallet,MX,mobile,0,0
9410,2026-02-02 16:05:00,134,10.08,USD,utilities,pix,BR,mobile,0,0
9411,2026-02-02 16:10:00,843,31.23,USD,groceries,card,BR,mobile,1,0
9412,2026-02-02 16:15:00,297,43.14,USD,restaurants,pix,BR,mobile,1,0
9413,2026-02-02 16:20:00,814,9.2,USD,travel,card,CL,mobile,1,0
9414,2026-02-02 16:25:00,87,49.51,USD,transport,pix,AR,mobile,1,0
9415,2026-02-02 16:30:00,501,110.93,USD,restaurants,card,BR,mobile,1,0
9416,2026-02-02 16:35:00,428,38.04,USD,entertainment,digital_wallet,CO,tablet,1,0
9417,2026-02-02 16:40:00,439,14.92,USD,online_services,card,BR,desktop,1,0
9418,2026-02-02 16:45:00,168,19.51,USD,travel,bank_transfer,BR,tablet,1,0
9419,2026-02-02 16:50:00,74,6.3,USD,travel,pix,AR,mobile,0,0
9420,2026-02-02 16:55:00,347,28.97,USD,travel,card,AR,mobile,1,0
9421,2026-02-02 17:00:00,471,45.19,USD,electronics,bank_transfer,BR,desktop,1,0
9422,2026-02-02 17:05:00,794,13.51,USD,entertainment,card,CO,desktop,0,0
9423,2026-02-02 17:10:00,463,230.37,USD,utilities,pix,MX,mobile,1,0
9424,2026-02-02 17:15:00,246,73.13,USD,groceries,bank_transfer,CL,tablet,1,0
9425,2026-02-02 17:20:00,263,5.51,USD,transport,card,PT,mobile,1,0
9426,2026-02-02 17:25:00,612,5.63,USD,restaurants,card,BR,desktop,0,1
9427,2026-02-02 17:30:00,436,12.38,USD,utilities,bank_transfer,BR,mobile,0,0
9428,2026-02-02 17:35:00,902,159.68,USD,entertainment,card,BR,mobile,0,0
9429,2026-02-02 17:40:00,440,80.71,USD,entertainment,digital_wallet,CO,mobile,1,0
9430,2026-02-02 17:45:00,567,167.96,USD,entertainment,card,BR,mobile,0,0
9431,2026-02-02 17:50:00,64,33.46,USD,travel,card,US,mobile,1,0
9432,2026-02-02 17:55:00,194,26.86,USD,utilities,card,AR,mobile,0,0
9433,2026-02-02 18:00:00,851,9.51,USD,restaurants,pix,MX,mobile,1,0
9434,2026-02-02 18:05:00,345,46.98,USD,entertainment,digital_wallet,BR,mobile,0,0
9435,2026-02-02 18:10:00,422,27.22,USD,utilities,card,CO,mobile,1,0
9436,2026-02-02 18:15:00,591,26.19,USD,restaurants,pix,BR,mobile,0,0
9437,2026-02-02 18:20:00,58,167.01,USD,entertainment,card,AR,mobile,1,0
9438,2026-02-02 18:25:00,507,29.18,USD,groceries,card,CO,mobile,0,0
9439,2026-02-02 18:30:00,347,125.33,USD,restaurants,card,BR,mobile,0,0
9440,2026-02-02 18:35:00,149,6.77,USD,electronics,pix,US,desktop,1,0
9441,2026-02-02 18:40:00,419,486.93,USD,online_services,pix,CO,desktop,1,0
9442,2026-02-02 18:45:00,447,22.8,USD,transport,card,CO,mobile,1,0
9443,2026-02-02 18:50:00,187,67.17,USD,electronics,digital_wallet,BR,mobile,1,0
9444,2026-02-02 18:55:00,544,78.75,USD,utilities,card,BR,desktop,0,0
9445,2026-02-02 19:00:00,747,20.14,USD,utilities,bank_transfer,BR,mobile,0,1
9446,2026-02-02 19:05:00,268,75.12,USD,entertainment,card,CL,mobile,1,0
9447,2026-02-02 19:10:00,967,79.12,USD,groceries,pix,BR,tablet,0,0
9448,2026-02-02 19:15:00,613,16.23,USD,utilities,card,PT,desktop,1,0
9449,2026-02-02 19:20:00,774,16.42,USD,transport,pix,PT,desktop,1,0
9450,2026-02-02 19:25:00,71,34.65,USD,travel,bank_transfer,BR,mobile,0,0
9451,2026-02-02 19:30:00,768,29.5,USD,entertainment,pix,CO,mobile,1,0
9452,2026-02-02 19:35:00,337,133.37,USD,transport,card,BR,desktop,1,0
9453,2026-02-02 19:40:00,711,66.86,USD,entertainment,pix,BR,mobile,0,0
9454,2026-02-02 19:45:00,805,30.86,USD,travel,card,BR,desktop,0,0
9455,2026-02-02 19:50:00,251,60.71,USD,restaurants,card,MX,mobile,1,0
9456,2026-02-02 19:55:00,260,4.28,USD,restaurants,pix,US,desktop,1,0
9457,2026-02-02 20:00:00,60,17.9,USD,utilities,digital_wallet,BR,mobile,1,0
9458,2026-02-02 20:05:00,606,44.16,USD,groceries,card,BR,mobile,1,0
9459,2026-02-02 20:10:00,775,101.02,USD,electronics,pix,BR,desktop,0,0
9460,2026-02-02 20:15:00,411,40.44,USD,electronics,bank_transfer,AR,mobile,1,0
9461,2026-02-02 20:20:00,161,142.34,USD,electronics,pix,BR,mobile,1,0
9462,2026-02-02 20:25:00,317,78.88,USD,electronics,pix,MX,tablet,1,0
9463,2026-02-02 20:30:00,403,20.32,USD,online_services,card,US,mobile,1,1
9464,2026-02-02 20:35:00,917,28.79,USD,groceries,card,BR,mobile,1,0
9465,2026-02-02 20:40:00,125,49.82,USD,online_services,card,US,mobile,1,0
9466,2026-02-02 20:45:00,344,21.14,USD,entertainment,pix,CL,desktop,1,0
9467,2026-02-02 20:50:00,639,153.13,USD,online_services,card,AR,mobile,0,0
9468,2026-02-02 20:55:00,237,10.93,USD,entertainment,pix,MX,mobile,1,0
9469,2026-02-02 21:00:00,885,45.43,USD,online_services,pix,AR,desktop,1,0
9470,2026-02-02 21:05:00,910,69.09,USD,groceries,card,AR,mobile,1,0
9471,2026-02-02 21:10:00,381,24.2,USD,entertainment,pix,BR,desktop,1,0
9472,2026-02-02 21:15:00,746,19.32,USD,entertainment,pix,CO,desktop,1,0
9473,2026-02-02 21:20:00,756,30.69,USD,online_services,pix,BR,mobile,1,0
9474,2026-02-02 21:25:00,682,74.59,USD,groceries,pix,BR,mobile,0,0
9475,2026-02-02 21:30:00,187,20.09,USD,travel,card,AR,desktop,1,0
9476,2026-02-02 21:35:00,50,11.37,USD,travel,pix,BR,mobile,0,0
9477,2026-02-02 21:40:00,348,104.65,USD,groceries,bank_transfer,BR,mobile,1,0
9478,2026-02-02 21:45:00,132,49.37,USD,travel,pix,BR,mobile,1,0
9479,2026-02-02 21:50:00,293,90.73,USD,electronics,pix,US,mobile,1,0
9480,2026-02-02 21:55:00,639,70.76,USD,electronics,card,AR,mobile,0,0
9481,2026-02-02 22:00:00,589,292.92,USD,entertainment,bank_transfer,BR,mobile,1,0
9482,2026-02-02 22:05:00,210,100.99,USD,entertainment,card,MX,mobile,1,0
9483,2026-02-02 22:10:00,18,16.05,USD,entertainment,card,MX,mobile,0,0
9484,2026-02-02 22:15:00,226,53.0,USD,electronics,card,BR,mobile,1,0
9485,2026-02-02 22:20:00,455,18.96,USD,online_services,bank_transfer,AR,mobile,1,0
9486,2026-02-02 22:25:00,780,21.03,USD,restaurants,pix,BR,desktop,0,0
9487,2026-02-02 22:30:00,366,8.06,USD,transport,bank_transfer,AR,desktop,1,0
9488,2026-02-02 22:35:00,286,24.88,USD,electronics,pix,CO,mobile,1,0
9489,2026-02-02 22:40:00,552,57.11,USD,transport,bank_transfer,BR,mobile,1,0
9490,2026-02-02 22:45:00,72,31.0,USD,transport,pix,AR,desktop,1,0
9491,2026-02-02 22:50:00,226,11.03,USD,online_services,pix,BR,desktop,1,0
9492,2026-02-02 22:55:00,37,7.22,USD,restaurants,card,AR,desktop,0,0
9493,2026-02-02 23:00:00,526,273.65,USD,travel,pix,BR,mobile,1,0
9494,2026-02-02 23:05:00,444,45.84,USD,electronics,pix,MX,mobile,1,0
9495,2026-02-02 23:10:00,583,14.53,USD,groceries,card,AR,mobile,1,0
9496,2026-02-02 23:15:00,618,52.55,USD,restaurants,card,BR,mobile,1,0
9497,2026-02-02 23:20:00,396,295.65,USD,transport,card,CO,mobile,1,0
9498,2026-02-02 23:25:00,869,61.59,USD,electronics,card,BR,mobile,0,0
9499,2026-02-02 23:30:00,919,2.04,USD,electronics,pix,AR,desktop,0,0
9500,2026-02-02 23:35:00,111,469.79,USD,travel,pix,AR,mobile,1,0
9501,2026-02-02 23:40:00,921,5.21,USD,electronics,digital_wallet,BR,mobile,1,0
9502,2026-02-02 23:45:00,197,26.95,USD,utilities,pix,BR,mobile,1,0
9503,2026-02-02 23:50:00,249,10.66,USD,transport,pix,BR,mobile,1,0
9504,2026-02-02 23:55:00,530,15.8,USD,utilities,pix,CO,mobile,0,0
9505,2026-02-03 00:00:00,30,44.01,USD,online_services,pix,CO,mobile,1,0
9506,2026-02-03 00:05:00,365,4.17,USD,entertainment,card,BR,mobile,1,0
9507,2026-02-03 00:10:00,195,30.26,USD,groceries,card,BR,mobile,0,0
9508,2026-02-03 00:15:00,483,104.31,USD,online_services,card,US,mobile,1,0
9509,2026-02-03 00:20:00,815,14.25,USD,utilities,pix,BR,mobile,0,0
9510,2026-02-03 00:25:00,925,8.25,USD,travel,card,BR,mobile,1,0
9511,2026-02-03 00:30:00,213,28.81,USD,transport,pix,CL,mobile,0,0
9512,2026-02-03 00:35:00,545,23.61,USD,entertainment,digital_wallet,BR,tablet,0,1
9513,2026-02-03 00:40:00,475,18.26,USD,travel,pix,US,mobile,1,1
9514,2026-02-03 00:45:00,416,10.09,USD,utilities,card,BR,mobile,1,0
9515,2026-02-03 00:50:00,633,55.66,USD,entertainment,pix,MX,mobile,1,0
9516,2026-02-03 00:55:00,990,60.06,USD,utilities,pix,BR,mobile,0,0
9517,2026-02-03 01:00:00,406,11.41,USD,online_services,bank_transfer,BR,mobile,1,0
9518,2026-02-03 01:05:00,66,13.1,USD,utilities,bank_transfer,BR,mobile,1,0
9519,2026-02-03 01:10:00,916,37.96,USD,transport,card,PT,desktop,1,0
9520,2026-02-03 01:15:00,933,12.62,USD,online_services,digital_wallet,AR,mobile,1,0
9521,2026-02-03 01:20:00,323,39.59,USD,utilities,card,BR,desktop,0,0
9522,2026-02-03 01:25:00,502,143.75,USD,electronics,card,US,mobile,1,0
9523,2026-02-03 01:30:00,863,31.19,USD,groceries,card,BR,desktop,1,0
9524,2026-02-03 01:35:00,504,9.84,USD,online_services,card,BR,mobile,1,0
9525,2026-02-03 01:40:00,482,49.01,USD,travel,card,BR,mobile,0,0
9526,2026-02-03 01:45:00,922,27.73,USD,electronics,card,MX,mobile,1,0
9527,2026-02-03 01:50:00,829,28.5,USD,travel,card,BR,mobile,0,0
9528,2026-02-03 01:55:00,508,53.27,USD,groceries,card,BR,mobile,0,0
9529,2026-02-03 02:00:00,162,66.09,USD,utilities,digital_wallet,US,mobile,1,0
9530,2026-02-03 02:05:00,439,34.31,USD,restaurants,pix,CL,mobile,1,0
9531,2026-02-03 02:10:00,677,31.17,USD,transport,pix,BR,mobile,0,0
9532,2026-02-03 02:15:00,273,260.74,USD,travel,bank_transfer,AR,mobile,1,0
9533,2026-02-03 02:20:00,538,110.01,USD,entertainment,pix,BR,mobile,1,0
9534,2026-02-03 02:25:00,659,76.21,USD,groceries,card,AR,desktop,1,0
9535,2026-02-03 02:30:00,86,37.76,USD,travel,digital_wallet,BR,mobile,1,0
9536,2026-02-03 02:35:00,570,12.11,USD,restaurants,card,CL,mobile,1,0
9537,2026-02-03 02:40:00,738,102.25,USD,online_services,pix,CO,tablet,1,0
9538,2026-02-03 02:45:00,215,38.26,USD,transport,bank_transfer,BR,mobile,1,0
9539,2026-02-03 02:50:00,549,18.59,USD,electronics,card,BR,mobile,1,0
9540,2026-02-03 02:55:00,710,25.97,USD,travel,card,BR,desktop,0,0
9541,2026-02-03 03:00:00,45,12.6,USD,restaurants,bank_transfer,CO,mobile,1,0
9542,2026-02-03 03:05:00,645,95.33,USD,restaurants,pix,MX,mobile,1,0
9543,2026-02-03 03:10:00,260,65.56,USD,online_services,card,MX,mobile,1,0
9544,2026-02-03 03:15:00,398,39.71,USD,travel,digital_wallet,PT,mobile,1,0
9545,2026-02-03 03:20:00,649,31.73,USD,restaurants,bank_transfer,MX,desktop,0,0
9546,2026-02-03 03:25:00,5,16.77,USD,entertainment,bank_transfer,PT,mobile,1,1
9547,2026-02-03 03:30:00,17,3.94,USD,online_services,card,CL,desktop,0,0
9548,2026-02-03 03:35:00,447,8.06,USD,utilities,bank_transfer,BR,mobile,0,0
9549,2026-02-03 03:40:00,950,15.76,USD,electronics,pix,CL,mobile,1,0
9550,2026-02-03 03:45:00,7,13.56,USD,entertainment,pix,BR,mobile,0,0
9551,2026-02-03 03:50:00,789,44.23,USD,online_services,card,BR,mobile,0,0
9552,2026-02-03 03:55:00,75,74.55,USD,transport,pix,BR,desktop,0,0
9553,2026-02-03 04:00:00,489,29.12,USD,utilities,card,BR,mobile,0,0
9554,2026-02-03 04:05:00,431,135.49,USD,online_services,digital_wallet,CO,mobile,1,0
9555,2026-02-03 04:10:00,469,15.14,USD,transport,pix,BR,mobile,1,0
9556,2026-02-03 04:15:00,82,28.92,USD,online_services,pix,BR,mobile,1,0
9557,2026-02-03 04:20:00,754,31.47,USD,groceries,card,US,mobile,1,0
9558,2026-02-03 04:25:00,276,98.71,USD,transport,card,AR,mobile,1,0
9559,2026-02-03 04:30:00,772,36.81,USD,transport,pix,BR,tablet,1,0
9560,2026-02-03 04:35:00,656,37.85,USD,groceries,bank_transfer,BR,mobile,0,0
9561,2026-02-03 04:40:00,552,6.33,USD,travel,pix,BR,mobile,1,0
9562,2026-02-03 04:45:00,309,13.46,USD,travel,card,US,mobile,1,0
9563,2026-02-03 04:50:00,653,99.08,USD,electronics,pix,BR,mobile,0,0
9564,2026-02-03 04:55:00,998,4.16,USD,utilities,card,US,mobile,1,0
9565,2026-02-03 05:00:00,924,126.85,USD,restaurants,pix,BR,tablet,1,0
9566,2026-02-03 05:05:00,917,54.58,USD,utilities,pix,MX,mobile,0,0
9567,2026-02-03 05:10:00,220,15.68,USD,entertainment,card,BR,mobile,0,0
9568,2026-02-03 05:15:00,586,14.41,USD,online_services,card,AR,mobile,0,0
9569,2026-02-03 05:20:00,398,220.51,USD,groceries,pix,BR,mobile,1,0
9570,2026-02-03 05:25:00,967,135.83,USD,online_services,pix,BR,desktop,0,0
9571,2026-02-03 05:30:00,951,29.39,USD,groceries,card,PT,mobile,1,0
9572,2026-02-03 05:35:00,869,37.89,USD,entertainment,pix,CO,mobile,1,0
9573,2026-02-03 05:40:00,163,17.35,USD,utilities,pix,BR,mobile,1,0
9574,2026-02-03 05:45:00,319,37.89,USD,restaurants,card,CO,desktop,1,0
9575,2026-02-03 05:50:00,712,16.88,USD,groceries,card,BR,mobile,0,0
9576,2026-02-03 05:55:00,750,30.61,USD,groceries,card,US,desktop,1,0
9577,2026-02-03 06:00:00,351,202.42,USD,restaurants,bank_transfer,BR,mobile,1,0
9578,2026-02-03 06:05:00,137,30.1,USD,restaurants,card,BR,mobile,0,0
9579,2026-02-03 06:10:00,137,11.61,USD,online_services,digital_wallet,BR,mobile,0,0
9580,2026-02-03 06:15:00,685,8.45,USD,restaurants,pix,BR,mobile,0,0
9581,2026-02-03 06:20:00,455,37.6,USD,utilities,bank_transfer,US,mobile,1,0
9582,2026-02-03 06:25:00,492,15.47,USD,groceries,digital_wallet,BR,mobile,0,0
9583,2026-02-03 06:30:00,816,42.38,USD,entertainment,card,BR,mobile,0,0
9584,2026-02-03 06:35:00,17,6.56,USD,electronics,pix,MX,mobile,1,0
9585,2026-02-03 06:40:00,755,66.04,USD,travel,card,BR,mobile,1,0
9586,2026-02-03 06:45:00,275,11.47,USD,utilities,card,BR,mobile,1,0
9587,2026-02-03 06:50:00,932,34.68,USD,restaurants,bank_transfer,CL,mobile,1,0
9588,2026-02-03 06:55:00,956,23.61,USD,groceries,card,BR,mobile,1,0
9589,2026-02-03 07:00:00,503,184.64,USD,restaurants,bank_transfer,MX,mobile,1,0
9590,2026-02-03 07:05:00,316,39.31,USD,utilities,bank_transfer,AR,mobile,1,0
9591,2026-02-03 07:10:00,234,231.71,USD,travel,pix,BR,mobile,0,0
9592,2026-02-03 07:15:00,182,58.02,USD,online_services,pix,AR,desktop,1,0
9593,2026-02-03 07:20:00,1000,137.75,USD,utilities,bank_transfer,BR,desktop,0,0
9594,2026-02-03 07:25:00,188,26.88,USD,restaurants,card,AR,mobile,1,0
9595,2026-02-03 07:30:00,447,46.78,USD,groceries,pix,AR,mobile,1,0
9596,2026-02-03 07:35:00,480,112.02,USD,groceries,card,CO,mobile,1,0
9597,2026-02-03 07:40:00,680,81.86,USD,restaurants,card,AR,mobile,1,0
9598,2026-02-03 07:45:00,843,56.32,USD,electronics,card,MX,mobile,1,0
9599,2026-02-03 07:50:00,558,23.86,USD,groceries,card,BR,mobile,1,0
9600,2026-02-03 07:55:00,759,28.25,USD,utilities,card,US,desktop,1,0
9601,2026-02-03 08:00:00,567,103.3,USD,electronics,pix,BR,mobile,0,0
9602,2026-02-03 08:05:00,437,127.22,USD,entertainment,pix,MX,mobile,1,0
9603,2026-02-03 08:10:00,158,18.3,USD,utilities,digital_wallet,AR,mobile,1,0
9604,2026-02-03 08:15:00,209,15.74,USD,groceries,bank_transfer,BR,mobile,0,0
9605,2026-02-03 08:20:00,433,13.41,USD,electronics,bank_transfer,BR,mobile,0,0
9606,2026-02-03 08:25:00,47,75.92,USD,entertainment,digital_wallet,US,mobile,1,0
9607,2026-02-03 08:30:00,317,13.07,USD,online_services,bank_transfer,MX,mobile,1,0
9608,2026-02-03 08:35:00,463,75.01,USD,utilities,card,CO,desktop,1,0
9609,2026-02-03 08:40:00,473,57.15,USD,restaurants,card,BR,mobile,1,0
9610,2026-02-03 08:45:00,815,19.2,USD,transport,card,AR,desktop,1,0
9611,2026-02-03 08:50:00,968,158.2,USD,utilities,card,BR,mobile,0,0
9612,2026-02-03 08:55:00,730,7.67,USD,entertainment,bank_transfer,CL,mobile,1,0
9613,2026-02-03 09:00:00,80,174.08,USD,restaurants,pix,BR,desktop,0,0
9614,2026-02-03 09:05:00,409,45.55,USD,electronics,bank_transfer,MX,mobile,1,0
9615,2026-02-03 09:10:00,730,4.16,USD,online_services,card,CO,desktop,1,0
9616,2026-02-03 09:15:00,595,162.7,USD,restaurants,digital_wallet,BR,mobile,0,0
9617,2026-02-03 09:20:00,458,87.55,USD,transport,card,CL,mobile,1,0
9618,2026-02-03 09:25:00,437,21.58,USD,online_services,card,BR,mobile,0,0
9619,2026-02-03 09:30:00,406,12.62,USD,entertainment,digital_wallet,BR,mobile,1,0
9620,2026-02-03 09:35:00,580,6.9,USD,restaurants,card,BR,mobile,1,0
9621,2026-02-03 09:40:00,179,370.72,USD,transport,pix,BR,desktop,0,0
9622,2026-02-03 09:45:00,518,13.15,USD,utilities,card,BR,desktop,1,0
9623,2026-02-03 09:50:00,206,9.36,USD,transport,bank_transfer,CL,desktop,1,0
9624,2026-02-03 09:55:00,681,43.29,USD,entertainment,pix,CO,desktop,1,0
9625,2026-02-03 10:00:00,865,6.44,USD,electronics,bank_transfer,AR,desktop,1,0
9626,2026-02-03 10:05:00,508,12.41,USD,restaurants,pix,PT,mobile,1,0
9627,2026-02-03 10:10:00,388,89.57,USD,transport,pix,US,desktop,1,0
9628,2026-02-03 10:15:00,941,52.68,USD,entertainment,pix,BR,mobile,1,0
9629,2026-02-03 10:20:00,660,22.5,USD,utilities,pix,AR,tablet,1,0
9630,2026-02-03 10:25:00,429,33.73,USD,groceries,pix,US,mobile,1,0
9631,2026-02-03 10:30:00,29,21.27,USD,online_services,card,BR,mobile,1,0
9632,2026-02-03 10:35:00,16,31.12,USD,restaurants,bank_transfer,BR,mobile,0,0
9633,2026-02-03 10:40:00,222,15.46,USD,entertainment,card,US,desktop,1,0
9634,2026-02-03 10:45:00,237,18.54,USD,transport,card,CO,mobile,1,0
9635,2026-02-03 10:50:00,722,17.98,USD,transport,pix,MX,mobile,1,0
9636,2026-02-03 10:55:00,501,16.02,USD,online_services,pix,US,mobile,1,0
9637,2026-02-03 11:00:00,1000,94.06,USD,entertainment,pix,BR,desktop,0,0
9638,2026-02-03 11:05:00,541,71.53,USD,online_services,digital_wallet,CL,mobile,1,0
9639,2026-02-03 11:10:00,904,13.03,USD,groceries,pix,MX,mobile,1,0
9640,2026-02-03 11:15:00,553,10.03,USD,transport,digital_wallet,BR,mobile,1,0
9641,2026-02-03 11:20:00,359,28.3,USD,groceries,pix,BR,mobile,1,0
9642,2026-02-03 11:25:00,715,285.8,USD,electronics,card,BR,mobile,0,0
9643,2026-02-03 11:30:00,450,11.85,USD,electronics,pix,CO,mobile,1,0
9644,2026-02-03 11:35:00,275,28.18,USD,online_services,card,CL,mobile,1,0
9645,2026-02-03 11:40:00,474,36.19,USD,restaurants,digital_wallet,US,mobile,1,0
9646,2026-02-03 11:45:00,665,29.71,USD,entertainment,card,BR,tablet,1,0
9647,2026-02-03 11:50:00,376,20.94,USD,online_services,card,CL,tablet,1,0
9648,2026-02-03 11:55:00,705,105.12,USD,groceries,pix,BR,mobile,0,0
9649,2026-02-03 12:00:00,981,52.17,USD,electronics,card,US,mobile,1,0
9650,2026-02-03 12:05:00,412,77.15,USD,electronics,card,AR,mobile,1,0
9651,2026-02-03 12:10:00,296,59.7,USD,groceries,card,CO,mobile,1,0
9652,2026-02-03 12:15:00,403,80.96,USD,electronics,bank_transfer,BR,mobile,1,0
9653,2026-02-03 12:20:00,839,161.48,USD,transport,card,BR,mobile,0,0
9654,2026-02-03 12:25:00,179,125.34,USD,transport,pix,BR,tablet,0,0
9655,2026-02-03 12:30:00,974,338.59,USD,restaurants,pix,MX,mobile,1,1
9656,2026-02-03 12:35:00,414,111.87,USD,travel,digital_wallet,BR,mobile,1,0
9657,2026-02-03 12:40:00,842,16.95,USD,electronics,digital_wallet,MX,mobile,1,0
9658,2026-02-03 12:45:00,787,77.27,USD,entertainment,digital_wallet,BR,mobile,0,0
9659,2026-02-03 12:50:00,784,67.39,USD,transport,card,AR,mobile,1,0
9660,2026-02-03 12:55:00,909,225.95,USD,entertainment,pix,BR,mobile,1,0
9661,2026-02-03 13:00:00,185,12.59,USD,travel,bank_transfer,BR,mobile,1,0
9662,2026-02-03 13:05:00,594,57.86,USD,transport,card,AR,mobile,1,0
9663,2026-02-03 13:10:00,100,16.76,USD,utilities,card,BR,tablet,0,0
9664,2026-02-03 13:15:00,300,55.29,USD,entertainment,digital_wallet,BR,mobile,0,0
9665,2026-02-03 13:20:00,41,26.72,USD,travel,card,CL,mobile,1,0
9666,2026-02-03 13:25:00,683,53.49,USD,travel,card,BR,desktop,0,0
9667,2026-02-03 13:30:00,608,8.08,USD,utilities,card,AR,mobile,0,0
9668,2026-02-03 13:35:00,741,73.2,USD,utilities,card,CL,mobile,1,0
9669,2026-02-03 13:40:00,177,40.69,USD,entertainment,digital_wallet,BR,tablet,0,0
9670,2026-02-03 13:45:00,333,38.56,USD,groceries,card,BR,desktop,0,0
9671,2026-02-03 13:50:00,677,232.81,USD,restaurants,card,BR,mobile,0,0
9672,2026-02-03 13:55:00,827,22.59,USD,electronics,card,BR,mobile,0,0
9673,2026-02-03 14:00:00,886,46.63,USD,travel,pix,BR,mobile,0,0
9674,2026-02-03 14:05:00,74,36.61,USD,electronics,bank_transfer,AR,desktop,0,0
9675,2026-02-03 14:10:00,403,40.37,USD,utilities,pix,BR,mobile,1,0
9676,2026-02-03 14:15:00,11,305.46,USD,transport,pix,US,mobile,1,0
9677,2026-02-03 14:20:00,819,35.3,USD,travel,pix,CO,mobile,0,0
9678,2026-02-03 14:25:00,123,18.78,USD,entertainment,card,BR,mobile,0,0
9679,2026-02-03 14:30:00,823,215.06,USD,electronics,card,AR,mobile,0,0
9680,2026-02-03 14:35:00,157,24.34,USD,travel,digital_wallet,BR,mobile,0,0
9681,2026-02-03 14:40:00,16,6.65,USD,entertainment,bank_transfer,BR,mobile,0,0
9682,2026-02-03 14:45:00,879,15.79,USD,electronics,card,PT,mobile,1,0
9683,2026-02-03 14:50:00,439,9.52,USD,online_services,bank_transfer,AR,mobile,1,0
9684,2026-02-03 14:55:00,425,5.47,USD,travel,bank_transfer,BR,mobile,1,0
9685,2026-02-03 15:00:00,647,23.03,USD,utilities,bank_transfer,US,mobile,1,0
9686,2026-02-03 15:05:00,275,30.87,USD,entertainment,bank_transfer,US,desktop,1,0
9687,2026-02-03 15:10:00,691,107.83,USD,utilities,digital_wallet,AR,desktop,1,0
9688,2026-02-03 15:15:00,430,62.14,USD,entertainment,card,CO,mobile,1,0
9689,2026-02-03 15:20:00,273,59.37,USD,travel,card,MX,desktop,1,0
9690,2026-02-03 15:25:00,395,13.56,USD,utilities,digital_wallet,CO,mobile,1,0
9691,2026-02-03 15:30:00,7,80.23,USD,electronics,pix,AR,mobile,1,0
9692,2026-02-03 15:35:00,302,133.12,USD,utilities,pix,MX,mobile,1,0
9693,2026-02-03 15:40:00,592,49.13,USD,travel,card,AR,mobile,0,0
9694,2026-02-03 15:45:00,138,50.53,USD,entertainment,card,BR,mobile,1,0
9695,2026-02-03 15:50:00,119,9.35,USD,restaurants,digital_wallet,BR,mobile,1,0
9696,2026-02-03 15:55:00,656,95.05,USD,restaurants,card,BR,mobile,0,0
9697,2026-02-03 16:00:00,429,196.53,USD,travel,pix,BR,desktop,1,0
9698,2026-02-03 16:05:00,137,45.74,USD,utilities,card,BR,mobile,0,0
9699,2026-02-03 16:10:00,748,18.28,USD,entertainment,digital_wallet,AR,mobile,0,0
9700,2026-02-03 16:15:00,776,28.16,USD,transport,card,US,mobile,1,0
9701,2026-02-03 16:20:00,35,21.75,USD,utilities,digital_wallet,BR,mobile,0,0
9702,2026-02-03 16:25:00,202,23.09,USD,entertainment,card,BR,mobile,0,0
9703,2026-02-03 16:30:00,371,63.31,USD,travel,digital_wallet,MX,mobile,1,0
9704,2026-02-03 16:35:00,732,43.79,USD,online_services,card,BR,mobile,1,0
9705,2026-02-03 16:40:00,75,90.37,USD,utilities,bank_transfer,CO,mobile,1,0
9706,2026-02-03 16:45:00,806,47.99,USD,transport,pix,AR,mobile,0,0
9707,2026-02-03 16:50:00,320,13.96,USD,groceries,card,CL,mobile,1,0
9708,2026-02-03 16:55:00,126,20.07,USD,transport,card,BR,desktop,0,0
9709,2026-02-03 17:00:00,864,18.86,USD,restaurants,bank_transfer,BR,desktop,1,0
9710,2026-02-03 17:05:00,87,27.48,USD,restaurants,pix,CL,mobile,0,0
9711,2026-02-03 17:10:00,130,199.28,USD,travel,card,BR,mobile,0,0
9712,2026-02-03 17:15:00,950,233.9,USD,online_services,card,BR,tablet,1,0
9713,2026-02-03 17:20:00,520,76.45,USD,entertainment,bank_transfer,BR,mobile,1,0
9714,2026-02-03 17:25:00,464,37.29,USD,electronics,pix,CL,desktop,1,0
9715,2026-02-03 17:30:00,688,8.49,USD,restaurants,pix,AR,desktop,1,0
9716,2026-02-03 17:35:00,631,41.26,USD,utilities,pix,CO,mobile,1,0
9717,2026-02-03 17:40:00,614,15.03,USD,travel,card,CO,mobile,1,0
9718,2026-02-03 17:45:00,24,169.11,USD,groceries,card,BR,desktop,1,0
9719,2026-02-03 17:50:00,552,6.65,USD,electronics,card,US,mobile,1,0
9720,2026-02-03 17:55:00,279,48.64,USD,restaurants,digital_wallet,MX,mobile,1,0
9721,2026-02-03 18:00:00,808,13.82,USD,electronics,card,BR,mobile,1,0
9722,2026-02-03 18:05:00,506,32.8,USD,groceries,pix,AR,mobile,0,0
9723,2026-02-03 18:10:00,124,64.46,USD,restaurants,card,BR,mobile,0,0
9724,2026-02-03 18:15:00,887,92.02,USD,utilities,card,US,mobile,1,0
9725,2026-02-03 18:20:00,285,31.17,USD,restaurants,pix,BR,desktop,1,1
9726,2026-02-03 18:25:00,272,70.9,USD,groceries,pix,BR,mobile,0,0
9727,2026-02-03 18:30:00,937,17.07,USD,restaurants,bank_transfer,US,desktop,1,0
9728,2026-02-03 18:35:00,776,42.33,USD,online_services,card,CL,tablet,1,0
9729,2026-02-03 18:40:00,860,90.22,USD,online_services,bank_transfer,BR,mobile,1,0
9730,2026-02-03 18:45:00,663,46.16,USD,entertainment,digital_wallet,CL,tablet,1,0
9731,2026-02-03 18:50:00,911,19.5,USD,utilities,digital_wallet,MX,mobile,1,0
9732,2026-02-03 18:55:00,116,25.05,USD,online_services,card,BR,mobile,0,0
9733,2026-02-03 19:00:00,600,91.44,USD,transport,pix,AR,mobile,1,1
9734,2026-02-03 19:05:00,294,11.11,USD,electronics,digital_wallet,CL,mobile,1,0
9735,2026-02-03 19:10:00,399,12.88,USD,groceries,bank_transfer,AR,desktop,1,0
9736,2026-02-03 19:15:00,238,60.44,USD,travel,card,PT,mobile,1,0
9737,2026-02-03 19:20:00,206,21.35,USD,online_services,bank_transfer,AR,mobile,1,0
9738,2026-02-03 19:25:00,443,7.74,USD,groceries,bank_transfer,CL,desktop,1,0
9739,2026-02-03 19:30:00,919,127.85,USD,entertainment,bank_transfer,MX,tablet,1,1
9740,2026-02-03 19:35:00,636,11.03,USD,electronics,card,BR,desktop,1,0
9741,2026-02-03 19:40:00,350,27.13,USD,online_services,pix,BR,mobile,1,0
9742,2026-02-03 19:45:00,434,17.82,USD,travel,pix,PT,mobile,1,0
9743,2026-02-03 19:50:00,530,24.59,USD,electronics,card,CO,mobile,0,0
9744,2026-02-03 19:55:00,245,13.67,USD,groceries,bank_transfer,BR,mobile,0,0
9745,2026-02-03 20:00:00,522,67.65,USD,travel,card,BR,desktop,1,0
9746,2026-02-03 20:05:00,696,37.0,USD,online_services,card,BR,mobile,1,0
9747,2026-02-03 20:10:00,244,88.56,USD,groceries,bank_transfer,BR,desktop,1,0
9748,2026-02-03 20:15:00,585,18.01,USD,groceries,card,BR,mobile,0,0
9749,2026-02-03 20:20:00,709,279.51,USD,online_services,card,AR,mobile,0,0
9750,2026-02-03 20:25:00,520,4.93,USD,transport,bank_transfer,BR,mobile,1,0
9751,2026-02-03 20:30:00,292,6.79,USD,travel,bank_transfer,CL,mobile,1,0
9752,2026-02-03 20:35:00,555,191.16,USD,travel,bank_transfer,PT,desktop,1,0
9753,2026-02-03 20:40:00,794,53.2,USD,electronics,card,PT,mobile,1,0
9754,2026-02-03 20:45:00,222,46.59,USD,electronics,pix,MX,desktop,1,0
9755,2026-02-03 20:50:00,575,50.97,USD,entertainment,card,BR,desktop,1,0
9756,2026-02-03 20:55:00,681,58.63,USD,restaurants,card,AR,mobile,0,0
9757,2026-02-03 21:00:00,322,44.69,USD,restaurants,card,AR,mobile,1,0
9758,2026-02-03 21:05:00,388,12.61,USD,online_services,pix,BR,mobile,1,0
9759,2026-02-03 21:10:00,889,75.05,USD,groceries,pix,US,mobile,1,0
9760,2026-02-03 21:15:00,364,64.11,USD,restaurants,card,CL,mobile,1,0
9761,2026-02-03 21:20:00,599,138.16,USD,entertainment,bank_transfer,CL,mobile,1,0
9762,2026-02-03 21:25:00,150,193.3,USD,travel,digital_wallet,BR,desktop,0,0
9763,2026-02-03 21:30:00,926,46.08,USD,transport,card,BR,desktop,1,0
9764,2026-02-03 21:35:00,597,9.7,USD,groceries,bank_transfer,US,mobile,1,0
9765,2026-02-03 21:40:00,761,194.91,USD,transport,pix,BR,mobile,1,0
9766,2026-02-03 21:45:00,603,11.96,USD,groceries,pix,BR,mobile,0,0
9767,2026-02-03 21:50:00,356,46.43,USD,travel,pix,CL,mobile,1,0
9768,2026-02-03 21:55:00,341,25.62,USD,electronics,pix,CO,mobile,1,0
9769,2026-02-03 22:00:00,702,21.53,USD,online_services,card,BR,mobile,0,0
9770,2026-02-03 22:05:00,860,71.12,USD,utilities,pix,BR,tablet,1,0
9771,2026-02-03 22:10:00,128,42.29,USD,electronics,card,MX,mobile,1,0
9772,2026-02-03 22:15:00,846,55.33,USD,travel,card,US,mobile,1,0
9773,2026-02-03 22:20:00,831,14.65,USD,entertainment,pix,AR,desktop,1,0
9774,2026-02-03 22:25:00,110,27.82,USD,transport,card,MX,mobile,1,0
9775,2026-02-03 22:30:00,109,15.34,USD,travel,pix,BR,mobile,0,0
9776,2026-02-03 22:35:00,696,27.14,USD,groceries,pix,CO,mobile,1,0
9777,2026-02-03 22:40:00,843,29.41,USD,online_services,card,AR,mobile,1,0
9778,2026-02-03 22:45:00,394,209.41,USD,online_services,bank_transfer,MX,mobile,1,0
9779,2026-02-03 22:50:00,641,25.55,USD,online_services,card,CO,desktop,0,0
9780,2026-02-03 22:55:00,1000,3.95,USD,restaurants,pix,BR,mobile,0,0
9781,2026-02-03 23:00:00,323,133.63,USD,utilities,card,BR,mobile,0,0
9782,2026-02-03 23:05:00,226,51.9,USD,travel,card,MX,mobile,0,0
9783,2026-02-03 23:10:00,992,29.05,USD,online_services,bank_transfer,BR,desktop,0,0
9784,2026-02-03 23:15:00,281,21.39,USD,groceries,digital_wallet,CL,mobile,1,0
9785,2026-02-03 23:20:00,473,12.85,USD,electronics,card,AR,tablet,1,0
9786,2026-02-03 23:25:00,443,229.99,USD,groceries,card,BR,desktop,0,0
9787,2026-02-03 23:30:00,524,34.88,USD,online_services,pix,CL,mobile,1,0
9788,2026-02-03 23:35:00,269,5.83,USD,restaurants,card,AR,mobile,1,0
9789,2026-02-03 23:40:00,680,45.96,USD,groceries,bank_transfer,US,mobile,1,1
9790,2026-02-03 23:45:00,692,110.63,USD,groceries,card,BR,mobile,1,0
9791,2026-02-03 23:50:00,201,38.72,USD,online_services,card,BR,mobile,1,0
9792,2026-02-03 23:55:00,481,13.44,USD,travel,card,BR,mobile,1,0
9793,2026-02-04 00:00:00,58,12.29,USD,groceries,card,BR,mobile,1,0
9794,2026-02-04 00:05:00,221,13.23,USD,electronics,bank_transfer,CL,tablet,0,0
9795,2026-02-04 00:10:00,988,151.66,USD,electronics,pix,BR,mobile,0,0
9796,2026-02-04 00:15:00,507,30.83,USD,utilities,card,BR,mobile,1,0
9797,2026-02-04 00:20:00,623,6.18,USD,restaurants,card,PT,mobile,1,0
9798,2026-02-04 00:25:00,889,48.62,USD,groceries,card,BR,mobile,0,0
9799,2026-02-04 00:30:00,714,38.13,USD,entertainment,pix,BR,tablet,1,0
9800,2026-02-04 00:35:00,793,21.14,USD,electronics,pix,US,mobile,1,0
9801,2026-02-04 00:40:00,713,11.94,USD,groceries,card,CL,mobile,1,0
9802,2026-02-04 00:45:00,499,11.43,USD,electronics,bank_transfer,BR,mobile,1,0
9803,2026-02-04 00:50:00,633,98.16,USD,electronics,pix,PT,desktop,1,0
9804,2026-02-04 00:55:00,289,42.42,USD,restaurants,digital_wallet,AR,mobile,1,0
9805,2026-02-04 01:00:00,891,53.44,USD,restaurants,pix,BR,mobile,1,0
9806,2026-02-04 01:05:00,180,42.3,USD,groceries,card,BR,mobile,0,0
9807,2026-02-04 01:10:00,885,45.96,USD,utilities,card,US,mobile,1,0
9808,2026-02-04 01:15:00,879,20.73,USD,groceries,digital_wallet,BR,mobile,0,0
9809,2026-02-04 01:20:00,143,26.96,USD,travel,card,MX,mobile,1,0
9810,2026-02-04 01:25:00,711,106.16,USD,groceries,card,BR,mobile,0,0
9811,2026-02-04 01:30:00,990,136.26,USD,utilities,pix,BR,mobile,0,0
9812,2026-02-04 01:35:00,573,9.76,USD,electronics,pix,US,mobile,1,0
9813,2026-02-04 01:40:00,341,26.89,USD,online_services,pix,PT,desktop,1,0
9814,2026-02-04 01:45:00,880,76.65,USD,groceries,pix,BR,mobile,0,0
9815,2026-02-04 01:50:00,513,217.47,USD,transport,card,BR,mobile,0,0
9816,2026-02-04 01:55:00,122,196.76,USD,electronics,pix,CO,mobile,1,0
9817,2026-02-04 02:00:00,250,14.94,USD,groceries,bank_transfer,AR,mobile,0,0
9818,2026-02-04 02:05:00,683,118.52,USD,electronics,card,BR,mobile,0,0
9819,2026-02-04 02:10:00,456,35.12,USD,electronics,card,BR,tablet,0,0
9820,2026-02-04 02:15:00,217,94.11,USD,electronics,digital_wallet,US,mobile,1,0
9821,2026-02-04 02:20:00,800,72.84,USD,travel,card,BR,mobile,1,0
9822,2026-02-04 02:25:00,121,9.36,USD,restaurants,pix,BR,mobile,1,0
9823,2026-02-04 02:30:00,220,57.4,USD,restaurants,card,BR,mobile,0,0
9824,2026-02-04 02:35:00,466,90.53,USD,electronics,pix,BR,mobile,1,0
9825,2026-02-04 02:40:00,40,32.45,USD,entertainment,pix,AR,mobile,1,0
9826,2026-02-04 02:45:00,388,25.89,USD,electronics,bank_transfer,BR,mobile,1,0
9827,2026-02-04 02:50:00,910,6.88,USD,electronics,card,CL,desktop,1,0
9828,2026-02-04 02:55:00,942,65.6,USD,online_services,card,BR,mobile,0,0
9829,2026-02-04 03:00:00,872,40.8,USD,entertainment,pix,BR,desktop,1,0
9830,2026-02-04 03:05:00,324,13.17,USD,groceries,card,US,mobile,1,0
9831,2026-02-04 03:10:00,65,23.91,USD,transport,pix,AR,desktop,1,0
9832,2026-02-04 03:15:00,815,38.65,USD,groceries,pix,BR,mobile,0,0
9833,2026-02-04 03:20:00,374,18.94,USD,online_services,bank_transfer,BR,mobile,0,0
9834,2026-02-04 03:25:00,749,33.2,USD,utilities,card,AR,mobile,1,0
9835,2026-02-04 03:30:00,120,5.75,USD,electronics,card,MX,mobile,1,0
9836,2026-02-04 03:35:00,668,127.67,USD,transport,bank_transfer,CL,desktop,1,0
9837,2026-02-04 03:40:00,587,33.65,USD,entertainment,pix,MX,mobile,1,0
9838,2026-02-04 03:45:00,921,11.03,USD,restaurants,card,BR,mobile,1,0
9839,2026-02-04 03:50:00,102,2.83,USD,utilities,digital_wallet,PT,mobile,1,0
9840,2026-02-04 03:55:00,408,92.68,USD,utilities,pix,BR,mobile,0,0
9841,2026-02-04 04:00:00,990,57.86,USD,restaurants,pix,BR,mobile,0,0
9842,2026-02-04 04:05:00,390,40.88,USD,travel,bank_transfer,AR,desktop,1,0
9843,2026-02-04 04:10:00,659,78.54,USD,restaurants,pix,BR,desktop,0,0
9844,2026-02-04 04:15:00,161,78.33,USD,travel,card,BR,desktop,1,0
9845,2026-02-04 04:20:00,729,40.22,USD,entertainment,card,BR,mobile,1,0
9846,2026-02-04 04:25:00,276,25.68,USD,groceries,pix,CO,mobile,1,0
9847,2026-02-04 04:30:00,573,21.82,USD,online_services,pix,CO,mobile,1,0
9848,2026-02-04 04:35:00,880,50.45,USD,transport,pix,CL,desktop,1,0
9849,2026-02-04 04:40:00,662,133.89,USD,electronics,pix,BR,mobile,1,0
9850,2026-02-04 04:45:00,475,29.88,USD,transport,card,BR,mobile,1,0
9851,2026-02-04 04:50:00,191,144.96,USD,online_services,pix,MX,mobile,1,0
9852,2026-02-04 04:55:00,342,48.09,USD,utilities,card,AR,mobile,1,0
9853,2026-02-04 05:00:00,850,48.46,USD,online_services,bank_transfer,AR,mobile,0,0
9854,2026-02-04 05:05:00,217,366.91,USD,electronics,pix,BR,mobile,0,0
9855,2026-02-04 05:10:00,657,172.89,USD,travel,pix,BR,desktop,1,0
9856,2026-02-04 05:15:00,485,177.44,USD,travel,pix,BR,mobile,0,0
9857,2026-02-04 05:20:00,321,14.92,USD,restaurants,card,CL,mobile,1,0
9858,2026-02-04 05:25:00,717,296.54,USD,online_services,pix,MX,mobile,1,0
9859,2026-02-04 05:30:00,363,30.5,USD,utilities,card,PT,mobile,1,0
9860,2026-02-04 05:35:00,287,26.38,USD,online_services,pix,BR,mobile,0,1
9861,2026-02-04 05:40:00,530,3.82,USD,electronics,card,AR,mobile,1,0
9862,2026-02-04 05:45:00,758,45.89,USD,restaurants,pix,CO,mobile,1,0
9863,2026-02-04 05:50:00,865,11.21,USD,restaurants,card,BR,mobile,1,0
9864,2026-02-04 05:55:00,630,49.81,USD,travel,card,AR,mobile,0,0
9865,2026-02-04 06:00:00,662,10.37,USD,utilities,pix,CL,mobile,0,0
9866,2026-02-04 06:05:00,788,199.88,USD,entertainment,pix,BR,desktop,0,0
9867,2026-02-04 06:10:00,270,57.49,USD,entertainment,card,BR,mobile,0,0
9868,2026-02-04 06:15:00,251,323.72,USD,utilities,pix,BR,mobile,1,0
9869,2026-02-04 06:20:00,484,11.91,USD,utilities,bank_transfer,AR,mobile,1,0
9870,2026-02-04 06:25:00,632,155.89,USD,online_services,pix,BR,mobile,1,0
9871,2026-02-04 06:30:00,646,5.46,USD,transport,pix,BR,mobile,1,0
9872,2026-02-04 06:35:00,154,40.78,USD,entertainment,card,BR,desktop,0,0
9873,2026-02-04 06:40:00,781,17.61,USD,transport,card,MX,mobile,1,0
9874,2026-02-04 06:45:00,364,21.16,USD,entertainment,card,US,mobile,1,0
9875,2026-02-04 06:50:00,878,19.76,USD,groceries,digital_wallet,US,tablet,1,0
9876,2026-02-04 06:55:00,725,13.27,USD,groceries,card,MX,mobile,1,0
9877,2026-02-04 07:00:00,983,9.4,USD,restaurants,card,BR,mobile,0,0
9878,2026-02-04 07:05:00,632,21.28,USD,travel,card,BR,mobile,1,0
9879,2026-02-04 07:10:00,528,37.19,USD,online_services,bank_transfer,AR,mobile,1,0
9880,2026-02-04 07:15:00,188,106.03,USD,travel,card,AR,desktop,1,0
9881,2026-02-04 07:20:00,399,44.49,USD,travel,bank_transfer,CO,mobile,1,0
9882,2026-02-04 07:25:00,859,106.33,USD,entertainment,card,BR,mobile,0,0
9883,2026-02-04 07:30:00,383,7.55,USD,online_services,bank_transfer,US,mobile,1,0
9884,2026-02-04 07:35:00,54,21.48,USD,travel,bank_transfer,BR,tablet,1,0
9885,2026-02-04 07:40:00,246,67.42,USD,entertainment,card,AR,mobile,1,0
9886,2026-02-04 07:45:00,596,46.67,USD,electronics,digital_wallet,US,mobile,1,0
9887,2026-02-04 07:50:00,630,14.0,USD,online_services,digital_wallet,AR,tablet,0,0
9888,2026-02-04 07:55:00,984,84.27,USD,electronics,card,CO,mobile,1,0
9889,2026-02-04 08:00:00,934,19.47,USD,online_services,pix,CO,mobile,1,0
9890,2026-02-04 08:05:00,532,15.22,USD,online_services,pix,MX,mobile,1,0
9891,2026-02-04 08:10:00,555,53.89,USD,online_services,bank_transfer,MX,desktop,1,0
9892,2026-02-04 08:15:00,801,33.32,USD,transport,pix,BR,mobile,0,0
9893,2026-02-04 08:20:00,49,19.63,USD,transport,pix,BR,tablet,0,0
9894,2026-02-04 08:25:00,596,18.98,USD,utilities,card,MX,mobile,1,0
9895,2026-02-04 08:30:00,475,11.36,USD,online_services,bank_transfer,AR,mobile,0,0
9896,2026-02-04 08:35:00,784,22.29,USD,travel,card,CL,desktop,0,0
9897,2026-02-04 08:40:00,801,99.49,USD,utilities,pix,BR,mobile,0,0
9898,2026-02-04 08:45:00,656,42.29,USD,electronics,card,BR,mobile,0,0
9899,2026-02-04 08:50:00,658,86.37,USD,utilities,bank_transfer,AR,desktop,1,0
9900,2026-02-04 08:55:00,692,55.48,USD,electronics,bank_transfer,PT,tablet,1,0
9901,2026-02-04 09:00:00,581,17.95,USD,travel,card,BR,desktop,1,0
9902,2026-02-04 09:05:00,228,6.37,USD,travel,bank_transfer,BR,mobile,0,0
9903,2026-02-04 09:10:00,285,13.11,USD,utilities,bank_transfer,BR,mobile,1,0
9904,2026-02-04 09:15:00,742,16.92,USD,utilities,card,AR,mobile,1,0
9905,2026-02-04 09:20:00,619,15.66,USD,utilities,card,BR,mobile,1,0
9906,2026-02-04 09:25:00,238,88.32,USD,groceries,card,CL,mobile,0,0
9907,2026-02-04 09:30:00,878,87.41,USD,restaurants,card,BR,mobile,1,0
9908,2026-02-04 09:35:00,981,302.44,USD,online_services,bank_transfer,BR,mobile,1,0
9909,2026-02-04 09:40:00,627,15.43,USD,restaurants,card,BR,mobile,0,0
9910,2026-02-04 09:45:00,228,163.6,USD,utilities,pix,BR,mobile,0,0
9911,2026-02-04 09:50:00,939,162.6,USD,entertainment,card,MX,desktop,1,0
9912,2026-02-04 09:55:00,237,26.25,USD,transport,card,US,desktop,1,0
9913,2026-02-04 10:00:00,433,53.17,USD,groceries,pix,CO,mobile,1,0
9914,2026-02-04 10:05:00,859,114.52,USD,groceries,card,US,desktop,1,0
9915,2026-02-04 10:10:00,521,31.22,USD,online_services,bank_transfer,BR,desktop,0,0
9916,2026-02-04 10:15:00,243,28.89,USD,groceries,card,US,desktop,1,0
9917,2026-02-04 10:20:00,81,17.68,USD,entertainment,pix,AR,desktop,1,0
9918,2026-02-04 10:25:00,361,3.13,USD,restaurants,pix,CO,mobile,1,0
9919,2026-02-04 10:30:00,673,35.53,USD,electronics,pix,CL,desktop,1,0
9920,2026-02-04 10:35:00,715,16.28,USD,groceries,pix,BR,mobile,0,0
9921,2026-02-04 10:40:00,223,11.3,USD,entertainment,card,BR,tablet,0,0
9922,2026-02-04 10:45:00,159,50.51,USD,groceries,bank_transfer,BR,mobile,1,0
9923,2026-02-04 10:50:00,702,7.76,USD,entertainment,pix,BR,mobile,0,0
9924,2026-02-04 10:55:00,160,74.15,USD,online_services,bank_transfer,AR,mobile,1,0
9925,2026-02-04 11:00:00,65,53.71,USD,entertainment,card,PT,mobile,1,0
9926,2026-02-04 11:05:00,487,22.19,USD,entertainment,card,BR,mobile,1,0
9927,2026-02-04 11:10:00,571,31.08,USD,online_services,card,AR,mobile,0,0
9928,2026-02-04 11:15:00,244,10.07,USD,utilities,card,AR,mobile,1,0
9929,2026-02-04 11:20:00,212,70.13,USD,entertainment,card,BR,mobile,0,0
9930,2026-02-04 11:25:00,236,39.94,USD,travel,card,BR,desktop,0,0
9931,2026-02-04 11:30:00,343,43.03,USD,electronics,card,BR,desktop,1,0
9932,2026-02-04 11:35:00,10,54.7,USD,travel,card,AR,mobile,0,0
9933,2026-02-04 11:40:00,12,17.42,USD,groceries,card,BR,desktop,0,0
9934,2026-02-04 11:45:00,371,7.25,USD,online_services,bank_transfer,BR,mobile,0,0
9935,2026-02-04 11:50:00,20,86.26,USD,online_services,digital_wallet,BR,desktop,1,0
9936,2026-02-04 11:55:00,319,65.94,USD,transport,card,MX,mobile,1,0
9937,2026-02-04 12:00:00,581,19.39,USD,utilities,card,MX,mobile,1,0
9938,2026-02-04 12:05:00,32,49.85,USD,entertainment,card,BR,mobile,1,0
9939,2026-02-04 12:10:00,618,116.51,USD,utilities,bank_transfer,CL,desktop,1,0
9940,2026-02-04 12:15:00,622,103.41,USD,online_services,digital_wallet,US,desktop,1,0
9941,2026-02-04 12:20:00,574,18.83,USD,entertainment,card,BR,mobile,1,0
9942,2026-02-04 12:25:00,627,7.47,USD,online_services,card,BR,mobile,0,0
9943,2026-02-04 12:30:00,810,8.87,USD,transport,card,BR,desktop,1,0
9944,2026-02-04 12:35:00,71,24.25,USD,electronics,card,BR,tablet,0,0
9945,2026-02-04 12:40:00,169,142.92,USD,restaurants,card,MX,mobile,1,0
9946,2026-02-04 12:45:00,318,15.98,USD,utilities,pix,MX,mobile,1,0
9947,2026-02-04 12:50:00,689,18.24,USD,transport,card,AR,mobile,1,0
9948,2026-02-04 12:55:00,873,17.87,USD,travel,card,BR,mobile,0,0
9949,2026-02-04 13:00:00,919,19.46,USD,restaurants,pix,MX,desktop,1,0
9950,2026-02-04 13:05:00,583,32.75,USD,transport,bank_transfer,BR,mobile,1,0
9951,2026-02-04 13:10:00,411,9.21,USD,entertainment,card,BR,mobile,1,0
9952,2026-02-04 13:15:00,412,97.94,USD,transport,bank_transfer,BR,mobile,0,0
9953,2026-02-04 13:20:00,60,28.65,USD,travel,card,US,mobile,1,0
9954,2026-02-04 13:25:00,466,395.1,USD,electronics,card,CO,desktop,1,0
9955,2026-02-04 13:30:00,513,10.24,USD,travel,card,CL,mobile,1,0
9956,2026-02-04 13:35:00,209,162.37,USD,transport,card,CO,mobile,1,0
9957,2026-02-04 13:40:00,768,133.13,USD,electronics,card,BR,mobile,0,0
9958,2026-02-04 13:45:00,812,21.94,USD,groceries,pix,BR,mobile,0,0
9959,2026-02-04 13:50:00,303,22.31,USD,travel,bank_transfer,MX,mobile,1,0
9960,2026-02-04 13:55:00,915,13.18,USD,groceries,card,US,mobile,1,0
9961,2026-02-04 14:00:00,108,13.33,USD,entertainment,card,AR,mobile,1,0
9962,2026-02-04 14:05:00,911,33.1,USD,utilities,card,BR,mobile,0,0
9963,2026-02-04 14:10:00,769,33.81,USD,electronics,card,PT,mobile,1,0
9964,2026-02-04 14:15:00,224,6.67,USD,online_services,bank_transfer,BR,desktop,0,0
9965,2026-02-04 14:20:00,651,328.16,USD,electronics,card,BR,mobile,0,0
9966,2026-02-04 14:25:00,311,25.55,USD,utilities,pix,BR,mobile,0,0
9967,2026-02-04 14:30:00,800,35.36,USD,travel,pix,BR,mobile,1,0
9968,2026-02-04 14:35:00,161,17.7,USD,travel,bank_transfer,CL,mobile,1,0
9969,2026-02-04 14:40:00,245,25.36,USD,electronics,card,CL,mobile,1,0
9970,2026-02-04 14:45:00,308,23.15,USD,online_services,card,BR,desktop,1,0
9971,2026-02-04 14:50:00,200,33.02,USD,entertainment,card,BR,mobile,0,0
9972,2026-02-04 14:55:00,333,32.64,USD,electronics,pix,AR,mobile,1,0
9973,2026-02-04 15:00:00,603,74.06,USD,utilities,pix,BR,desktop,0,0
9974,2026-02-04 15:05:00,634,41.56,USD,electronics,pix,BR,mobile,0,0
9975,2026-02-04 15:10:00,554,66.97,USD,online_services,card,BR,mobile,1,0
9976,2026-02-04 15:15:00,190,32.79,USD,electronics,card,US,mobile,1,0
9977,2026-02-04 15:20:00,203,41.73,USD,utilities,pix,PT,mobile,1,0
9978,2026-02-04 15:25:00,920,26.02,USD,transport,card,BR,mobile,1,0
9979,2026-02-04 15:30:00,252,90.3,USD,travel,digital_wallet,CL,desktop,1,0
9980,2026-02-04 15:35:00,104,45.72,USD,travel,bank_transfer,US,mobile,1,0
9981,2026-02-04 15:40:00,454,28.27,USD,travel,card,BR,mobile,1,0
9982,2026-02-04 15:45:00,7,27.44,USD,electronics,pix,US,mobile,1,0
9983,2026-02-04 15:50:00,343,29.69,USD,groceries,card,AR,mobile,0,0
9984,2026-02-04 15:55:00,855,34.14,USD,online_services,digital_wallet,AR,desktop,1,0
9985,2026-02-04 16:00:00,268,31.3,USD,restaurants,pix,AR,mobile,1,0
9986,2026-02-04 16:05:00,704,18.94,USD,restaurants,card,BR,desktop,1,0
9987,2026-02-04 16:10:00,490,71.16,USD,utilities,pix,MX,mobile,1,0
9988,2026-02-04 16:15:00,356,75.8,USD,groceries,card,CO,desktop,1,0
9989,2026-02-04 16:20:00,662,197.13,USD,utilities,card,BR,mobile,1,0
9990,2026-02-04 16:25:00,596,18.11,USD,transport,card,AR,mobile,1,0
9991,2026-02-04 16:30:00,319,64.49,USD,entertainment,card,PT,desktop,1,0
9992,2026-02-04 16:35:00,224,4.91,USD,restaurants,card,US,mobile,1,0
9993,2026-02-04 16:40:00,917,75.87,USD,entertainment,digital_wallet,CL,desktop,1,0
9994,2026-02-04 16:45:00,169,7.72,USD,online_services,pix,BR,mobile,1,0
9995,2026-02-04 16:50:00,960,12.37,USD,travel,bank_transfer,BR,mobile,0,0
9996,2026-02-04 16:55:00,472,46.17,USD,travel,card,BR,mobile,0,0
9997,2026-02-04 17:00:00,997,17.79,USD,travel,bank_transfer,MX,mobile,1,0
9998,2026-02-04 17:05:00,354,15.51,USD,transport,pix,CO,desktop,1,0
9999,2026-02-04 17:10:00,566,20.39,USD,travel,pix,US,mobile,1,1
10000,2026-02-04 17:15:00,616,68.69,USD,entertainment,bank_transfer,BR,desktop,0,0
